Hole_ID,X,Y
WE-1775,764500,9622020
WE-1777,764500,9621970
WE-1776,764500,9621920
WE-1779,764500,9621870
WE-1778,764500,9621820
WE-1781,764500,9621770
WE-1780,764500,9621720
WE-1768,764500,9621670
WE-1767,764500,9621620
WE-1770,764500,9621570
WE-1769,764500,9621520
WE-1772,764500,9621470
WE-1771,764500,9621420
WE-1774,764500,9621370
WE-1773,764500,9621320
WE-1791,764500,9621270
WE-1790,764500,9621235
WE-1793,764550,9622020
WE-1792,764550,9621970
WE-1795,764550,9621920
WE-1794,764550,9621870
WE-1797,764550,9621820
WE-1796,764550,9621770
WE-1783,764550,9621720
WE-1782,764550,9621670
WE-1785,764550,9621620
WE-1784,764550,9621570
WE-1787,764550,9621520
WE-1786,764550,9621470
WE-1789,764550,9621420
WE-1788,764550,9621370
WE-1744,764550,9621320
WE-1743,764550,9621270
WE-1746,764550,9621235
WE-1745,764600,9622020
WE-1748,764600,9621970
WE-1747,764600,9621920
WE-1750,764600,9621870
WE-1749,764600,9621820
WE-1736,764600,9621770
WE-1735,764600,9621720
WE-1738,764600,9621670
WE-1737,764600,9621620
WE-1740,764600,9621570
WE-1739,764600,9621520
WE-1742,764600,9621470
WE-1741,764600,9621420
WE-1760,764600,9621370
WE-1759,764600,9621320
WE-1762,764600,9621270
WE-1761,764600,9621235
WE-1764,764650,9622020
WE-1763,764650,9621970
WE-1766,764650,9621920
WE-1765,764650,9621870
WE-1752,764650,9621820
WE-1751,764650,9621770
WE-1754,764650,9621720
WE-1753,764650,9621670
WE-1756,764650,9621620
WE-1755,764650,9621570
WE-1758,764650,9621520
WE-1757,764650,9621470
WE-1712,764650,9621420
WE-1711,764650,9621370
WE-1714,764650,9621320
WE-1713,764650,9621270
WE-1716,764650,9621235
WE-1715,764700,9622020
WE-1718,764700,9621970
WE-1717,764700,9621920
WE-1704,764700,9621870
WE-1703,764700,9621820
WE-1706,764700,9621770
WE-1705,764700,9621720
WE-1708,764700,9621670
WE-1707,764700,9621620
WE-1710,764700,9621570
WE-1709,764700,9621520
WE-1728,764700,9621470
WE-1727,764700,9621420
WE-1730,764700,9621370
WE-1729,764700,9621320
WE-1732,764700,9621270
WE-1731,764700,9621235
WE-1734,764750,9622020
WE-1733,764750,9621970
WE-1720,764750,9621920
WE-1719,764750,9621870
WE-1722,764750,9621820
WE-1721,764750,9621770
WE-1724,764750,9621720
WE-1723,764750,9621670
WE-1726,764750,9621620
WE-1725,764750,9621570
WE-1680,764750,9621520
WE-1679,764750,9621470
WE-1682,764750,9621420
WE-1681,764750,9621370
WE-1684,764750,9621320
WE-1683,764750,9621270
WE-1686,764750,9621235
WE-1685,764800,9622020
WE-1672,764800,9621970
WE-1671,764800,9621920
WE-1674,764800,9621870
WE-1673,764800,9621820
WE-1676,764800,9621770
WE-1675,764800,9621720
WE-1678,764800,9621670
WE-1677,764800,9621620
WE-1696,764800,9621570
WE-1695,764800,9621520
WE-1698,764800,9621470
WE-1697,764800,9621420
WE-1700,764800,9621370
WE-1699,764800,9621320
WE-1702,764800,9621270
WE-1701,764802,9621220
WE-1688,764803,9621170
WE-1687,764803,9621120
WE-1690,764803,9621070
WE-1689,764803,9621020
WE-1692,764803,9620970
WE-1691,764803,9620920
WE-1694,764803,9620870
WE-1693,764803,9620820
WE-1648,764803,9620770
WE-1647,764803,9620720
WE-1650,764803,9620670
WE-1649,764803,9620620
WE-1652,764803,9620570
WE-1651,764803,9620520
WE-1654,764803,9620470
WE-1653,764803,9620420
WE-1640,764803,9620370
WE-1639,764803,9620320
WE-1642,764803,9620270
WE-1641,764803,9620220
WE-1644,764803,9620170
WE-1643,764803,9620120
WE-1646,764803,9620070
WE-1645,764803,9620020
WE-1664,764803,9619972
WE-1663,764850,9622020
WE-1666,764850,9621970
WE-1665,764850,9621920
WE-1668,764850,9621870
WE-1667,764850,9621820
WE-1670,764850,9621770
WE-1669,764850,9621720
WE-1656,764850,9621670
WE-1655,764850,9621620
WE-1658,764850,9621570
WE-1657,764850,9621520
WE-1660,764850,9621470
WE-1659,764850,9621420
WE-1662,764850,9621370
WE-1661,764850,9621320
WE-1616,764850,9621270
WE-1615,764850,9621220
WE-1618,764850,9621170
WE-1617,764850,9621120
WE-1620,764850,9621070
WE-1619,764850,9621020
WE-1622,764850,9620970
WE-1621,764850,9620920
WE-1608,764850,9620870
WE-1607,764850,9620820
WE-1610,764850,9620770
WE-1609,764850,9620720
WE-1612,764850,9620670
WE-1611,764850,9620620
WE-1614,764850,9620570
WE-1613,764850,9620520
WE-1632,764850,9620470
WE-1631,764850,9620420
WE-1634,764850,9620370
WE-1633,764850,9620320
WE-1636,764850,9620270
WE-1635,764850,9620220
WE-1638,764850,9620170
WE-1637,764850,9620120
WE-1624,764850,9620070
WE-1623,764850,9620020
WE-1626,764850,9619972
WE-1625,764900,9622020
WE-1628,764900,9621970
WE-1627,764900,9621920
WE-1630,764900,9621870
WE-1629,764900,9621820
WE-1584,764900,9621770
WE-1583,764900,9621720
WE-1586,764900,9621670
WE-1585,764900,9621620
WE-1588,764900,9621570
WE-1587,764900,9621520
WE-1590,764900,9621470
WE-1589,764900,9621420
WE-1576,764900,9621370
WE-1575,764900,9621320
WE-1578,764900,9621270
WE-1577,764900,9621220
WE-1580,764900,9621170
WE-1579,764900,9621120
WE-1582,764900,9621070
WE-1581,764900,9621020
WE-1600,764900,9620970
WE-1599,764900,9620920
WE-1602,764900,9620870
WE-1601,764900,9620820
WE-1604,764900,9620770
WE-1603,764900,9620720
WE-1606,764900,9620670
WE-1605,764900,9620620
WE-1592,764900,9620570
WE-1591,764900,9620520
WE-1594,764900,9620470
WE-1593,764900,9620420
WE-1596,764900,9620370
WE-1595,764900,9620320
WE-1598,764900,9620270
WE-1597,764900,9620220
WE-1552,764900,9620170
WE-1551,764900,9620120
WE-1554,764900,9620070
WE-1553,764900,9620020
WE-1556,764900,9619972
WE-1555,764950,9622020
WE-1558,764950,9621970
WE-1557,764950,9621920
WE-1544,764950,9621870
WE-1543,764950,9621820
WE-1546,764950,9621770
WE-1545,764950,9621720
WE-1548,764950,9621670
WE-1547,764950,9621620
WE-1550,764950,9621570
WE-1549,764950,9621520
WE-1568,764950,9621470
WE-1567,764950,9621420
WE-1570,764950,9621370
WE-1569,764950,9621320
WE-1572,764950,9621270
WE-1571,764950,9621220
WE-1574,764950,9621170
WE-1573,764950,9621120
WE-1560,764950,9621070
WE-1559,764950,9621020
WE-1562,764950,9620970
WE-1561,764950,9620920
WE-1564,764950,9620870
WE-1563,764950,9620820
WE-1566,764950,9620770
WE-1565,764950,9620720
WE-1520,764950,9620670
WE-1519,764950,9620620
WE-1522,764950,9620570
WE-1521,764950,9620520
WE-1524,764950,9620470
WE-1523,764950,9620420
WE-1526,764950,9620370
WE-1525,764950,9620320
WE-1512,764950,9620270
WE-1511,764950,9620220
WE-1514,764950,9620170
WE-1513,764950,9620120
WE-1516,764950,9620070
WE-1515,764950,9620020
WE-1518,764950,9619972
WE-1517,765000,9622020
WE-1536,765000,9621970
WE-1535,765000,9621920
WE-1538,765000,9621870
WE-1537,765000,9621820
WE-1540,765000,9621770
WE-1539,765000,9621720
WE-1542,765000,9621670
WE-1541,765000,9621620
WE-1528,765000,9621570
WE-1527,765000,9621520
WE-1530,765000,9621470
WE-1529,765000,9621420
WE-1532,765000,9621370
WE-1531,765000,9621320
WE-1534,765000,9621270
WE-1533,765000,9621220
WE-1488,765000,9621170
WE-1487,765000,9621120
WE-1490,765000,9621070
WE-1489,765000,9621020
WE-1492,765000,9620970
WE-1491,765000,9620920
WE-1494,765000,9620870
WE-1493,765000,9620820
WE-1480,765000,9620770
WE-1479,765000,9620720
WE-1482,765000,9620670
WE-1481,765000,9620620
WE-1484,765000,9620570
WE-1483,765000,9620520
WE-1486,765000,9620470
WE-1485,765000,9620420
WE-1504,765000,9620370
WE-1503,765000,9620320
WE-1506,765000,9620270
WE-1505,765000,9620220
WE-1508,765000,9620170
WE-1507,765000,9620120
WE-1510,765000,9620070
WE-1509,765000,9620020
WE-1496,765000,9619972
WE-1495,765050,9622020
WE-1498,765050,9621970
WE-1497,765050,9621920
WE-1500,765050,9621870
WE-1499,765050,9621820
WE-1502,765050,9621770
WE-1501,765050,9621720
WE-1456,765050,9621670
WE-1455,765050,9621620
WE-1458,765050,9621570
WE-1457,765050,9621520
WE-1460,765050,9621470
WE-1459,765050,9621420
WE-1462,765050,9621370
WE-1461,765050,9621320
WE-1448,765050,9621270
WE-1447,765050,9621220
WE-1450,765050,9621170
WE-1449,765050,9621120
WE-1452,765050,9621070
WE-1451,765050,9621020
WE-1454,765050,9620970
WE-1453,765050,9620920
WE-1472,765050,9620870
WE-1471,765050,9620820
WE-1474,765050,9620770
WE-1473,765050,9620720
WE-1476,765050,9620670
WE-1475,765050,9620620
WE-1478,765050,9620570
WE-1477,765050,9620520
WE-1464,765050,9620470
WE-1463,765050,9620420
WE-1466,765050,9620370
WE-1465,765050,9620320
WE-1468,765050,9620270
WE-1467,765050,9620220
WE-1470,765050,9620170
WE-1469,765050,9620120
WE-1424,765050,9620070
WE-1423,765050,9620020
WE-1426,765050,9619972
WE-1425,765100,9622020
WE-1428,765100,9621970
WE-1427,765100,9621920
WE-1430,765100,9621870
WE-1429,765100,9621820
WE-1416,765100,9621770
WE-1415,765100,9621720
WE-1418,765100,9621670
WE-1417,765100,9621620
WE-1420,765100,9621570
WE-1419,765100,9621520
WE-1422,765100,9621470
WE-1421,765100,9621420
WE-1440,765100,9621370
WE-1439,765100,9621320
WE-1442,765100,9621270
WE-1441,765100,9621220
WE-1444,765100,9621170
WE-1443,765100,9621120
WE-1446,765100,9621070
WE-1445,765100,9621020
WE-1432,765100,9620970
WE-1431,765100,9620920
WE-1434,765100,9620870
WE-1433,765100,9620820
WE-1436,765100,9620770
WE-1435,765100,9620720
WE-1438,765100,9620670
WE-1437,765100,9620620
WE-1392,765100,9620570
WE-1391,765100,9620520
WE-1394,765100,9620470
WE-1393,765100,9620420
WE-1396,765100,9620370
WE-1395,765100,9620320
WE-1398,765100,9620270
WE-1397,765100,9620220
WE-1384,765100,9620170
WE-1383,765100,9620120
WE-1386,765100,9620070
WE-1385,765100,9620020
WE-1388,765100,9619972
WE-1387,765150,9622020
WE-1390,765150,9621970
WE-1389,765150,9621920
WE-1408,765150,9621870
WE-1407,765150,9621820
WE-1410,765150,9621770
WE-1409,765150,9621720
WE-1412,765150,9621670
WE-1411,765150,9621620
WE-1414,765150,9621570
WE-1413,765150,9621520
WE-1400,765150,9621470
WE-1399,765150,9621420
WE-1402,765150,9621370
WE-1401,765150,9621320
WE-1404,765150,9621270
WE-1403,765150,9621220
WE-1406,765150,9621170
WE-1405,765150,9621120
WE-1360,765150,9621070
WE-1359,765150,9621020
WE-1362,765150,9620970
WE-1361,765150,9620920
WE-1364,765150,9620870
WE-1363,765150,9620820
WE-1366,765150,9620770
WE-1365,765150,9620720
WE-1352,765150,9620670
WE-1351,765150,9620620
WE-1354,765150,9620570
WE-1353,765150,9620520
WE-1356,765150,9620470
WE-1355,765150,9620420
WE-1358,765150,9620370
WE-1357,765150,9620320
WE-1376,765150,9620270
WE-1375,765150,9620220
WE-1378,765150,9620170
WE-1377,765150,9620120
WE-1380,765150,9620070
WE-1379,765150,9620020
WE-1382,765150,9619972
WE-1381,765200,9622020
WE-1368,765200,9621970
WE-1367,765200,9621920
WE-1370,765200,9621870
WE-1369,765200,9621820
WE-1372,765200,9621770
WE-1371,765200,9621720
WE-1374,765200,9621670
WE-1373,765200,9621620
WE-1328,765200,9621570
WE-1327,765200,9621520
WE-1330,765200,9621470
WE-1329,765200,9621420
WE-1332,765200,9621370
WE-1331,765200,9621320
WE-1334,765200,9621270
WE-1333,765200,9621220
WE-1320,765200,9621170
WE-1319,765200,9621120
WE-1322,765200,9621070
WE-1321,765200,9621020
WE-1324,765200,9620970
WE-1323,765200,9620920
WE-1326,765200,9620870
WE-1325,765200,9620820
WE-1344,765200,9620770
WE-1343,765200,9620720
WE-1346,765200,9620670
WE-1345,765200,9620620
WE-1348,765200,9620570
WE-1347,765200,9620520
WE-1350,765200,9620470
WE-1349,765200,9620420
WE-1336,765200,9620370
WE-1335,765200,9620320
WE-1338,765200,9620270
WE-1337,765200,9620220
WE-1340,765200,9620170
WE-1339,765200,9620120
WE-1342,765200,9620070
WE-1341,765200,9620020
WE-1296,765200,9619972
WE-1295,765250,9622020
WE-1298,765250,9621970
WE-1297,765250,9621920
WE-1300,765250,9621870
WE-1299,765250,9621820
WE-1302,765250,9621770
WE-1301,765250,9621720
WE-1288,765250,9621670
WE-1287,765250,9621620
WE-1290,765250,9621570
WE-1289,765250,9621520
WE-1292,765250,9621470
WE-1291,765250,9621420
WE-1294,765250,9621370
WE-1293,765250,9621320
WE-1312,765250,9621270
WE-1311,765250,9621220
WE-1314,765250,9621170
WE-1313,765250,9621120
WE-1316,765250,9621070
WE-1315,765250,9621020
WE-1318,765250,9620970
WE-1317,765250,9620920
WE-1304,765250,9620870
WE-1303,765250,9620820
WE-1306,765250,9620770
WE-1305,765250,9620720
WE-1308,765250,9620670
WE-1307,765250,9620620
WE-1310,765250,9620570
WE-1309,765250,9620520
WE-2287,765250,9620470
WE-2286,765250,9620420
WE-2289,765250,9620370
WE-2288,765250,9620320
WE-2291,765250,9620270
WE-2290,765250,9620220
WE-2293,765250,9620170
WE-2292,765250,9620120
WE-2279,765250,9620070
WE-2278,765250,9620020
WE-2281,765250,9619972
WE-2280,765300,9622020
WE-2283,765300,9621970
WE-2282,765300,9621920
WE-2285,765300,9621870
WE-2284,765300,9621820
WE-2303,765300,9621770
WE-2302,765300,9621720
WE-2305,765300,9621670
WE-2304,765300,9621620
WE-2307,765300,9621570
WE-2306,765300,9621520
WE-2309,765300,9621470
WE-2308,765300,9621420
WE-2295,765300,9621370
WE-2294,765300,9621320
WE-2297,765300,9621270
WE-2296,765300,9621220
WE-2299,765300,9621170
WE-2298,765300,9621120
WE-2301,765300,9621070
WE-2300,765300,9621020
WE-2255,765300,9620970
WE-2254,765300,9620920
WE-2257,765300,9620870
WE-2256,765300,9620820
WE-2259,765300,9620770
WE-2258,765300,9620720
WE-2261,765300,9620670
WE-2260,765300,9620620
WE-2247,765300,9620570
WE-2246,765300,9620520
WE-2249,765300,9620470
WE-2248,765300,9620420
WE-2251,765300,9620370
WE-2250,765300,9620320
WE-2253,765300,9620270
WE-2252,765300,9620220
WE-2271,765300,9620170
WE-2270,765300,9620120
WE-2273,765300,9620070
WE-2272,765300,9620020
WE-2275,765300,9619972
WE-2274,765350,9622020
WE-2277,765350,9621970
WE-2276,765350,9621920
WE-2263,765350,9621870
WE-2262,765350,9621820
WE-2265,765350,9621770
WE-2264,765350,9621720
WE-2267,765350,9621670
WE-2266,765350,9621620
WE-2269,765350,9621570
WE-2268,765350,9621520
WE-2223,765350,9621470
WE-2222,765350,9621420
WE-2225,765350,9621370
WE-2224,765350,9621320
WE-2227,765350,9621270
WE-2226,765350,9621220
WE-2229,765350,9621170
WE-2228,765350,9621120
WE-2215,765350,9621070
WE-2214,765350,9621020
WE-2217,765350,9620970
WE-2216,765350,9620920
WE-2219,765350,9620870
WE-2218,765350,9620820
WE-2221,765350,9620770
WE-2220,765350,9620720
WE-2239,765350,9620670
WE-2238,765350,9620620
WE-2241,765350,9620570
WE-2240,765350,9620520
WE-2243,765350,9620470
WE-2242,765350,9620420
WE-2245,765350,9620370
WE-2244,765350,9620320
WE-2231,765350,9620270
WE-2230,765350,9620220
WE-2233,765350,9620170
WE-2232,765350,9620120
WE-2235,765350,9620070
WE-2234,765350,9620020
WE-2237,765350,9619972
WE-2236,765400,9622020
WE-2191,765400,9621970
WE-2190,765400,9621920
WE-2193,765400,9621870
WE-2192,765400,9621820
WE-2195,765400,9621770
WE-2194,765400,9621720
WE-2197,765400,9621670
WE-2196,765400,9621620
WE-2183,765400,9621570
WE-2182,765400,9621520
WE-2185,765400,9621470
WE-2184,765400,9621420
WE-2187,765400,9621370
WE-2186,765400,9621320
WE-2189,765400,9621270
WE-2188,765400,9621220
WE-2207,765400,9621170
WE-2206,765400,9621120
WE-2209,765400,9621070
WE-2208,765400,9621020
WE-2211,765400,9620970
WE-2210,765400,9620920
WE-2213,765400,9620870
WE-2212,765400,9620820
WE-2199,765400,9620770
WE-2198,765400,9620720
WE-2201,765400,9620670
WE-2200,765400,9620620
WE-2203,765400,9620570
WE-2202,765400,9620520
WE-2205,765400,9620470
WE-2204,765400,9620420
WE-2159,765400,9620370
WE-2158,765400,9620320
WE-2161,765400,9620270
WE-2160,765400,9620220
WE-2163,765400,9620170
WE-2162,765400,9620120
WE-2165,765400,9620070
WE-2164,765400,9620020
WE-2151,765400,9619972
WE-2150,765450,9622020
WE-2153,765450,9621970
WE-2152,765450,9621920
WE-2155,765450,9621870
WE-2154,765450,9621820
WE-2157,765450,9621770
WE-2156,765450,9621720
WE-2175,765450,9621670
WE-2174,765450,9621620
WE-2177,765450,9621570
WE-2176,765450,9621520
WE-2179,765450,9621470
WE-2178,765450,9621420
WE-2181,765450,9621370
WE-2180,765450,9621320
WE-2167,765450,9621270
WE-2166,765450,9621220
WE-2169,765450,9621170
WE-2168,765450,9621120
WE-2171,765450,9621070
WE-2170,765450,9621020
WE-2173,765450,9620970
WE-2172,765450,9620920
WE-2127,765450,9620870
WE-2126,765450,9620820
WE-2129,765450,9620770
WE-2128,765450,9620720
WE-2131,765450,9620670
WE-2130,765450,9620620
WE-2133,765450,9620570
WE-2132,765450,9620520
WE-2119,765450,9620470
WE-2118,765450,9620420
WE-2121,765450,9620370
WE-2120,765450,9620320
WE-2123,765450,9620270
WE-2122,765450,9620220
WE-2125,765450,9620170
WE-2124,765450,9620120
WE-2143,765450,9620070
WE-2142,765450,9620020
WE-2145,765450,9619972
WE-2144,765500,9622020
WE-2147,765500,9621970
WE-2146,765500,9621920
WE-2149,765500,9621870
WE-2148,765500,9621820
WE-2135,765500,9621770
WE-2134,765500,9621720
WE-2137,765500,9621670
WE-2136,765500,9621620
WE-2139,765500,9621570
WE-2138,765500,9621520
WE-2141,765500,9621470
WE-2140,765500,9621420
WE-2095,765500,9621370
WE-2094,765500,9621320
WE-2097,765500,9621270
WE-2096,765500,9621220
WE-2099,765500,9621170
WE-2098,765500,9621120
WE-2101,765500,9621070
WE-2100,765500,9621020
WE-2087,765500,9620970
WE-2086,765500,9620920
WE-2089,765500,9620870
WE-2088,765500,9620820
WE-2091,765500,9620770
WE-2090,765500,9620720
WE-2093,765500,9620670
WE-2092,765500,9620620
WE-2111,765500,9620570
WE-2110,765500,9620520
WE-2113,765500,9620470
WE-2112,765500,9620420
WE-2115,765500,9620370
WE-2114,765500,9620320
WE-2117,765500,9620270
WE-2116,765500,9620220
WE-2103,765500,9620170
WE-2102,765500,9620120
WE-2105,765500,9620070
WE-2104,765500,9620020
WE-2107,765500,9619972
WE-2106,765550,9622020
WE-2109,765550,9621970
WE-2108,765550,9621920
WE-2063,765550,9621870
WE-2062,765550,9621820
WE-2065,765550,9621770
WE-2064,765550,9621720
WE-2067,765550,9621670
WE-2066,765550,9621620
WE-2069,765550,9621570
WE-2068,765550,9621520
WE-2055,765550,9621470
WE-2054,765550,9621420
WE-2057,765550,9621370
WE-2056,765550,9621320
WE-2059,765550,9621270
WE-2058,765550,9621220
WE-2061,765550,9621170
WE-2060,765550,9621120
WE-2079,765550,9621070
WE-2078,765550,9621020
WE-2081,765550,9620970
WE-2080,765550,9620920
WE-2083,765550,9620870
WE-2082,765550,9620820
WE-2085,765550,9620770
WE-2084,765550,9620720
WE-2071,765550,9620670
WE-2070,765550,9620620
WE-2073,765550,9620570
WE-2072,765550,9620520
WE-2075,765550,9620470
WE-2074,765550,9620420
WE-2077,765550,9620370
WE-2076,765550,9620320
WE-2031,765550,9620270
WE-2030,765550,9620220
WE-2033,765550,9620170
WE-2032,765550,9620120
WE-2035,765550,9620070
WE-2034,765550,9620020
WE-2037,765550,9619972
WE-2036,765600,9622020
WE-2023,765600,9621970
WE-2022,765600,9621920
WE-2025,765600,9621870
WE-2024,765600,9621820
WE-2027,765600,9621770
WE-2026,765600,9621720
WE-2029,765600,9621670
WE-2028,765600,9621620
WE-2047,765600,9621570
WE-2046,765600,9621520
WE-2049,765600,9621470
WE-2048,765600,9621420
WE-2051,765600,9621370
WE-2050,765600,9621320
WE-2053,765600,9621270
WE-2052,765600,9621220
WE-2039,765600,9621170
WE-2038,765600,9621120
WE-2041,765600,9621070
WE-2040,765600,9621020
WE-2043,765600,9620970
WE-2042,765600,9620920
WE-2045,765600,9620870
WE-2044,765600,9620820
WE-1999,765600,9620770
WE-1998,765600,9620720
WE-2001,765600,9620670
WE-2000,765600,9620620
WE-2003,765600,9620570
WE-2002,765600,9620520
WE-2005,765600,9620470
WE-2004,765600,9620420
WE-1991,765600,9620370
WE-1990,765600,9620320
WE-1993,765600,9620270
WE-1992,765600,9620220
WE-1995,765600,9620170
WE-1994,765600,9620120
WE-1997,765600,9620070
WE-1996,765600,9620020
WE-2015,765600,9619972
WE-2014,765650,9622020
WE-2017,765650,9621970
WE-2016,765650,9621920
WE-2019,765650,9621870
WE-2018,765650,9621820
WE-2021,765650,9621770
WE-2020,765650,9621720
WE-2007,765650,9621670
WE-2006,765650,9621620
WE-2009,765650,9621570
WE-2008,765650,9621520
WE-2011,765650,9621470
WE-2010,765650,9621420
WE-2013,765650,9621370
WE-2012,765650,9621320
WE-1967,765650,9621270
WE-1966,765650,9621220
WE-1969,765650,9621170
WE-1968,765650,9621120
WE-1971,765650,9621070
WE-1970,765650,9621020
WE-1973,765650,9620970
WE-1972,765650,9620920
WE-1959,765650,9620870
WE-1958,765650,9620820
WE-1961,765650,9620770
WE-1960,765650,9620720
WE-1963,765650,9620670
WE-1962,765650,9620620
WE-1965,765650,9620570
WE-1964,765650,9620520
WE-1983,765650,9620470
WE-1982,765650,9620420
WE-1985,765650,9620370
WE-1984,765650,9620320
WE-1987,765650,9620270
WE-1986,765650,9620220
WE-1989,765650,9620170
WE-1988,765650,9620120
WE-1975,765650,9620070
WE-1974,765650,9620020
WE-1977,765650,9619972
WE-1976,765700,9622020
WE-1979,765700,9621970
WE-1978,765700,9621920
WE-1981,765700,9621870
WE-1980,765700,9621820
WE-1935,765700,9621770
WE-1934,765700,9621720
WE-1937,765700,9621670
WE-1936,765700,9621620
WE-1939,765700,9621570
WE-1938,765700,9621520
WE-1941,765700,9621470
WE-1940,765700,9621420
WE-1927,765700,9621370
WE-1926,765700,9621320
WE-1929,765700,9621270
WE-1928,765700,9621220
WE-1931,765700,9621170
WE-1930,765700,9621120
WE-1933,765700,9621070
WE-1932,765700,9621020
WE-1951,765700,9620970
WE-1950,765700,9620920
WE-1953,765700,9620870
WE-1952,765700,9620820
WE-1955,765700,9620770
WE-1954,765700,9620720
WE-1957,765700,9620670
WE-1956,765700,9620620
WE-1943,765700,9620570
WE-1942,765700,9620520
WE-1945,765700,9620470
WE-1944,765700,9620420
WE-1947,765700,9620370
WE-1946,765700,9620320
WE-1949,765700,9620270
WE-1948,765700,9620220
WE-1903,765700,9620170
WE-1902,765700,9620120
WE-1905,765700,9620070
WE-1904,765700,9620020
WE-1907,765700,9619972
WE-1906,765750,9622020
WE-1909,765750,9621970
WE-1908,765750,9621920
WE-1895,765750,9621870
WE-1894,765750,9621820
WE-1897,765750,9621770
WE-1896,765750,9621720
WE-1899,765750,9621670
WE-1898,765750,9621620
WE-1901,765750,9621570
WE-1900,765750,9621520
WE-1919,765750,9621470
WE-1918,765750,9621420
WE-1921,765750,9621370
WE-1920,765750,9621320
WE-1923,765750,9621270
WE-1922,765750,9621220
WE-1925,765750,9621170
WE-1924,765750,9621120
WE-1911,765750,9621070
WE-1910,765750,9621020
WE-1913,765750,9620970
WE-1912,765750,9620920
WE-1915,765750,9620870
WE-1914,765750,9620820
WE-1917,765750,9620770
WE-1916,765750,9620720
WE-1871,765750,9620670
WE-1870,765750,9620620
WE-1873,765750,9620570
WE-1872,765750,9620520
WE-1875,765750,9620470
WE-1874,765750,9620420
WE-1877,765750,9620370
WE-1876,765750,9620320
WE-1863,765750,9620270
WE-1862,765750,9620220
WE-1865,765750,9620170
WE-1864,765750,9620120
WE-1867,765750,9620070
WE-1866,765750,9620020
WE-1869,765750,9619972
WE-1868,765800,9622020
WE-1887,765800,9621970
WE-1886,765800,9621920
WE-1889,765800,9621870
WE-1888,765800,9621820
WE-1891,765800,9621770
WE-1890,765800,9621720
WE-1893,765800,9621670
WE-1892,765800,9621620
WE-1879,765800,9621570
WE-1878,765800,9621520
WE-1881,765800,9621470
WE-1880,765800,9621420
WE-1883,765800,9621370
WE-1882,765800,9621320
WE-1885,765800,9621270
WE-1884,765800,9621220
WE-1839,765800,9621170
WE-1838,765800,9621120
WE-1841,765800,9621070
WE-1840,765800,9621020
WE-1843,765800,9620970
WE-1842,765800,9620920
WE-1845,765800,9620870
WE-1844,765800,9620820
WE-1831,765800,9620770
WE-1830,765800,9620720
WE-1833,765800,9620670
WE-1832,765800,9620620
WE-1835,765800,9620570
WE-1834,765800,9620520
WE-1837,765800,9620470
WE-1836,765800,9620420
WE-1855,765800,9620370
WE-1854,765800,9620320
WE-1857,765800,9620270
WE-1856,765800,9620220
WE-1859,765800,9620170
WE-1858,765800,9620120
WE-1861,765800,9620070
WE-1860,765800,9620020
WE-1847,765800,9619972
WE-1846,765850,9622020
WE-1849,765850,9621970
WE-1848,765850,9621920
WE-1851,765850,9621870
WE-1850,765850,9621820
WE-1853,765850,9621770
WE-1852,765850,9621720
WE-1807,765850,9621670
WE-1806,765850,9621620
WE-1809,765850,9621570
WE-1808,765850,9621520
WE-1811,765850,9621470
WE-1810,765850,9621420
WE-1813,765850,9621370
WE-1812,765850,9621320
WE-1799,765850,9621270
WE-1798,765850,9621220
WE-1801,765850,9621170
WE-1800,765850,9621120
WE-1803,765850,9621070
WE-1802,765850,9621020
WE-1805,765850,9620970
WE-1804,765850,9620920
WE-1823,765850,9620870
WE-1822,765850,9620820
WE-1825,765850,9620770
WE-1824,765850,9620720
WE-1827,765850,9620670
WE-1826,765850,9620620
WE-1829,765850,9620570
WE-1828,765850,9620520
WE-1815,765850,9620470
WE-1814,765850,9620420
WE-1817,765850,9620370
WE-1816,765850,9620320
WE-1819,765850,9620270
WE-1818,765850,9620220
WE-1821,765850,9620170
WE-1820,765850,9620120
WE-0752,765850,9620070
WE-0751,765850,9620020
WE-0754,765850,9619972
WE-0753,765900,9622020
WE-0756,765900,9621970
WE-0755,765900,9621920
WE-0758,765900,9621870
WE-0757,765900,9621820
WE-0744,765900,9621770
WE-0743,765900,9621720
WE-0746,765900,9621670
WE-0745,765900,9621620
WE-0748,765900,9621570
WE-0747,765900,9621520
WE-0750,765900,9621470
WE-0749,765900,9621420
WE-0768,765900,9621370
WE-0767,765900,9621320
WE-0770,765900,9621270
WE-0769,765900,9621220
WE-0772,765900,9621170
WE-0771,765900,9621120
WE-0774,765900,9621070
WE-0773,765900,9621020
WE-0760,765900,9620970
WE-0759,765900,9620920
WE-0762,765900,9620870
WE-0761,765900,9620820
WE-0764,765900,9620770
WE-0763,765900,9620720
WE-0766,765900,9620670
WE-0765,765900,9620620
WE-0720,765900,9620570
WE-0719,765900,9620520
WE-0722,765900,9620470
WE-0721,765900,9620420
WE-0724,765900,9620370
WE-0723,765900,9620320
WE-0726,765900,9620270
WE-0725,765900,9620220
WE-0712,765900,9620170
WE-0711,765900,9620120
WE-0714,765900,9620070
WE-0713,765900,9620020
WE-0716,765900,9619972
WE-0715,765950,9622020
WE-0718,765950,9621970
WE-0717,765950,9621920
WE-0736,765950,9621870
WE-0735,765950,9621820
WE-0738,765950,9621770
WE-0737,765950,9621720
WE-0740,765950,9621670
WE-0739,765950,9621620
WE-0742,765950,9621570
WE-0741,765950,9621520
WE-0728,765950,9621470
WE-0727,765950,9621420
WE-0730,765950,9621370
WE-0729,765950,9621320
WE-0732,765950,9621270
WE-0731,765950,9621220
WE-0734,765950,9621170
WE-0733,765950,9621120
WE-0688,765950,9621070
WE-0687,765950,9621020
WE-0690,765950,9620970
WE-0689,765950,9620920
WE-0692,765950,9620870
WE-0691,765950,9620820
WE-0694,765950,9620770
WE-0693,765950,9620720
WE-0680,765950,9620670
WE-0679,765950,9620620
WE-0682,765950,9620570
WE-0681,765950,9620520
WE-0684,765950,9620470
WE-0683,765950,9620420
WE-0686,765950,9620370
WE-0685,765950,9620320
WE-0704,765950,9620270
WE-0703,765950,9620220
WE-0706,765950,9620170
WE-0705,765950,9620120
WE-0708,765950,9620070
WE-0707,765950,9620020
WE-0710,765950,9619972
WE-0709,766000,9622020
WE-0696,766000,9621970
WE-0695,766000,9621920
WE-0698,766000,9621870
WE-0697,766000,9621820
WE-0700,766000,9621770
WE-0699,766000,9621720
WE-0702,766000,9621670
WE-0701,766000,9621620
WE-0656,766000,9621570
WE-0655,766000,9621520
WE-0658,766000,9621470
WE-0657,766000,9621420
WE-0660,766000,9621370
WE-0659,766000,9621320
WE-0662,766000,9621270
WE-0661,766000,9621220
WE-0648,766000,9621170
WE-0647,766000,9621120
WE-0650,766000,9621070
WE-0649,766000,9621020
WE-0652,766000,9620970
WE-0651,766000,9620920
WE-0654,766000,9620870
WE-0653,766000,9620820
WE-0672,766000,9620770
WE-0671,766000,9620720
WE-0674,766000,9620670
WE-0673,766000,9620620
WE-0676,766000,9620570
WE-0675,766000,9620520
WE-0678,766000,9620470
WE-0677,766000,9620420
WE-0664,766000,9620370
WE-0663,766000,9620320
WE-0666,766000,9620270
WE-0665,766000,9620220
WE-0668,766000,9620170
WE-0667,766000,9620120
WE-0670,766000,9620070
WE-0669,766000,9620020
WE-0624,766000,9619972
WE-0623,766050,9622020
WE-0626,766050,9621970
WE-0625,766050,9621920
WE-0628,766050,9621870
WE-0627,766050,9621820
WE-0630,766050,9621770
WE-0629,766050,9621720
WE-0616,766050,9621670
WE-0615,766050,9621620
WE-0618,766050,9621570
WE-0617,766050,9621520
WE-0620,766050,9621470
WE-0619,766050,9621420
WE-0622,766050,9621370
WE-0621,766050,9621320
WE-0640,766050,9621270
WE-0639,766050,9621220
WE-0642,766050,9621170
WE-0641,766050,9621120
WE-0644,766050,9621070
WE-0643,766050,9621020
WE-0646,766050,9620970
WE-0645,766050,9620920
WE-0632,766050,9620870
WE-0631,766050,9620820
WE-0634,766050,9620770
WE-0633,766050,9620720
WE-0636,766050,9620670
WE-0635,766050,9620620
WE-0638,766050,9620570
WE-0637,766050,9620520
WE-0592,766050,9620470
WE-0591,766050,9620420
WE-0594,766050,9620370
WE-0593,766050,9620320
WE-0596,766050,9620270
WE-0595,766050,9620220
WE-0598,766050,9620170
WE-0597,766050,9620120
WE-0584,766050,9620070
WE-0583,766050,9620020
WE-0586,766050,9619972
WE-0585,766100,9622020
WE-0588,766100,9621970
WE-0587,766100,9621920
WE-0590,766100,9621870
WE-0589,766100,9621820
WE-0608,766100,9621770
WE-0607,766100,9621720
WE-0610,766100,9621670
WE-0609,766100,9621620
WE-0612,766100,9621570
WE-0611,766100,9621520
WE-0614,766100,9621470
WE-0613,766100,9621420
WE-0600,766100,9621370
WE-0599,766100,9621320
WE-0602,766100,9621270
WE-0601,766100,9621220
WE-0604,766100,9621170
WE-0603,766100,9621120
WE-0606,766100,9621070
WE-0605,766100,9621020
WE-0560,766100,9620970
WE-0559,766100,9620920
WE-0562,766100,9620870
WE-0561,766100,9620820
WE-0564,766100,9620770
WE-0563,766100,9620720
WE-0566,766100,9620670
WE-0565,766100,9620620
WE-0552,766100,9620570
WE-0551,766100,9620520
WE-0554,766100,9620470
WE-0553,766100,9620420
WE-0556,766100,9620370
WE-0555,766100,9620320
WE-0558,766100,9620270
WE-0557,766100,9620220
WE-0576,766100,9620170
WE-0575,766100,9620120
WE-0578,766100,9620070
WE-0577,766100,9620020
WE-0580,766100,9619972
WE-0579,766150,9622020
WE-0582,766150,9621970
WE-0581,766150,9621920
WE-0568,766150,9621870
WE-0567,766150,9621820
WE-0570,766150,9621770
WE-0569,766150,9621720
WE-0572,766150,9621670
WE-0571,766150,9621620
WE-0574,766150,9621570
WE-0573,766150,9621520
WE-0528,766150,9621470
WE-0527,766150,9621420
WE-0530,766150,9621370
WE-0529,766150,9621320
WE-0532,766150,9621270
WE-0531,766150,9621220
WE-0534,766150,9621170
WE-0533,766150,9621120
WE-0520,766150,9621070
WE-0519,766150,9621020
WE-0522,766150,9620970
WE-0521,766150,9620920
WE-0524,766150,9620870
WE-0523,766150,9620820
WE-0526,766150,9620770
WE-0525,766150,9620720
WE-0544,766150,9620670
WE-0543,766150,9620620
WE-0546,766150,9620570
WE-0545,766150,9620520
WE-0548,766150,9620470
WE-0547,766150,9620420
WE-0550,766150,9620370
WE-0549,766150,9620320
WE-0536,766150,9620270
WE-0535,766150,9620220
WE-0538,766150,9620170
WE-0537,766150,9620120
WE-0540,766150,9620070
WE-0539,766150,9620020
WE-0542,766150,9619972
WE-0541,766200,9622020
WE-0496,766200,9621970
WE-0495,766200,9621920
WE-0498,766200,9621870
WE-0497,766200,9621820
WE-0500,766200,9621770
WE-0499,766200,9621720
WE-0502,766200,9621670
WE-0501,766200,9621620
WE-0488,766200,9621570
WE-0487,766200,9621520
WE-0490,766200,9621470
WE-0489,766200,9621420
WE-0492,766200,9621370
WE-0491,766200,9621320
WE-0494,766200,9621270
WE-0493,766200,9621220
WE-0512,766200,9621170
WE-0511,766200,9621120
WE-0514,766200,9621070
WE-0513,766200,9621020
WE-0516,766200,9620970
WE-0515,766200,9620920
WE-0518,766200,9620870
WE-0517,766200,9620820
WE-0504,766200,9620770
WE-0503,766200,9620720
WE-0506,766200,9620670
WE-0505,766200,9620620
WE-0508,766200,9620570
WE-0507,766200,9620520
WE-0510,766200,9620470
WE-0509,766200,9620420
WE-0464,766200,9620370
WE-0463,766200,9620320
WE-0466,766200,9620270
WE-0465,766200,9620220
WE-0468,766200,9620170
WE-0467,766200,9620120
WE-0470,766200,9620070
WE-0469,766200,9620020
WE-0456,766200,9619972
WE-0455,766250,9622020
WE-0458,766250,9621970
WE-0457,766250,9621920
WE-0460,766250,9621870
WE-0459,766250,9621820
WE-0462,766250,9621770
WE-0461,766250,9621720
WE-0480,766250,9621670
WE-0479,766250,9621620
WE-0482,766250,9621570
WE-0481,766250,9621520
WE-0484,766250,9621470
WE-0483,766250,9621420
WE-0486,766250,9621370
WE-0485,766250,9621320
WE-0472,766250,9621270
WE-0471,766250,9621220
WE-0474,766250,9621170
WE-0473,766250,9621120
WE-0476,766250,9621070
WE-0475,766250,9621020
WE-0478,766250,9620970
WE-0477,766250,9620920
WE-0432,766250,9620870
WE-0431,766250,9620820
WE-0434,766250,9620770
WE-0433,766250,9620720
WE-0436,766250,9620670
WE-0435,766250,9620620
WE-0438,766250,9620570
WE-0437,766250,9620520
WE-0424,766250,9620470
WE-0423,766250,9620420
WE-0426,766250,9620370
WE-0425,766250,9620320
WE-0428,766250,9620270
WE-0427,766250,9620220
WE-0430,766250,9620170
WE-0429,766250,9620120
WE-0448,766250,9620070
WE-0447,766250,9620020
WE-0450,766250,9619972
WE-0449,766300,9622020
WE-0452,766300,9621970
WE-0451,766300,9621920
WE-0454,766300,9621870
WE-0453,766300,9621820
WE-0440,766300,9621770
WE-0439,766300,9621720
WE-0442,766300,9621670
WE-0441,766300,9621620
WE-0444,766300,9621570
WE-0443,766300,9621520
WE-0446,766300,9621470
WE-0445,766300,9621420
WE-0400,766300,9621370
WE-0399,766300,9621320
WE-0402,766300,9621270
WE-0401,766300,9621220
WE-0404,766300,9621170
WE-0403,766300,9621120
WE-0406,766300,9621070
WE-0405,766300,9621020
WE-0392,766300,9620970
WE-0391,766300,9620920
WE-0394,766300,9620870
WE-0393,766300,9620820
WE-0396,766300,9620770
WE-0395,766300,9620720
WE-0398,766300,9620670
WE-0397,766300,9620620
WE-0416,766300,9620570
WE-0415,766300,9620520
WE-0418,766300,9620470
WE-0417,766300,9620420
WE-0420,766300,9620370
WE-0419,766300,9620320
WE-0422,766300,9620270
WE-0421,766300,9620220
WE-0408,766300,9620170
WE-0407,766300,9620120
WE-0410,766300,9620070
WE-0409,766300,9620020
WE-0412,766300,9619972
WE-0411,766350,9622020
WE-0414,766350,9621970
WE-0413,766350,9621920
WE-0368,766350,9621870
WE-0367,766350,9621820
WE-0370,766350,9621770
WE-0369,766350,9621720
WE-0372,766350,9621670
WE-0371,766350,9621620
WE-0374,766350,9621570
WE-0373,766350,9621520
WE-0360,766350,9621470
WE-0359,766350,9621420
WE-0362,766350,9621370
WE-0361,766350,9621320
WE-0364,766350,9621270
WE-0363,766350,9621220
WE-0366,766350,9621170
WE-0365,766350,9621120
WE-0384,766350,9621070
WE-0383,766350,9621020
WE-0386,766350,9620970
WE-0385,766350,9620920
WE-0388,766350,9620870
WE-0387,766350,9620820
WE-0390,766350,9620770
WE-0389,766350,9620720
WE-0376,766350,9620670
WE-0375,766350,9620620
WE-0378,766350,9620570
WE-0377,766350,9620520
WE-0380,766350,9620470
WE-0379,766350,9620420
WE-0382,766350,9620370
WE-0381,766350,9620320
WE-0336,766350,9620270
WE-0335,766350,9620220
WE-0338,766350,9620170
WE-0337,766350,9620120
WE-0340,766350,9620070
WE-0339,766350,9620020
WE-0342,766350,9619972
WE-0341,766400,9622020
WE-0328,766400,9621970
WE-0327,766400,9621920
WE-0330,766400,9621870
WE-0329,766400,9621820
WE-0332,766400,9621770
WE-0331,766400,9621720
WE-0334,766400,9621670
WE-0333,766400,9621620
WE-0352,766400,9621570
WE-0351,766400,9621520
WE-0354,766400,9621470
WE-0353,766400,9621420
WE-0356,766400,9621370
WE-0355,766400,9621320
WE-0358,766400,9621270
WE-0357,766400,9621220
WE-0344,766400,9621170
WE-0343,766400,9621120
WE-0346,766400,9621070
WE-0345,766400,9621020
WE-0348,766400,9620970
WE-0347,766400,9620920
WE-0350,766400,9620870
WE-0349,766400,9620820
WE-0304,766400,9620770
WE-0303,766400,9620720
WE-0306,766400,9620670
WE-0305,766400,9620620
WE-0308,766400,9620570
WE-0307,766400,9620520
WE-0310,766400,9620470
WE-0309,766400,9620420
WE-0296,766400,9620370
WE-0295,766400,9620320
WE-0298,766400,9620270
WE-0297,766400,9620220
WE-0300,766400,9620170
WE-0299,766400,9620120
WE-0302,766400,9620070
WE-0301,766400,9620020
WE-0320,766400,9619972
WE-0319,766450,9622020
WE-0322,766450,9621970
WE-0321,766450,9621920
WE-0324,766450,9621870
WE-0323,766450,9621820
WE-0326,766450,9621770
WE-0325,766450,9621720
WE-0312,766450,9621670
WE-0311,766450,9621620
WE-0314,766450,9621570
WE-0313,766450,9621520
WE-0316,766450,9621470
WE-0315,766450,9621420
WE-0318,766450,9621370
WE-0317,766450,9621320
WE-0272,766450,9621270
WE-0271,766450,9621220
WE-0274,766450,9621170
WE-0273,766450,9621120
WE-0276,766450,9621070
WE-0275,766450,9621020
WE-0278,766450,9620970
WE-0277,766450,9620920
WE-0264,766450,9620870
WE-0263,766450,9620820
WE-0266,766450,9620770
WE-0265,766450,9620720
WE-0268,766450,9620670
WE-0267,766450,9620620
WE-0270,766450,9620570
WE-0269,766450,9620520
WE-0288,766450,9620470
WE-0287,766450,9620420
WE-0290,766450,9620370
WE-0289,766450,9620320
WE-0292,766450,9620270
WE-0291,766450,9620220
WE-0294,766450,9620170
WE-0293,766450,9620120
WE-0280,766450,9620070
WE-0279,766450,9620020
WE-0282,766450,9619972
WE-0281,766500,9622020
WE-0284,766500,9621970
WE-0283,766500,9621920
WE-0286,766500,9621870
WE-0285,766500,9621820
WE-1264,766500,9621770
WE-1263,766500,9621720
WE-1266,766500,9621670
WE-1265,766500,9621620
WE-1268,766500,9621570
WE-1267,766500,9621520
WE-1270,766500,9621470
WE-1269,766500,9621420
WE-1256,766500,9621370
WE-1255,766500,9621320
WE-1258,766500,9621270
WE-1257,766500,9621220
WE-1260,766500,9621170
WE-1259,766500,9621120
WE-1262,766500,9621070
WE-1261,766500,9621020
WE-1280,766500,9620970
WE-1279,766500,9620920
WE-1282,766500,9620870
WE-1281,766500,9620820
WE-1284,766500,9620770
WE-1283,766500,9620720
WE-1286,766500,9620670
WE-1285,766500,9620620
WE-1272,766500,9620570
WE-1271,766500,9620520
WE-1274,766500,9620470
WE-1273,766500,9620420
WE-1276,766500,9620370
WE-1275,766500,9620320
WE-1278,766500,9620270
WE-1277,766500,9620220
WE-1232,766500,9620170
WE-1231,766500,9620120
WE-1234,766500,9620070
WE-1233,766500,9620020
WE-1236,766500,9619972
WE-1235,766550,9622020
WE-1238,766550,9621970
WE-1237,766550,9621920
WE-1224,766550,9621870
WE-1223,766550,9621820
WE-1226,766550,9621770
WE-1225,766550,9621720
WE-1228,766550,9621670
WE-1227,766550,9621620
WE-1230,766550,9621570
WE-1229,766550,9621520
WE-1248,766550,9621470
WE-1247,766550,9621420
WE-1250,766550,9621370
WE-1249,766550,9621320
WE-1252,766550,9621270
WE-1251,766550,9621220
WE-1254,766550,9621170
WE-1253,766550,9621120
WE-1240,766550,9621070
WE-1239,766550,9621020
WE-1242,766550,9620970
WE-1241,766550,9620920
WE-1244,766550,9620870
WE-1243,766550,9620820
WE-1246,766550,9620770
WE-1245,766550,9620720
WE-1200,766550,9620670
WE-1199,766550,9620620
WE-1202,766550,9620570
WE-1201,766550,9620520
WE-1204,766550,9620470
WE-1203,766550,9620420
WE-1206,766550,9620370
WE-1205,766550,9620320
WE-1192,766550,9620270
WE-1191,766550,9620220
WE-1194,766550,9620170
WE-1193,766550,9620120
WE-1196,766550,9620070
WE-1195,766550,9620020
WE-1198,766550,9619972
WE-1197,766600,9622020
WE-1216,766600,9621970
WE-1215,766600,9621920
WE-1218,766600,9621870
WE-1217,766600,9621820
WE-1220,766600,9621770
WE-1219,766600,9621720
WE-1222,766600,9621670
WE-1221,766600,9621620
WE-1208,766600,9621570
WE-1207,766600,9621520
WE-1210,766600,9621470
WE-1209,766600,9621420
WE-1212,766600,9621370
WE-1211,766600,9621320
WE-1214,766600,9621270
WE-1213,766600,9621220
WE-1168,766600,9621170
WE-1167,766600,9621120
WE-1170,766600,9621070
WE-1169,766600,9621020
WE-1172,766600,9620970
WE-1171,766600,9620920
WE-1174,766600,9620870
WE-1173,766600,9620820
WE-1160,766600,9620770
WE-1159,766600,9620720
WE-1162,766600,9620670
WE-1161,766600,9620620
WE-1164,766600,9620570
WE-1163,766600,9620520
WE-1166,766600,9620470
WE-1165,766600,9620420
WE-1184,766600,9620370
WE-1183,766600,9620320
WE-1186,766600,9620270
WE-1185,766600,9620220
WE-1188,766600,9620170
WE-1187,766600,9620120
WE-1190,766600,9620070
WE-1189,766600,9620020
WE-1176,766600,9619972
WE-1175,766650,9622020
WE-1178,766650,9621970
WE-1177,766650,9621920
WE-1180,766650,9621870
WE-1179,766650,9621820
WE-1182,766650,9621770
WE-1181,766650,9621720
WE-1136,766650,9621670
WE-1135,766650,9621620
WE-1138,766650,9621570
WE-1137,766650,9621520
WE-1140,766650,9621470
WE-1139,766650,9621420
WE-1142,766650,9621370
WE-1141,766650,9621320
WE-1128,766650,9621270
WE-1127,766650,9621220
WE-1130,766650,9621170
WE-1129,766650,9621120
WE-1132,766650,9621070
WE-1131,766650,9621020
WE-1134,766650,9620970
WE-1133,766650,9620920
WE-1152,766650,9620870
WE-1151,766650,9620820
WE-1154,766650,9620770
WE-1153,766650,9620720
WE-1156,766650,9620670
WE-1155,766650,9620620
WE-1158,766650,9620570
WE-1157,766650,9620520
WE-1144,766650,9620470
WE-1143,766650,9620420
WE-1146,766650,9620370
WE-1145,766650,9620320
WE-1148,766650,9620270
WE-1147,766650,9620220
WE-1150,766650,9620170
WE-1149,766650,9620120
WE-1104,766650,9620070
WE-1103,766650,9620020
WE-1106,766650,9619972
WE-1105,766700,9622020
WE-1108,766700,9621970
WE-1107,766700,9621920
WE-1110,766700,9621870
WE-1109,766700,9621820
WE-1096,766700,9621770
WE-1095,766700,9621720
WE-1098,766700,9621670
WE-1097,766700,9621620
WE-1100,766700,9621570
WE-1099,766700,9621520
WE-1102,766700,9621470
WE-1101,766700,9621420
WE-1120,766700,9621370
WE-1119,766700,9621320
WE-1122,766700,9621270
WE-1121,766700,9621220
WE-1124,766700,9621170
WE-1123,766700,9621120
WE-1126,766700,9621070
WE-1125,766700,9621020
WE-1112,766700,9620970
WE-1111,766700,9620920
WE-1114,766700,9620870
WE-1113,766700,9620820
WE-1116,766700,9620770
WE-1115,766700,9620720
WE-1118,766700,9620670
WE-1117,766700,9620620
WE-1072,766700,9620570
WE-1071,766700,9620520
WE-1074,766700,9620470
WE-1073,766700,9620420
WE-1076,766700,9620370
WE-1075,766700,9620320
WE-1078,766700,9620270
WE-1077,766700,9620220
WE-1064,766700,9620170
WE-1063,766700,9620120
WE-1066,766700,9620070
WE-1065,766700,9620020
WE-1068,766700,9619972
WE-1067,766750,9622020
WE-1070,766750,9621970
WE-1069,766750,9621920
WE-1088,766750,9621870
WE-1087,766750,9621820
WE-1090,766750,9621770
WE-1089,766750,9621720
WE-1092,766750,9621670
WE-1091,766750,9621620
WE-1094,766750,9621570
WE-1093,766750,9621520
WE-1080,766750,9621470
WE-1079,766750,9621420
WE-1082,766750,9621370
WE-1081,766750,9621320
WE-1084,766750,9621270
WE-1083,766750,9621220
WE-1086,766750,9621170
WE-1085,766750,9621120
WE-1040,766750,9621070
WE-1039,766750,9621020
WE-1042,766750,9620970
WE-1041,766750,9620920
WE-1044,766750,9620870
WE-1043,766750,9620820
WE-1046,766750,9620770
WE-1045,766750,9620720
WE-1032,766750,9620670
WE-1031,766750,9620620
WE-1034,766750,9620570
WE-1033,766750,9620520
WE-1036,766750,9620470
WE-1035,766750,9620420
WE-1038,766750,9620370
WE-1037,766750,9620320
WE-1056,766750,9620270
WE-1055,766750,9620220
WE-1058,766750,9620170
WE-1057,766750,9620120
WE-1060,766750,9620070
WE-1059,766750,9620020
WE-1062,766750,9619972
WE-1061,766800,9622020
WE-1048,766800,9621970
WE-1047,766800,9621920
WE-1050,766800,9621870
WE-1049,766800,9621820
WE-1052,766800,9621770
WE-1051,766800,9621720
WE-1054,766800,9621670
WE-1053,766800,9621620
WE-1008,766800,9621570
WE-1007,766800,9621520
WE-1010,766800,9621470
WE-1009,766800,9621420
WE-1012,766800,9621370
WE-1011,766800,9621320
WE-1014,766800,9621270
WE-1013,766800,9621220
WE-1000,766800,9621170
WE-0999,766800,9621120
WE-1002,766800,9621070
WE-1001,766800,9621020
WE-1004,766800,9620970
WE-1003,766800,9620920
WE-1006,766800,9620870
WE-1005,766800,9620820
WE-1024,766800,9620770
WE-1023,766800,9620720
WE-1026,766800,9620670
WE-1025,766800,9620620
WE-1028,766800,9620570
WE-1027,766800,9620520
WE-1030,766800,9620470
WE-1029,766800,9620420
WE-1016,766800,9620370
WE-1015,766800,9620320
WE-1018,766800,9620270
WE-1017,766800,9620220
WE-1020,766800,9620170
WE-1019,766800,9620120
WE-1022,766800,9620070
WE-1021,766800,9620020
WE-0976,766800,9619972
WE-0975,766850,9622020
WE-0978,766850,9621970
WE-0977,766850,9621920
WE-0980,766850,9621870
WE-0979,766850,9621820
WE-0982,766850,9621770
WE-0981,766850,9621720
WE-0968,766850,9621670
WE-0967,766850,9621620
WE-0970,766850,9621570
WE-0969,766850,9621520
WE-0972,766850,9621470
WE-0971,766850,9621420
WE-0974,766850,9621370
WE-0973,766850,9621320
WE-0992,766850,9621270
WE-0991,766850,9621220
WE-0994,766850,9621170
WE-0993,766850,9621120
WE-0996,766850,9621070
WE-0995,766850,9621020
WE-0998,766850,9620970
WE-0997,766850,9620920
WE-0984,766850,9620870
WE-0983,766850,9620820
WE-0986,766850,9620770
WE-0985,766850,9620720
WE-0988,766850,9620670
WE-0987,766850,9620620
WE-0990,766850,9620570
WE-0989,766850,9620520
WE-0944,766850,9620470
WE-0943,766850,9620420
WE-0946,766850,9620370
WE-0945,766850,9620320
WE-0948,766850,9620270
WE-0947,766850,9620220
WE-0950,766850,9620170
WE-0949,766850,9620120
WE-0936,766850,9620070
WE-0935,766850,9620020
WE-0938,766850,9619972
WE-0937,766900,9622020
WE-0940,766900,9621970
WE-0939,766900,9621920
WE-0942,766900,9621870
WE-0941,766900,9621820
WE-0960,766900,9621770
WE-0959,766900,9621720
WE-0962,766900,9621670
WE-0961,766900,9621620
WE-0964,766900,9621570
WE-0963,766900,9621520
WE-0966,766900,9621470
WE-0965,766900,9621420
WE-0952,766900,9621370
WE-0951,766900,9621320
WE-0954,766900,9621270
WE-0953,766900,9621220
WE-0956,766900,9621170
WE-0955,766900,9621120
WE-0958,766900,9621070
WE-0957,766900,9621020
WE-0912,766900,9620970
WE-0911,766900,9620920
WE-0914,766900,9620870
WE-0913,766900,9620820
WE-0916,766900,9620770
WE-0915,766900,9620720
WE-0918,766900,9620670
WE-0917,766900,9620620
WE-0904,766900,9620570
WE-0903,766900,9620520
WE-0906,766900,9620470
WE-0905,766900,9620420
WE-0908,766900,9620370
WE-0907,766900,9620320
WE-0910,766900,9620270
WE-0909,766900,9620220
WE-0928,766900,9620170
WE-0927,766900,9620120
WE-0930,766900,9620070
WE-0929,766900,9620020
WE-0932,766900,9619972
WE-0931,766950,9622020
WE-0934,766950,9621970
WE-0933,766950,9621920
WE-0920,766950,9621870
WE-0919,766950,9621820
WE-0922,766950,9621770
WE-0921,766950,9621720
WE-0924,766950,9621670
WE-0923,766950,9621620
WE-0926,766950,9621570
WE-0925,766950,9621520
WE-0880,766950,9621470
WE-0879,766950,9621420
WE-0882,766950,9621370
WE-0881,766950,9621320
WE-0884,766950,9621270
WE-0883,766950,9621220
WE-0886,766950,9621170
WE-0885,766950,9621120
WE-0872,766950,9621070
WE-0871,766950,9621020
WE-0874,766950,9620970
WE-0873,766950,9620920
WE-0876,766950,9620870
WE-0875,766950,9620820
WE-0878,766950,9620770
WE-0877,766950,9620720
WE-0896,766950,9620670
WE-0895,766950,9620620
WE-0898,766950,9620570
WE-0897,766950,9620520
WE-0900,766950,9620470
WE-0899,766950,9620420
WE-0902,766950,9620370
WE-0901,766950,9620320
WE-0888,766950,9620270
WE-0887,766950,9620220
WE-0890,766950,9620170
WE-0889,766950,9620120
WE-0892,766950,9620070
WE-0891,766950,9620020
WE-0894,766950,9619972
WE-0893,766997,9622020
WE-0848,766997,9621970
WE-0847,766997,9621920
WE-0850,766997,9621870
WE-0849,766997,9621820
WE-0852,766997,9621770
WE-0851,766997,9621720
WE-0854,766997,9621670
WE-0853,766997,9621620
WE-0840,766997,9621570
WE-0839,766997,9621520
WE-0842,766997,9621470
WE-0841,766997,9621420
WE-0844,766997,9621370
WE-0843,766997,9621320
WE-0846,766997,9621270
WE-0845,766997,9621220
WE-0864,766997,9621170
WE-0863,766997,9621120
WE-0866,766997,9621070
WE-0865,766997,9621020
WE-0868,766997,9620970
WE-0867,766997,9620920
WE-0870,766997,9620870
WE-0869,766997,9620820
WE-0856,766997,9620770
WE-0855,766997,9620720
WE-0858,766997,9620670
WE-0857,766997,9620620
WE-0860,766997,9620570
WE-0859,766997,9620520
WE-0862,766997,9620470
WE-0861,766997,9620420
WE-0816,766997,9620370
WE-0815,766997,9620320
WE-0818,766997,9620270
WE-0817,766997,9620220
WE-0820,766997,9620170
WE-0819,766997,9620120
WE-0822,766997,9620070
WE-0821,766997,9620020
WE-0808,766997,9619972
WE-0807,764002,9626367
WE-0810,764001,9626117
WE-0809,764001,9625867
WE-0812,764001,9625617
WE-0811,764000,9625367
WE-0814,764000,9625117
WE-0813,764000,9624867
WE-0832,764000,9624617
WE-0831,763999,9624367
WE-0834,763999,9624117
WE-0833,763999,9623867
WE-0836,763998,9623617
WE-0835,763998,9623367
WE-0838,763998,9623117
WE-0837,763998,9622867
WE-0824,763997,9622617
WE-0823,763997,9622367
WE-0826,763997,9622117
WE-0825,763996,9621867
WE-0828,763996,9621617
WE-0827,763996,9621367
WE-0830,763996,9621117
WE-0829,763995,9620867
WE-0784,763995,9620716
WE-0783,764245,9626367
WE-0786,764245,9626117
WE-0785,764245,9625867
WE-0788,764245,9625617
WE-0787,764245,9625367
WE-0790,764245,9625117
WE-0789,764245,9624867
WE-0776,764245,9624617
WE-0775,764245,9624367
WE-0778,764245,9624117
WE-0777,764245,9623867
WE-0780,764245,9623617
WE-0779,764245,9623367
WE-0782,764245,9623117
WE-0781,764245,9622867
WE-0800,764245,9622617
WE-0799,764245,9622367
WE-0802,764245,9622117
WE-0801,764245,9621867
WE-0804,764245,9621617
WE-0803,764245,9621367
WE-0806,764245,9621117
WE-0805,764245,9620867
WE-0792,764245,9620716
WE-0791,764495,9626367
WE-0794,764495,9626117
WE-0793,764495,9625867
WE-0796,764495,9625617
WE-0795,764495,9625367
WE-0798,764495,9625117
WE-0797,764495,9624867
WE-0240,764495,9624617
WE-0239,764495,9624367
WE-0242,764495,9624117
WE-0241,764495,9623867
WE-0244,764495,9623617
WE-0243,764495,9623367
WE-0246,764495,9623117
WE-0245,764495,9622867
WE-0232,764495,9622617
WE-0231,764495,9622367
WE-0234,764488,9622131
WE-0233,764423,9621867
WE-0236,764423,9621617
WE-0235,764423,9621367
WE-0238,764493,9621112
WE-0237,764495,9620867
WE-0256,764531,9620630
WE-0255,764548,9620367
WE-0258,764548,9620117
WE-0257,764548,9619867
WE-0260,764548,9619617
WE-0259,764548,9619468
WE-0262,764745,9626367
WE-0261,764745,9626117
WE-0248,764745,9625867
WE-0247,764745,9625617
WE-0250,764745,9625367
WE-0249,764745,9625117
WE-0252,764745,9624867
WE-0251,764745,9624617
WE-0254,764745,9624367
WE-0253,764745,9624117
WE-0208,764745,9623867
WE-0207,764745,9623617
WE-0210,764745,9623367
WE-0209,764745,9623117
WE-0212,764745,9622867
WE-0211,764745,9622617
WE-0214,764745,9622367
WE-0213,764745,9622143
WE-0200,764701,9621108
WE-0199,764701,9620867
WE-0202,764701,9620617
WE-0201,764701,9620367
WE-0204,764701,9620117
WE-0203,764740,9619860
WE-0206,764745,9619617
WE-0205,764745,9619468
WE-0224,764995,9626367
WE-0223,764995,9626117
WE-0226,764995,9625867
WE-0225,764995,9625617
WE-0228,764995,9625367
WE-0227,764995,9625117
WE-0230,764995,9624867
WE-0229,764995,9624617
WE-0216,764995,9624367
WE-0215,764995,9624117
WE-0218,764995,9623867
WE-0217,764995,9623617
WE-0220,764995,9623367
WE-0219,764995,9623117
WE-0222,764995,9622867
WE-0221,764995,9622617
WE-0176,764995,9622367
WE-0175,764995,9622143
WE-0178,764995,9619845
WE-0177,764995,9619617
WE-0180,764995,9619468
WE-0179,765245,9626367
WE-0182,765245,9626117
WE-0181,765245,9625867
WE-0168,765245,9625617
WE-0167,765245,9625367
WE-0170,765245,9625117
WE-0169,765245,9624867
WE-0172,765245,9624617
WE-0171,765245,9624367
WE-0174,765245,9624117
WE-0173,765245,9623867
WE-0192,765245,9623617
WE-0191,765245,9623367
WE-0194,765245,9623117
WE-0193,765245,9622867
WE-0196,765245,9622617
WE-0195,765245,9622367
WE-0198,765245,9622143
WE-0197,765245,9619845
WE-0184,765245,9619617
WE-0183,765245,9619468
WE-0186,765495,9626367
WE-0185,765495,9626117
WE-0188,765495,9625867
WE-0187,765495,9625617
WE-0190,765495,9625367
WE-0189,765495,9625117
WE-0144,765495,9624867
WE-0143,765495,9624617
WE-0146,765495,9624367
WE-0145,765495,9624117
WE-0148,765495,9623867
WE-0147,765495,9623617
WE-0150,765495,9623367
WE-0149,765495,9623117
WE-0136,765495,9622867
WE-0135,765495,9622617
WE-0138,765495,9622367
WE-0137,765495,9622143
WE-0140,765495,9619845
WE-0139,765495,9619617
WE-0142,765495,9619468
WE-0141,765745,9626367
WE-0160,765745,9626117
WE-0159,765745,9625867
WE-0162,765745,9625617
WE-0161,765745,9625367
WE-0164,765745,9625117
WE-0163,765745,9624867
WE-0166,765745,9624617
WE-0165,765745,9624367
WE-0152,765745,9624117
WE-0151,765745,9623867
WE-0154,765745,9623617
WE-0153,765745,9623367
WE-0156,765745,9623117
WE-0155,765745,9622867
WE-0158,765745,9622617
WE-0157,765745,9622367
WE-0112,765745,9622143
WE-0111,765734,9619864
WE-0114,765663,9619617
WE-0113,765663,9619468
WE-0116,765995,9626367
WE-0115,765995,9626117
WE-0118,765995,9625867
WE-0117,765995,9625617
WE-0104,765995,9625367
WE-0103,765995,9625117
WE-0106,765995,9624867
WE-0105,765995,9624617
WE-0108,765995,9624367
WE-0107,765995,9624117
WE-0110,765995,9623867
WE-0109,765995,9623617
WE-0128,765995,9623367
WE-0127,765995,9623117
WE-0130,765995,9622867
WE-0129,765995,9622617
WE-0132,765995,9622367
WE-0131,765995,9622143
WE-0134,765995,9619879
WE-0133,766245,9626367
WE-0120,766245,9626117
WE-0119,766245,9625867
WE-0122,766245,9625617
WE-0121,766245,9625367
WE-0124,766245,9625117
WE-0123,766245,9624867
WE-0126,766245,9624617
WE-0125,766245,9624367
WE-0080,766245,9624117
WE-0079,766245,9623867
WE-0082,766245,9623617
WE-0081,766245,9623367
WE-0084,766245,9623117
WE-0083,766245,9622867
WE-0086,766245,9622617
WE-0085,766245,9622367
WE-0072,766245,9622143
WE-0071,766245,9619879
WE-0074,766495,9626367
WE-0073,766495,9626117
WE-0076,766495,9625867
WE-0075,766495,9625617
WE-0078,766495,9625367
WE-0077,766495,9625117
WE-0096,766495,9624867
WE-0095,766495,9624617
WE-0098,766495,9624367
WE-0097,766495,9624117
WE-0100,766495,9623867
WE-0099,766495,9623617
WE-0102,766495,9623367
WE-0101,766495,9623117
WE-0088,766495,9622867
WE-0087,766495,9622617
WE-0090,766495,9622367
WE-0089,766495,9622143
WE-0092,766495,9619879
WE-0091,766745,9626367
WE-0094,766745,9626117
WE-0093,766745,9625867
WE-0048,766745,9625617
WE-0047,766745,9625367
WE-0050,766745,9625117
WE-0049,766745,9624867
WE-0052,766745,9624617
WE-0051,766745,9624367
WE-0054,766745,9624117
WE-0053,766745,9623867
WE-0040,766745,9623617
WE-0039,766745,9623367
WE-0042,766745,9623117
WE-0041,766745,9622867
WE-0044,766745,9622617
WE-0043,766745,9622367
WE-0046,766745,9622143
WE-0045,766745,9619879
WE-0064,766995,9626367
WE-0063,766995,9626117
WE-0066,766995,9625867
WE-0065,766995,9625617
WE-0068,766995,9625367
WE-0067,766995,9625117
WE-0070,766995,9624867
WE-0069,766995,9624617
WE-0056,766995,9624367
WE-0055,766995,9624117
WE-0058,766995,9623867
WE-0057,766995,9623617
WE-0060,766995,9623367
WE-0059,766995,9623117
WE-0062,766995,9622867
WE-0061,766995,9622617
WE-0016,766995,9622367
WE-0015,767002,9622131
WE-0018,767070,9621867
WE-0017,767070,9621617
WE-0020,767070,9621367
WE-0019,767070,9621117
WE-0022,767070,9620867
WE-0021,767070,9620617
WE-0008,767070,9620367
WE-0007,767070,9620117
WE-0010,767003,9619889
WE-0009,767200,9626367
WE-0012,767200,9626117
WE-0011,767200,9625867
WE-0014,767200,9625617
WE-0013,767200,9625367
WE-0032,767200,9625117
WE-0031,767200,9624867
WE-0034,767200,9624617
WE-0033,767200,9624367
WE-0036,767200,9624117
WE-0035,767200,9623867
WE-0038,767200,9623617
WE-0037,767200,9623367
WE-0024,767200,9623117
WE-0023,767200,9622867
WE-0026,767200,9622617
WE-0025,767200,9622367
WE-0028,767200,9622117
WE-0027,767200,9621867
WE-0030,767200,9621617
WE-0029,767200,9621367
WE-0002,767200,9621117
WE-0001,767200,9620867
WE-0004,767200,9620617
WE-0003,767200,9620367
WE-0006,767200,9620117
WE-0005,767200,9619900
CE-2671,770088,9620049
CE-2673,770088,9620000
CE-2672,770088,9619950
CE-2675,770088,9619900
CE-2674,770088,9619850
CE-2677,770088,9619800
CE-2676,770088,9619750
CE-2664,770088,9619700
CE-2663,770088,9619650
CE-2666,770088,9619600
CE-2665,770088,9619550
CE-2668,770088,9619500
CE-2667,770088,9619450
CE-2670,770088,9619400
CE-2669,770088,9619350
CE-2687,770088,9619300
CE-2686,770088,9619250
CE-2689,770088,9619200
CE-2688,770088,9619150
CE-2691,770088,9619100
CE-2690,770088,9619050
CE-2693,770088,9619000
CE-2692,770088,9618950
CE-2679,770088,9618900
CE-2678,770088,9618850
CE-2681,770088,9618800
CE-2680,770088,9618750
CE-2683,770088,9618700
CE-2682,770088,9618650
CE-2685,770088,9618600
CE-2684,770088,9618550
CE-2640,770088,9618500
CE-2639,770088,9618450
CE-2642,770088,9618400
CE-2641,770088,9618350
CE-2644,770088,9618300
CE-2643,770088,9618250
CE-2646,770088,9618200
CE-2645,770088,9618150
CE-2632,770088,9618100
CE-2631,770088,9618050
CE-2634,770088,9618002
CE-2633,770138,9620049
CE-2636,770138,9620000
CE-2635,770138,9619950
CE-2638,770138,9619900
CE-2637,770138,9619850
CE-2656,770138,9619800
CE-2655,770138,9619750
CE-2658,770138,9619700
CE-2657,770138,9619650
CE-2660,770138,9619600
CE-2659,770138,9619550
CE-2662,770138,9619500
CE-2661,770138,9619450
CE-2648,770138,9619400
CE-2647,770138,9619350
CE-2650,770138,9619300
CE-2649,770138,9619250
CE-2652,770138,9619200
CE-2651,770138,9619150
CE-2654,770138,9619100
CE-2653,770138,9619050
CE-2608,770138,9619000
CE-2607,770138,9618950
CE-2610,770138,9618900
CE-2609,770138,9618850
CE-2612,770138,9618800
CE-2611,770138,9618750
CE-2614,770138,9618700
CE-2613,770138,9618650
CE-2600,770138,9618600
CE-2599,770138,9618550
CE-2602,770138,9618500
CE-2601,770138,9618450
CE-2604,770138,9618400
CE-2603,770138,9618350
CE-2606,770138,9618300
CE-2605,770138,9618250
CE-2624,770138,9618200
CE-2623,770138,9618150
CE-2626,770138,9618100
CE-2625,770138,9618050
CE-2628,770138,9618002
CE-2627,770188,9620049
CE-2630,770188,9620000
CE-2629,770188,9619950
CE-2616,770188,9619900
CE-2615,770188,9619850
CE-2618,770188,9619800
CE-2617,770188,9619750
CE-2620,770188,9619700
CE-2619,770188,9619650
CE-2622,770188,9619600
CE-2621,770188,9619550
CE-2576,770188,9619500
CE-2575,770188,9619450
CE-2578,770188,9619400
CE-2577,770188,9619350
CE-2580,770188,9619300
CE-2579,770188,9619250
CE-2582,770188,9619200
CE-2581,770188,9619150
CE-2568,770188,9619100
CE-2567,770188,9619050
CE-2570,770188,9619000
CE-2569,770188,9618950
CE-2572,770188,9618900
CE-2571,770188,9618850
CE-2574,770188,9618800
CE-2573,770188,9618750
CE-2592,770188,9618700
CE-2591,770188,9618650
CE-2594,770188,9618600
CE-2593,770188,9618550
CE-2596,770188,9618500
CE-2595,770188,9618450
CE-2598,770188,9618400
CE-2597,770188,9618350
CE-2584,770188,9618300
CE-2583,770188,9618250
CE-2586,770188,9618200
CE-2585,770188,9618150
CE-2588,770188,9618100
CE-2587,770188,9618050
CE-2590,770188,9618002
CE-2589,770238,9620049
CE-2544,770238,9620000
CE-2543,770238,9619950
CE-2546,770238,9619900
CE-2545,770238,9619850
CE-2548,770238,9619800
CE-2547,770238,9619750
CE-2550,770238,9619700
CE-2549,770238,9619650
CE-2536,770238,9619600
CE-2535,770238,9619550
CE-2538,770238,9619500
CE-2537,770238,9619450
CE-2540,770238,9619400
CE-2539,770238,9619350
CE-2542,770238,9619300
CE-2541,770238,9619250
CE-2560,770238,9619200
CE-2559,770238,9619150
CE-2562,770238,9619100
CE-2561,770238,9619050
CE-2564,770238,9619000
CE-2563,770238,9618950
CE-2566,770238,9618900
CE-2565,770238,9618850
CE-2552,770238,9618800
CE-2551,770238,9618750
CE-2554,770238,9618700
CE-2553,770238,9618650
CE-2556,770238,9618600
CE-2555,770238,9618550
CE-2558,770238,9618500
CE-2557,770238,9618450
CE-2512,770238,9618400
CE-2511,770238,9618350
CE-2514,770238,9618300
CE-2513,770238,9618250
CE-2516,770238,9618200
CE-2515,770238,9618150
CE-2518,770238,9618100
CE-2517,770238,9618050
CE-2504,770238,9618002
CE-2503,770288,9620049
CE-2506,770288,9620000
CE-2505,770288,9619950
CE-2508,770288,9619900
CE-2507,770288,9619850
CE-2510,770288,9619800
CE-2509,770288,9619750
CE-2528,770288,9619700
CE-2527,770288,9619650
CE-2530,770288,9619600
CE-2529,770288,9619550
CE-2532,770288,9619500
CE-2531,770288,9619450
CE-2534,770288,9619400
CE-2533,770288,9619350
CE-2520,770288,9619300
CE-2519,770288,9619250
CE-2522,770288,9619200
CE-2521,770288,9619150
CE-2524,770288,9619100
CE-2523,770288,9619050
CE-2526,770288,9619000
CE-2525,770288,9618950
CE-2480,770288,9618900
CE-2479,770288,9618850
CE-2482,770288,9618800
CE-2481,770288,9618750
CE-2484,770288,9618700
CE-2483,770288,9618650
CE-2486,770288,9618600
CE-2485,770288,9618550
CE-2472,770288,9618500
CE-2471,770288,9618450
CE-2474,770288,9618400
CE-2473,770288,9618350
CE-2476,770288,9618300
CE-2475,770288,9618250
CE-2478,770288,9618200
CE-2477,770288,9618150
CE-2496,770288,9618100
CE-2495,770288,9618050
CE-2498,770288,9618002
CE-2497,770338,9620049
CE-2500,770338,9620000
CE-2499,770338,9619950
CE-2502,770338,9619900
CE-2501,770338,9619850
CE-2488,770338,9619800
CE-2487,770338,9619750
CE-2490,770338,9619700
CE-2489,770338,9619650
CE-2492,770338,9619600
CE-2491,770338,9619550
CE-2494,770338,9619500
CE-2493,770338,9619450
CE-2448,770338,9619400
CE-2447,770338,9619350
CE-2450,770338,9619300
CE-2449,770338,9619250
CE-2452,770338,9619200
CE-2451,770338,9619150
CE-2454,770338,9619100
CE-2453,770338,9619050
CE-2440,770338,9619000
CE-2439,770338,9618950
CE-2442,770338,9618900
CE-2441,770338,9618850
CE-2444,770338,9618800
CE-2443,770338,9618750
CE-2446,770338,9618700
CE-2445,770338,9618650
CE-2464,770338,9618600
CE-2463,770338,9618550
CE-2466,770338,9618500
CE-2465,770338,9618450
CE-2468,770338,9618400
CE-2467,770338,9618350
CE-2470,770338,9618300
CE-2469,770338,9618250
CE-2456,770338,9618200
CE-2455,770338,9618150
CE-2458,770338,9618100
CE-2457,770338,9618050
CE-2460,770338,9618002
CE-2459,770388,9620049
CE-2462,770388,9620000
CE-2461,770388,9619950
CE-2416,770388,9619900
CE-2415,770388,9619850
CE-2418,770388,9619800
CE-2417,770388,9619750
CE-2420,770388,9619700
CE-2419,770388,9619650
CE-2422,770388,9619600
CE-2421,770388,9619550
CE-2408,770388,9619500
CE-2407,770388,9619450
CE-2410,770388,9619400
CE-2409,770388,9619350
CE-2412,770388,9619300
CE-2411,770388,9619250
CE-2414,770388,9619200
CE-2413,770388,9619150
CE-2432,770388,9619100
CE-2431,770388,9619050
CE-2434,770388,9619000
CE-2433,770388,9618950
CE-2436,770388,9618900
CE-2435,770388,9618850
CE-2438,770388,9618800
CE-2437,770388,9618750
CE-2424,770388,9618700
CE-2423,770388,9618650
CE-2426,770388,9618600
CE-2425,770388,9618550
CE-2428,770388,9618500
CE-2427,770388,9618450
CE-2430,770388,9618400
CE-2429,770388,9618350
CE-2384,770388,9618300
CE-2383,770388,9618250
CE-2386,770388,9618200
CE-2385,770388,9618150
CE-2388,770388,9618100
CE-2387,770388,9618050
CE-2390,770388,9618002
CE-2389,770438,9620049
CE-2376,770438,9620000
CE-2375,770438,9619950
CE-2378,770438,9619900
CE-2377,770438,9619850
CE-2380,770438,9619800
CE-2379,770438,9619750
CE-2382,770438,9619700
CE-2381,770438,9619650
CE-2400,770438,9619600
CE-2399,770438,9619550
CE-2402,770438,9619500
CE-2401,770438,9619450
CE-2404,770438,9619400
CE-2403,770438,9619350
CE-2406,770438,9619300
CE-2405,770438,9619250
CE-2392,770438,9619200
CE-2391,770438,9619150
CE-2394,770438,9619100
CE-2393,770438,9619050
CE-2396,770438,9619000
CE-2395,770438,9618950
CE-2398,770438,9618900
CE-2397,770438,9618850
CE-2352,770438,9618800
CE-2351,770438,9618750
CE-2354,770438,9618700
CE-2353,770438,9618650
CE-2356,770438,9618600
CE-2355,770438,9618550
CE-2358,770438,9618500
CE-2357,770438,9618450
CE-2344,770438,9618400
CE-2343,770438,9618350
CE-2346,770438,9618300
CE-2345,770438,9618250
CE-2348,770438,9618200
CE-2347,770438,9618150
CE-2350,770438,9618100
CE-2349,770438,9618050
CE-2368,770438,9618002
CE-2367,770488,9620049
CE-2370,770488,9620000
CE-2369,770488,9619950
CE-2372,770488,9619900
CE-2371,770488,9619850
CE-2374,770488,9619800
CE-2373,770488,9619750
CE-2360,770488,9619700
CE-2359,770488,9619650
CE-2362,770488,9619600
CE-2361,770488,9619550
CE-2364,770488,9619500
CE-2363,770488,9619450
CE-2366,770488,9619400
CE-2365,770488,9619350
CE-2320,770488,9619300
CE-2319,770488,9619250
CE-2322,770488,9619200
CE-2321,770488,9619150
CE-2324,770488,9619100
CE-2323,770488,9619050
CE-2326,770488,9619000
CE-2325,770488,9618950
CE-2312,770488,9618900
CE-2311,770488,9618850
CE-2314,770488,9618800
CE-2313,770488,9618750
CE-2316,770488,9618700
CE-2315,770488,9618650
CE-2318,770488,9618600
CE-2317,770488,9618550
CE-2336,770488,9618500
CE-2335,770488,9618450
CE-2338,770488,9618400
CE-2337,770488,9618350
CE-2340,770488,9618300
CE-2339,770488,9618250
CE-2342,770488,9618200
CE-2341,770488,9618150
CE-2328,770488,9618100
CE-2327,770488,9618050
CE-2330,770488,9618002
CE-2329,770538,9620049
CE-2332,770538,9620000
CE-2331,770538,9619950
CE-2334,770538,9619900
CE-2333,770538,9619850
CE-2288,770538,9619800
CE-2287,770538,9619750
CE-2290,770538,9619700
CE-2289,770538,9619650
CE-2292,770538,9619600
CE-2291,770538,9619550
CE-2294,770538,9619500
CE-2293,770538,9619450
CE-2280,770538,9619400
CE-2279,770538,9619350
CE-2282,770538,9619300
CE-2281,770538,9619250
CE-2284,770538,9619200
CE-2283,770538,9619150
CE-2286,770538,9619100
CE-2285,770538,9619050
CE-2304,770538,9619000
CE-2303,770538,9618950
CE-2306,770538,9618900
CE-2305,770538,9618850
CE-2308,770538,9618800
CE-2307,770538,9618750
CE-2310,770538,9618700
CE-2309,770538,9618650
CE-2296,770538,9618600
CE-2295,770538,9618550
CE-2298,770538,9618500
CE-2297,770538,9618450
CE-2300,770538,9618400
CE-2299,770538,9618350
CE-2302,770538,9618300
CE-2301,770538,9618250
CE-2256,770538,9618200
CE-2255,770538,9618150
CE-2258,770538,9618100
CE-2257,770538,9618050
CE-2260,770538,9618002
CE-2259,770588,9620049
CE-2262,770588,9620000
CE-2261,770588,9619950
CE-2248,770588,9619900
CE-2247,770588,9619850
CE-2250,770588,9619800
CE-2249,770588,9619750
CE-2252,770588,9619700
CE-2251,770588,9619650
CE-2254,770588,9619600
CE-2253,770588,9619550
CE-2272,770588,9619500
CE-2271,770588,9619450
CE-2274,770588,9619400
CE-2273,770588,9619350
CE-2276,770588,9619300
CE-2275,770588,9619250
CE-2278,770588,9619200
CE-2277,770588,9619150
CE-2264,770588,9619100
CE-2263,770588,9619050
CE-2266,770588,9619000
CE-2265,770588,9618950
CE-2268,770588,9618900
CE-2267,770588,9618850
CE-2270,770588,9618800
CE-2269,770588,9618750
CE-2224,770588,9618700
CE-2223,770588,9618650
CE-2226,770588,9618600
CE-2225,770588,9618550
CE-2228,770588,9618500
CE-2227,770588,9618450
CE-2230,770588,9618400
CE-2229,770588,9618350
CE-2216,770588,9618300
CE-2215,770588,9618250
CE-2218,770588,9618200
CE-2217,770588,9618150
CE-2220,770588,9618100
CE-2219,770588,9618050
CE-2222,770588,9618002
CE-2221,770638,9620049
CE-2240,770638,9620000
CE-2239,770638,9619950
CE-2242,770638,9619900
CE-2241,770638,9619850
CE-2244,770638,9619800
CE-2243,770638,9619750
CE-2246,770638,9619700
CE-2245,770638,9619650
CE-2232,770638,9619600
CE-2231,770638,9619550
CE-2234,770638,9619500
CE-2233,770638,9619450
CE-2236,770638,9619400
CE-2235,770638,9619350
CE-2238,770638,9619300
CE-2237,770638,9619250
CE-2192,770638,9619200
CE-2191,770638,9619150
CE-2194,770638,9619100
CE-2193,770638,9619050
CE-2196,770638,9619000
CE-2195,770638,9618950
CE-2198,770638,9618900
CE-2197,770638,9618850
CE-2184,770638,9618800
CE-2183,770638,9618750
CE-2186,770638,9618700
CE-2185,770638,9618650
CE-2188,770638,9618600
CE-2187,770638,9618550
CE-2190,770638,9618500
CE-2189,770638,9618450
CE-2208,770638,9618400
CE-2207,770638,9618350
CE-2210,770638,9618300
CE-2209,770638,9618250
CE-2212,770638,9618200
CE-2211,770638,9618150
CE-2214,770638,9618100
CE-2213,770638,9618050
CE-2200,770638,9618002
CE-2199,770688,9620049
CE-2202,770688,9620000
CE-2201,770688,9619950
CE-2204,770688,9619900
CE-2203,770688,9619850
CE-2206,770688,9619800
CE-2205,770688,9619750
CE-3183,770688,9619700
CE-3182,770688,9619650
CE-3185,770688,9619600
CE-3184,770688,9619550
CE-3187,770688,9619500
CE-3186,770688,9619450
CE-3189,770688,9619400
CE-3188,770688,9619350
CE-3175,770688,9619300
CE-3174,770688,9619250
CE-3177,770688,9619200
CE-3176,770688,9619150
CE-3179,770688,9619100
CE-3178,770688,9619050
CE-3181,770688,9619000
CE-3180,770688,9618950
CE-3199,770688,9618900
CE-3198,770688,9618850
CE-3201,770688,9618800
CE-3200,770688,9618750
CE-3203,770688,9618700
CE-3202,770688,9618650
CE-3205,770688,9618600
CE-3204,770688,9618550
CE-3191,770688,9618500
CE-3190,770688,9618450
CE-3193,770688,9618400
CE-3192,770688,9618350
CE-3195,770688,9618300
CE-3194,770688,9618250
CE-3197,770688,9618200
CE-3196,770688,9618150
CE-3151,770688,9618100
CE-3150,770688,9618050
CE-3153,770688,9618002
CE-3152,770738,9620049
CE-3155,770738,9620000
CE-3154,770738,9619950
CE-3157,770738,9619900
CE-3156,770738,9619850
CE-3143,770738,9619800
CE-3142,770738,9619750
CE-3145,770738,9619700
CE-3144,770738,9619650
CE-3147,770738,9619600
CE-3146,770738,9619550
CE-3149,770738,9619500
CE-3148,770738,9619450
CE-3167,770738,9619400
CE-3166,770738,9619350
CE-3169,770738,9619300
CE-3168,770738,9619250
CE-3171,770738,9619200
CE-3170,770738,9619150
CE-3173,770738,9619100
CE-3172,770738,9619050
CE-3159,770738,9619000
CE-3158,770738,9618950
CE-3161,770738,9618900
CE-3160,770738,9618850
CE-3163,770738,9618800
CE-3162,770738,9618750
CE-3165,770738,9618700
CE-3164,770738,9618650
CE-3119,770738,9618600
CE-3118,770738,9618550
CE-3121,770738,9618500
CE-3120,770738,9618450
CE-3123,770738,9618400
CE-3122,770738,9618350
CE-3125,770738,9618300
CE-3124,770738,9618250
CE-3111,770738,9618200
CE-3110,770738,9618150
CE-3113,770738,9618100
CE-3112,770738,9618050
CE-3115,770738,9618002
CE-3114,770788,9620049
CE-3117,770788,9620000
CE-3116,770788,9619950
CE-3135,770788,9619900
CE-3134,770788,9619850
CE-3137,770788,9619800
CE-3136,770788,9619750
CE-3139,770788,9619700
CE-3138,770788,9619650
CE-3141,770788,9619600
CE-3140,770788,9619550
CE-3127,770788,9619500
CE-3126,770788,9619450
CE-3129,770788,9619400
CE-3128,770788,9619350
CE-3131,770788,9619300
CE-3130,770788,9619250
CE-3133,770788,9619200
CE-3132,770788,9619150
CE-3087,770788,9619100
CE-3086,770788,9619050
CE-3089,770788,9619000
CE-3088,770788,9618950
CE-3091,770788,9618900
CE-3090,770788,9618850
CE-3093,770788,9618800
CE-3092,770788,9618750
CE-3079,770788,9618700
CE-3078,770788,9618650
CE-3081,770788,9618600
CE-3080,770788,9618550
CE-3083,770788,9618500
CE-3082,770788,9618450
CE-3085,770788,9618400
CE-3084,770788,9618350
CE-3103,770788,9618300
CE-3102,770788,9618250
CE-3105,770788,9618200
CE-3104,770788,9618150
CE-3107,770788,9618100
CE-3106,770788,9618050
CE-3109,770788,9618002
CE-3108,770838,9620049
CE-3095,770838,9620000
CE-3094,770838,9619950
CE-3097,770838,9619900
CE-3096,770838,9619850
CE-3099,770838,9619800
CE-3098,770838,9619750
CE-3101,770838,9619700
CE-3100,770838,9619650
CE-3055,770838,9619600
CE-3054,770838,9619550
CE-3057,770838,9619500
CE-3056,770838,9619450
CE-3059,770838,9619400
CE-3058,770838,9619350
CE-3061,770838,9619300
CE-3060,770838,9619250
CE-3047,770838,9619200
CE-3046,770838,9619150
CE-3049,770838,9619100
CE-3048,770838,9619050
CE-3051,770838,9619000
CE-3050,770838,9618950
CE-3053,770838,9618900
CE-3052,770838,9618850
CE-3071,770838,9618800
CE-3070,770838,9618750
CE-3073,770838,9618700
CE-3072,770838,9618650
CE-3075,770838,9618600
CE-3074,770838,9618550
CE-3077,770838,9618500
CE-3076,770838,9618450
CE-3063,770838,9618400
CE-3062,770838,9618350
CE-3065,770838,9618300
CE-3064,770838,9618250
CE-3067,770838,9618200
CE-3066,770838,9618150
CE-3069,770838,9618100
CE-3068,770838,9618050
CE-3023,770838,9618002
CE-3022,770888,9620049
CE-3025,770888,9620000
CE-3024,770888,9619950
CE-3027,770888,9619900
CE-3026,770888,9619850
CE-3029,770888,9619800
CE-3028,770888,9619750
CE-3015,770888,9619700
CE-3014,770888,9619650
CE-3017,770888,9619600
CE-3016,770888,9619550
CE-3019,770888,9619500
CE-3018,770888,9619450
CE-3021,770888,9619400
CE-3020,770888,9619350
CE-3039,770888,9619300
CE-3038,770888,9619250
CE-3041,770888,9619200
CE-3040,770888,9619150
CE-3043,770888,9619100
CE-3042,770888,9619050
CE-3045,770888,9619000
CE-3044,770888,9618950
CE-3031,770888,9618900
CE-3030,770888,9618850
CE-3033,770888,9618800
CE-3032,770888,9618750
CE-3035,770888,9618700
CE-3034,770888,9618650
CE-3037,770888,9618600
CE-3036,770888,9618550
CE-2991,770888,9618500
CE-2990,770888,9618450
CE-2993,770888,9618400
CE-2992,770888,9618350
CE-2995,770888,9618300
CE-2994,770888,9618250
CE-2997,770888,9618200
CE-2996,770888,9618150
CE-2983,770888,9618100
CE-2982,770888,9618050
CE-2985,770888,9618002
CE-2984,770938,9620049
CE-2987,770938,9620000
CE-2986,770938,9619950
CE-2989,770938,9619900
CE-2988,770938,9619850
CE-3007,770938,9619800
CE-3006,770938,9619750
CE-3009,770938,9619700
CE-3008,770938,9619650
CE-3011,770938,9619600
CE-3010,770938,9619550
CE-3013,770938,9619500
CE-3012,770938,9619450
CE-2999,770938,9619400
CE-2998,770938,9619350
CE-3001,770938,9619300
CE-3000,770938,9619250
CE-3003,770938,9619200
CE-3002,770938,9619150
CE-3005,770938,9619100
CE-3004,770938,9619050
CE-2959,770938,9619000
CE-2958,770938,9618950
CE-2961,770938,9618900
CE-2960,770938,9618850
CE-2963,770938,9618800
CE-2962,770938,9618750
CE-2965,770938,9618700
CE-2964,770938,9618650
CE-2951,770938,9618600
CE-2950,770938,9618550
CE-2953,770938,9618500
CE-2952,770938,9618450
CE-2955,770938,9618400
CE-2954,770938,9618350
CE-2957,770938,9618300
CE-2956,770938,9618250
CE-2975,770938,9618200
CE-2974,770938,9618150
CE-2977,770938,9618100
CE-2976,770938,9618050
CE-2979,770938,9618002
CE-2978,770988,9620049
CE-2981,770988,9620000
CE-2980,770988,9619950
CE-2967,770988,9619900
CE-2966,770988,9619850
CE-2969,770988,9619800
CE-2968,770988,9619750
CE-2971,770988,9619700
CE-2970,770988,9619650
CE-2973,770988,9619600
CE-2972,770988,9619550
CE-2927,770988,9619500
CE-2926,770988,9619450
CE-2929,770988,9619400
CE-2928,770988,9619350
CE-2931,770988,9619300
CE-2930,770988,9619250
CE-2933,770988,9619200
CE-2932,770988,9619150
CE-2919,770988,9619100
CE-2918,770988,9619050
CE-2921,770988,9619000
CE-2920,770988,9618950
CE-2923,770988,9618900
CE-2922,770988,9618850
CE-2925,770988,9618800
CE-2924,770988,9618750
CE-2943,770988,9618700
CE-2942,770988,9618650
CE-2945,770988,9618600
CE-2944,770988,9618550
CE-2947,770988,9618500
CE-2946,770988,9618450
CE-2949,770988,9618400
CE-2948,770988,9618350
CE-2935,770988,9618300
CE-2934,770988,9618250
CE-2937,770988,9618200
CE-2936,770988,9618150
CE-2939,770988,9618100
CE-2938,770988,9618050
CE-2941,770988,9618002
CE-2940,771038,9620049
CE-2895,771038,9620000
CE-2894,771038,9619950
CE-2897,771038,9619900
CE-2896,771038,9619850
CE-2899,771038,9619800
CE-2898,771038,9619750
CE-2901,771038,9619700
CE-2900,771038,9619650
CE-2887,771038,9619600
CE-2886,771038,9619550
CE-2889,771038,9619500
CE-2888,771038,9619450
CE-2891,771038,9619400
CE-2890,771038,9619350
CE-2893,771038,9619300
CE-2892,771038,9619250
CE-2911,771038,9619200
CE-2910,771038,9619150
CE-2913,771038,9619100
CE-2912,771038,9619050
CE-2915,771038,9619000
CE-2914,771038,9618950
CE-2917,771038,9618900
CE-2916,771038,9618850
CE-2903,771038,9618800
CE-2902,771038,9618750
CE-2905,771038,9618700
CE-2904,771038,9618650
CE-2907,771038,9618600
CE-2906,771038,9618550
CE-2909,771038,9618500
CE-2908,771038,9618450
CE-2863,771038,9618400
CE-2862,771038,9618350
CE-2865,771038,9618300
CE-2864,771038,9618250
CE-2867,771038,9618200
CE-2866,771038,9618150
CE-2869,771038,9618100
CE-2868,771038,9618050
CE-2855,771038,9618002
CE-2854,771088,9620049
CE-2857,771088,9620000
CE-2856,771088,9619950
CE-2859,771088,9619900
CE-2858,771088,9619850
CE-2861,771088,9619800
CE-2860,771088,9619750
CE-2879,771088,9619700
CE-2878,771088,9619650
CE-2881,771088,9619600
CE-2880,771088,9619550
CE-2883,771088,9619500
CE-2882,771088,9619450
CE-2885,771088,9619400
CE-2884,771088,9619350
CE-2871,771088,9619300
CE-2870,771088,9619250
CE-2873,771088,9619200
CE-2872,771088,9619150
CE-2875,771088,9619100
CE-2874,771088,9619050
CE-2877,771088,9619000
CE-2876,771088,9618950
CE-2831,771088,9618900
CE-2830,771088,9618850
CE-2833,771088,9618800
CE-2832,771088,9618750
CE-2835,771088,9618700
CE-2834,771088,9618650
CE-2837,771088,9618600
CE-2836,771088,9618550
CE-2823,771088,9618500
CE-2822,771088,9618450
CE-2825,771088,9618400
CE-2824,771088,9618350
CE-2827,771088,9618300
CE-2826,771088,9618250
CE-2829,771088,9618200
CE-2828,771088,9618150
CE-2847,771088,9618100
CE-2846,771088,9618050
CE-2849,771088,9618002
CE-2848,771138,9620049
CE-2851,771138,9620000
CE-2850,771138,9619950
CE-2853,771138,9619900
CE-2852,771138,9619850
CE-2839,771138,9619800
CE-2838,771138,9619750
CE-2841,771138,9619700
CE-2840,771138,9619650
CE-2843,771138,9619600
CE-2842,771138,9619550
CE-2845,771138,9619500
CE-2844,771138,9619450
CE-2799,771138,9619400
CE-2798,771138,9619350
CE-2801,771138,9619300
CE-2800,771138,9619250
CE-2803,771138,9619200
CE-2802,771138,9619150
CE-2805,771138,9619100
CE-2804,771138,9619050
CE-2791,771138,9619000
CE-2790,771138,9618950
CE-2793,771138,9618900
CE-2792,771138,9618850
CE-2795,771138,9618800
CE-2794,771138,9618750
CE-2797,771138,9618700
CE-2796,771138,9618650
CE-2815,771138,9618600
CE-2814,771138,9618550
CE-2817,771138,9618500
CE-2816,771138,9618450
CE-2819,771138,9618400
CE-2818,771138,9618350
CE-2821,771138,9618300
CE-2820,771138,9618250
CE-2807,771138,9618200
CE-2806,771138,9618150
CE-2809,771138,9618100
CE-2808,771138,9618050
CE-2811,771138,9618002
CE-2810,771188,9620049
CE-2813,771188,9620000
CE-2812,771188,9619950
CE-2767,771188,9619900
CE-2766,771188,9619850
CE-2769,771188,9619800
CE-2768,771188,9619750
CE-2771,771188,9619700
CE-2770,771188,9619650
CE-2773,771188,9619600
CE-2772,771188,9619550
CE-2759,771188,9619500
CE-2758,771188,9619450
CE-2761,771188,9619400
CE-2760,771188,9619350
CE-2763,771188,9619300
CE-2762,771188,9619250
CE-2765,771188,9619200
CE-2764,771188,9619150
CE-2783,771188,9619100
CE-2782,771188,9619050
CE-2785,771188,9619000
CE-2784,771188,9618950
CE-2787,771188,9618900
CE-2786,771188,9618850
CE-2789,771188,9618800
CE-2788,771188,9618750
CE-2775,771188,9618700
CE-2774,771188,9618650
CE-2777,771188,9618600
CE-2776,771188,9618550
CE-2779,771188,9618500
CE-2778,771188,9618450
CE-2781,771188,9618400
CE-2780,771188,9618350
CE-2735,771188,9618300
CE-2734,771188,9618250
CE-2737,771188,9618200
CE-2736,771188,9618150
CE-2739,771188,9618100
CE-2738,771188,9618050
CE-2741,771188,9618002
CE-2740,771238,9620049
CE-2727,771238,9620000
CE-2726,771238,9619950
CE-2729,771238,9619900
CE-2728,771238,9619850
CE-2731,771238,9619800
CE-2730,771238,9619750
CE-2733,771238,9619700
CE-2732,771238,9619650
CE-2751,771238,9619600
CE-2750,771238,9619550
CE-2753,771238,9619500
CE-2752,771238,9619450
CE-2755,771238,9619400
CE-2754,771238,9619350
CE-2757,771238,9619300
CE-2756,771238,9619250
CE-2743,771238,9619200
CE-2742,771238,9619150
CE-2745,771238,9619100
CE-2744,771238,9619050
CE-2747,771238,9619000
CE-2746,771238,9618950
CE-2749,771238,9618900
CE-2748,771238,9618850
CE-2703,771238,9618800
CE-2702,771238,9618750
CE-2705,771238,9618700
CE-2704,771238,9618650
CE-2707,771238,9618600
CE-2706,771238,9618550
CE-2709,771238,9618500
CE-2708,771238,9618450
CE-2695,771238,9618400
CE-2694,771238,9618350
CE-2697,771238,9618300
CE-2696,771238,9618250
CE-2699,771238,9618200
CE-2698,771238,9618150
CE-2701,771238,9618100
CE-2700,771238,9618050
CE-2719,771238,9618002
CE-2718,771288,9620049
CE-2721,771288,9620000
CE-2720,771288,9619950
CE-2723,771288,9619900
CE-2722,771288,9619850
CE-2725,771288,9619800
CE-2724,771288,9619750
CE-2711,771288,9619700
CE-2710,771288,9619650
CE-2713,771288,9619600
CE-2712,771288,9619550
CE-2715,771288,9619500
CE-2714,771288,9619450
CE-2717,771288,9619400
CE-2716,771288,9619350
CE-1648,771288,9619300
CE-1647,771288,9619250
CE-1650,771288,9619200
CE-1649,771288,9619150
CE-1652,771288,9619100
CE-1651,771288,9619050
CE-1654,771288,9619000
CE-1653,771288,9618950
CE-1640,771288,9618900
CE-1639,771288,9618850
CE-1642,771288,9618800
CE-1641,771288,9618750
CE-1644,771288,9618700
CE-1643,771288,9618650
CE-1646,771288,9618600
CE-1645,771288,9618550
CE-1664,771288,9618500
CE-1663,771288,9618450
CE-1666,771288,9618400
CE-1665,771288,9618350
CE-1668,771288,9618300
CE-1667,771288,9618250
CE-1670,771288,9618200
CE-1669,771288,9618150
CE-1656,771288,9618100
CE-1655,771288,9618050
CE-1658,771288,9618002
CE-1657,771338,9620049
CE-1660,771338,9620000
CE-1659,771338,9619950
CE-1662,771338,9619900
CE-1661,771338,9619850
CE-1616,771338,9619800
CE-1615,771338,9619750
CE-1618,771338,9619700
CE-1617,771338,9619650
CE-1620,771338,9619600
CE-1619,771338,9619550
CE-1622,771338,9619500
CE-1621,771338,9619450
CE-1608,771338,9619400
CE-1607,771338,9619350
CE-1610,771338,9619300
CE-1609,771338,9619250
CE-1612,771338,9619200
CE-1611,771338,9619150
CE-1614,771338,9619100
CE-1613,771338,9619050
CE-1632,771338,9619000
CE-1631,771338,9618950
CE-1634,771338,9618900
CE-1633,771338,9618850
CE-1636,771338,9618800
CE-1635,771338,9618750
CE-1638,771338,9618700
CE-1637,771338,9618650
CE-1624,771338,9618600
CE-1623,771338,9618550
CE-1626,771338,9618500
CE-1625,771338,9618450
CE-1628,771338,9618400
CE-1627,771338,9618350
CE-1630,771338,9618300
CE-1629,771338,9618250
CE-1584,771338,9618200
CE-1583,771338,9618150
CE-1586,771338,9618100
CE-1585,771338,9618050
CE-1588,771338,9618002
CE-1587,771388,9620049
CE-1590,771388,9620000
CE-1589,771388,9619950
CE-1576,771388,9619900
CE-1575,771388,9619850
CE-1578,771388,9619800
CE-1577,771388,9619750
CE-1580,771388,9619700
CE-1579,771388,9619650
CE-1582,771388,9619600
CE-1581,771388,9619550
CE-1600,771388,9619500
CE-1599,771388,9619450
CE-1602,771388,9619400
CE-1601,771388,9619350
CE-1604,771388,9619300
CE-1603,771388,9619250
CE-1606,771388,9619200
CE-1605,771388,9619150
CE-1592,771388,9619100
CE-1591,771388,9619050
CE-1594,771388,9619000
CE-1593,771388,9618950
CE-1596,771388,9618900
CE-1595,771388,9618850
CE-1598,771388,9618800
CE-1597,771388,9618750
CE-1552,771388,9618700
CE-1551,771388,9618650
CE-1554,771388,9618600
CE-1553,771388,9618550
CE-1556,771388,9618500
CE-1555,771388,9618450
CE-1558,771388,9618400
CE-1557,771388,9618350
CE-1544,771388,9618300
CE-1543,771388,9618250
CE-1546,771388,9618200
CE-1545,771388,9618150
CE-1548,771388,9618100
CE-1547,771388,9618050
CE-1550,771388,9618002
CE-1549,771411,9617950
CE-1568,771411,9617900
CE-1567,771411,9617850
CE-1570,771411,9617800
CE-1569,771411,9617750
CE-1572,771411,9617700
CE-1571,771411,9617650
CE-1574,771411,9617600
CE-1573,771411,9617550
CE-1560,771411,9617500
CE-1559,771411,9617450
CE-1562,771411,9617400
CE-1561,771411,9617350
CE-1564,771411,9617300
CE-1563,771411,9617250
CE-1566,771411,9617200
CE-1565,771411,9617150
CE-1520,771411,9617100
CE-1519,771411,9617050
CE-1522,771411,9617000
CE-1521,771411,9616950
CE-1524,771411,9616915
CE-1523,771438,9620049
CE-1526,771438,9620000
CE-1525,771438,9619950
CE-1512,771438,9619900
CE-1511,771438,9619850
CE-1514,771438,9619800
CE-1513,771438,9619750
CE-1516,771438,9619700
CE-1515,771438,9619650
CE-1518,771438,9619600
CE-1517,771438,9619550
CE-1536,771438,9619500
CE-1535,771438,9619450
CE-1538,771438,9619400
CE-1537,771438,9619350
CE-1540,771438,9619300
CE-1539,771438,9619250
CE-1542,771438,9619200
CE-1541,771438,9619150
CE-1528,771438,9619100
CE-1527,771438,9619050
CE-1530,771438,9619000
CE-1529,771438,9618950
CE-1532,771438,9618900
CE-1531,771438,9618850
CE-1534,771438,9618800
CE-1533,771438,9618750
CE-1488,771438,9618700
CE-1487,771438,9618650
CE-1490,771438,9618600
CE-1489,771438,9618550
CE-1492,771438,9618500
CE-1491,771438,9618450
CE-1494,771438,9618400
CE-1493,771438,9618350
CE-1480,771438,9618300
CE-1479,771438,9618250
CE-1482,771438,9618200
CE-1481,771438,9618150
CE-1484,771438,9618100
CE-1483,771438,9618050
CE-1486,771438,9618000
CE-1485,771438,9617950
CE-1504,771438,9617900
CE-1503,771438,9617850
CE-1506,771438,9617800
CE-1505,771438,9617750
CE-1508,771438,9617700
CE-1507,771438,9617650
CE-1510,771438,9617600
CE-1509,771438,9617550
CE-1496,771438,9617500
CE-1495,771438,9617450
CE-1498,771438,9617400
CE-1497,771438,9617350
CE-1500,771438,9617300
CE-1499,771438,9617250
CE-1502,771438,9617200
CE-1501,771438,9617150
CE-1456,771438,9617100
CE-1455,771438,9617050
CE-1458,771438,9617000
CE-1457,771438,9616950
CE-1460,771438,9616915
CE-1459,771488,9620049
CE-1462,771488,9620000
CE-1461,771488,9619950
CE-1448,771488,9619900
CE-1447,771488,9619850
CE-1450,771488,9619800
CE-1449,771488,9619750
CE-1452,771488,9619700
CE-1451,771488,9619650
CE-1454,771488,9619600
CE-1453,771488,9619550
CE-1472,771488,9619500
CE-1471,771488,9619450
CE-1474,771488,9619400
CE-1473,771488,9619350
CE-1476,771488,9619300
CE-1475,771488,9619250
CE-1478,771488,9619200
CE-1477,771488,9619150
CE-1464,771488,9619100
CE-1463,771488,9619050
CE-1466,771488,9619000
CE-1465,771488,9618950
CE-1468,771488,9618900
CE-1467,771488,9618850
CE-1470,771488,9618800
CE-1469,771488,9618750
CE-1424,771488,9618700
CE-1423,771488,9618650
CE-1426,771488,9618600
CE-1425,771488,9618550
CE-1428,771488,9618500
CE-1427,771488,9618450
CE-1430,771488,9618400
CE-1429,771488,9618350
CE-1416,771488,9618300
CE-1415,771488,9618250
CE-1418,771488,9618200
CE-1417,771488,9618150
CE-1420,771488,9618100
CE-1419,771488,9618050
CE-1422,771488,9618000
CE-1421,771488,9617950
CE-1440,771488,9617900
CE-1439,771488,9617850
CE-1442,771488,9617800
CE-1441,771488,9617750
CE-1444,771488,9617700
CE-1443,771488,9617650
CE-1446,771488,9617600
CE-1445,771488,9617550
CE-1432,771488,9617500
CE-1431,771488,9617450
CE-1434,771488,9617400
CE-1433,771488,9617350
CE-1436,771488,9617300
CE-1435,771488,9617250
CE-1438,771488,9617200
CE-1437,771488,9617150
CE-1392,771488,9617100
CE-1391,771488,9617050
CE-1394,771488,9617000
CE-1393,771488,9616950
CE-1396,771488,9616915
CE-1395,771538,9620049
CE-1398,771538,9620000
CE-1397,771538,9619950
CE-1384,771538,9619900
CE-1383,771538,9619850
CE-1386,771538,9619800
CE-1385,771538,9619750
CE-1388,771538,9619700
CE-1387,771538,9619650
CE-1390,771538,9619600
CE-1389,771538,9619550
CE-1408,771538,9619500
CE-1407,771538,9619450
CE-1410,771538,9619400
CE-1409,771538,9619350
CE-1412,771538,9619300
CE-1411,771538,9619250
CE-1414,771538,9619200
CE-1413,771538,9619150
CE-1400,771538,9619100
CE-1399,771538,9619050
CE-1402,771538,9619000
CE-1401,771538,9618950
CE-1404,771538,9618900
CE-1403,771538,9618850
CE-1406,771538,9618800
CE-1405,771538,9618750
CE-1360,771538,9618700
CE-1359,771538,9618650
CE-1362,771538,9618600
CE-1361,771538,9618550
CE-1364,771538,9618500
CE-1363,771538,9618450
CE-1366,771538,9618400
CE-1365,771538,9618350
CE-1352,771538,9618300
CE-1351,771538,9618250
CE-1354,771538,9618200
CE-1353,771538,9618150
CE-1356,771538,9618100
CE-1355,771538,9618050
CE-1358,771538,9618000
CE-1357,771538,9617950
CE-1376,771538,9617900
CE-1375,771538,9617850
CE-1378,771538,9617800
CE-1377,771538,9617750
CE-1380,771538,9617700
CE-1379,771538,9617650
CE-1382,771538,9617600
CE-1381,771538,9617550
CE-1368,771538,9617500
CE-1367,771538,9617450
CE-1370,771538,9617400
CE-1369,771538,9617350
CE-1372,771538,9617300
CE-1371,771538,9617250
CE-1374,771538,9617200
CE-1373,771538,9617150
CE-1328,771538,9617100
CE-1327,771538,9617050
CE-1330,771538,9617000
CE-1329,771538,9616950
CE-1332,771538,9616915
CE-1331,771588,9620049
CE-1334,771588,9620000
CE-1333,771588,9619950
CE-1320,771588,9619900
CE-1319,771588,9619850
CE-1322,771588,9619800
CE-1321,771588,9619750
CE-1324,771588,9619700
CE-1323,771588,9619650
CE-1326,771588,9619600
CE-1325,771588,9619550
CE-1344,771588,9619500
CE-1343,771588,9619450
CE-1346,771588,9619400
CE-1345,771588,9619350
CE-1348,771588,9619300
CE-1347,771588,9619250
CE-1350,771588,9619200
CE-1349,771588,9619150
CE-1336,771588,9619100
CE-1335,771588,9619050
CE-1338,771588,9619000
CE-1337,771588,9618950
CE-1340,771588,9618900
CE-1339,771588,9618850
CE-1342,771588,9618800
CE-1341,771588,9618750
CE-1296,771588,9618700
CE-1295,771588,9618650
CE-1298,771588,9618600
CE-1297,771588,9618550
CE-1300,771588,9618500
CE-1299,771588,9618450
CE-1302,771588,9618400
CE-1301,771588,9618350
CE-1288,771588,9618300
CE-1287,771588,9618250
CE-1290,771588,9618200
CE-1289,771588,9618150
CE-1292,771588,9618100
CE-1291,771588,9618050
CE-1294,771588,9618000
CE-1293,771588,9617950
CE-1312,771588,9617900
CE-1311,771588,9617850
CE-1314,771588,9617800
CE-1313,771588,9617750
CE-1316,771588,9617700
CE-1315,771588,9617650
CE-1318,771588,9617600
CE-1317,771588,9617550
CE-1304,771588,9617500
CE-1303,771588,9617450
CE-1306,771588,9617400
CE-1305,771588,9617350
CE-1308,771588,9617300
CE-1307,771588,9617250
CE-1310,771588,9617200
CE-1309,771588,9617150
CE-1264,771588,9617100
CE-1263,771588,9617050
CE-1266,771588,9617000
CE-1265,771588,9616950
CE-1268,771588,9616915
CE-1267,771638,9620049
CE-1270,771638,9620000
CE-1269,771638,9619950
CE-1256,771638,9619900
CE-1255,771638,9619850
CE-1258,771638,9619800
CE-1257,771638,9619750
CE-1260,771638,9619700
CE-1259,771638,9619650
CE-1262,771638,9619600
CE-1261,771638,9619550
CE-1280,771638,9619500
CE-1279,771638,9619450
CE-1282,771638,9619400
CE-1281,771638,9619350
CE-1284,771638,9619300
CE-1283,771638,9619250
CE-1286,771638,9619200
CE-1285,771638,9619150
CE-1272,771638,9619100
CE-1271,771638,9619050
CE-1274,771638,9619000
CE-1273,771638,9618950
CE-1276,771638,9618900
CE-1275,771638,9618850
CE-1278,771638,9618800
CE-1277,771638,9618750
CE-1232,771638,9618700
CE-1231,771638,9618650
CE-1234,771638,9618600
CE-1233,771638,9618550
CE-1236,771638,9618500
CE-1235,771638,9618450
CE-1238,771638,9618400
CE-1237,771638,9618350
CE-1224,771638,9618300
CE-1223,771638,9618250
CE-1226,771638,9618200
CE-1225,771638,9618150
CE-1228,771638,9618100
CE-1227,771638,9618050
CE-1230,771638,9618000
CE-1229,771638,9617950
CE-1248,771638,9617900
CE-1247,771638,9617850
CE-1250,771638,9617800
CE-1249,771638,9617750
CE-1252,771638,9617700
CE-1251,771638,9617650
CE-1254,771638,9617600
CE-1253,771638,9617550
CE-1240,771638,9617500
CE-1239,771638,9617450
CE-1242,771638,9617400
CE-1241,771638,9617350
CE-1244,771638,9617300
CE-1243,771638,9617250
CE-1246,771638,9617200
CE-1245,771638,9617150
CE-1200,771638,9617100
CE-1199,771638,9617050
CE-1202,771638,9617000
CE-1201,771638,9616950
CE-1204,771638,9616915
CE-1203,771688,9620049
CE-1206,771688,9620000
CE-1205,771688,9619950
CE-1192,771688,9619900
CE-1191,771688,9619850
CE-1194,771688,9619800
CE-1193,771688,9619750
CE-1196,771688,9619700
CE-1195,771688,9619650
CE-1198,771688,9619600
CE-1197,771688,9619550
CE-1216,771688,9619500
CE-1215,771688,9619450
CE-1218,771688,9619400
CE-1217,771688,9619350
CE-1220,771688,9619300
CE-1219,771688,9619250
CE-1222,771688,9619200
CE-1221,771688,9619150
CE-1208,771688,9619100
CE-1207,771688,9619050
CE-1210,771688,9619000
CE-1209,771688,9618950
CE-1212,771688,9618900
CE-1211,771688,9618850
CE-1214,771688,9618800
CE-1213,771688,9618750
CE-1168,771688,9618700
CE-1167,771688,9618650
CE-1170,771688,9618600
CE-1169,771688,9618550
CE-1172,771688,9618500
CE-1171,771688,9618450
CE-1174,771688,9618400
CE-1173,771688,9618350
CE-1160,771688,9618300
CE-1159,771688,9618250
CE-1162,771688,9618200
CE-1161,771688,9618150
CE-1164,771688,9618100
CE-1163,771688,9618050
CE-1166,771688,9618000
CE-1165,771688,9617950
CE-1184,771688,9617900
CE-1183,771688,9617850
CE-1186,771688,9617800
CE-1185,771688,9617750
CE-1188,771688,9617700
CE-1187,771688,9617650
CE-1190,771688,9617600
CE-1189,771688,9617550
CE-1176,771688,9617500
CE-1175,771688,9617450
CE-1178,771688,9617400
CE-1177,771688,9617350
CE-1180,771688,9617300
CE-1179,771688,9617250
CE-1182,771688,9617200
CE-1181,771688,9617150
CE-2160,771688,9617100
CE-2159,771688,9617050
CE-2162,771688,9617000
CE-2161,771688,9616950
CE-2164,771688,9616915
CE-2163,771738,9620049
CE-2166,771738,9620000
CE-2165,771738,9619950
CE-2152,771738,9619900
CE-2151,771738,9619850
CE-2154,771738,9619800
CE-2153,771738,9619750
CE-2156,771738,9619700
CE-2155,771738,9619650
CE-2158,771738,9619600
CE-2157,771738,9619550
CE-2176,771738,9619500
CE-2175,771738,9619450
CE-2178,771738,9619400
CE-2177,771738,9619350
CE-2180,771738,9619300
CE-2179,771738,9619250
CE-2182,771738,9619200
CE-2181,771738,9619150
CE-2168,771738,9619100
CE-2167,771738,9619050
CE-2170,771738,9619000
CE-2169,771738,9618950
CE-2172,771738,9618900
CE-2171,771738,9618850
CE-2174,771738,9618800
CE-2173,771738,9618750
CE-2128,771738,9618700
CE-2127,771738,9618650
CE-2130,771738,9618600
CE-2129,771738,9618550
CE-2132,771738,9618500
CE-2131,771738,9618450
CE-2134,771738,9618400
CE-2133,771738,9618350
CE-2120,771738,9618300
CE-2119,771738,9618250
CE-2122,771738,9618200
CE-2121,771738,9618150
CE-2124,771738,9618100
CE-2123,771738,9618050
CE-2126,771738,9618000
CE-2125,771738,9617950
CE-2144,771738,9617900
CE-2143,771738,9617850
CE-2146,771738,9617800
CE-2145,771738,9617750
CE-2148,771738,9617700
CE-2147,771738,9617650
CE-2150,771738,9617600
CE-2149,771738,9617550
CE-2136,771738,9617500
CE-2135,771738,9617450
CE-2138,771738,9617400
CE-2137,771738,9617350
CE-2140,771738,9617300
CE-2139,771738,9617250
CE-2142,771738,9617200
CE-2141,771738,9617150
CE-2096,771738,9617100
CE-2095,771738,9617050
CE-2098,771738,9617000
CE-2097,771738,9616950
CE-2100,771738,9616915
CE-2099,771788,9620049
CE-2102,771788,9620000
CE-2101,771788,9619950
CE-2088,771788,9619900
CE-2087,771788,9619850
CE-2090,771788,9619800
CE-2089,771788,9619750
CE-2092,771788,9619700
CE-2091,771788,9619650
CE-2094,771788,9619600
CE-2093,771788,9619550
CE-2112,771788,9619500
CE-2111,771788,9619450
CE-2114,771788,9619400
CE-2113,771788,9619350
CE-2116,771788,9619300
CE-2115,771788,9619250
CE-2118,771788,9619200
CE-2117,771788,9619150
CE-2104,771788,9619100
CE-2103,771788,9619050
CE-2106,771788,9619000
CE-2105,771788,9618950
CE-2108,771788,9618900
CE-2107,771788,9618850
CE-2110,771788,9618800
CE-2109,771788,9618750
CE-2064,771788,9618700
CE-2063,771788,9618650
CE-2066,771788,9618600
CE-2065,771788,9618550
CE-2068,771788,9618500
CE-2067,771788,9618450
CE-2070,771788,9618400
CE-2069,771788,9618350
CE-2056,771788,9618300
CE-2055,771788,9618250
CE-2058,771788,9618200
CE-2057,771788,9618150
CE-2060,771788,9618100
CE-2059,771788,9618050
CE-2062,771788,9618000
CE-2061,771788,9617950
CE-2080,771788,9617900
CE-2079,771788,9617850
CE-2082,771788,9617800
CE-2081,771788,9617750
CE-2084,771788,9617700
CE-2083,771788,9617650
CE-2086,771788,9617600
CE-2085,771788,9617550
CE-2072,771788,9617500
CE-2071,771788,9617450
CE-2074,771788,9617400
CE-2073,771788,9617350
CE-2076,771788,9617300
CE-2075,771788,9617250
CE-2078,771788,9617200
CE-2077,771788,9617150
CE-2032,771788,9617100
CE-2031,771788,9617050
CE-2034,771788,9617000
CE-2033,771788,9616950
CE-2036,771788,9616915
CE-2035,771838,9620049
CE-2038,771838,9620000
CE-2037,771838,9619950
CE-2024,771838,9619900
CE-2023,771838,9619850
CE-2026,771838,9619800
CE-2025,771838,9619750
CE-2028,771838,9619700
CE-2027,771838,9619650
CE-2030,771838,9619600
CE-2029,771838,9619550
CE-2048,771838,9619500
CE-2047,771838,9619450
CE-2050,771838,9619400
CE-2049,771838,9619350
CE-2052,771838,9619300
CE-2051,771838,9619250
CE-2054,771838,9619200
CE-2053,771838,9619150
CE-2040,771838,9619100
CE-2039,771838,9619050
CE-2042,771838,9619000
CE-2041,771838,9618950
CE-2044,771838,9618900
CE-2043,771838,9618850
CE-2046,771838,9618800
CE-2045,771838,9618750
CE-2000,771838,9618700
CE-1999,771838,9618650
CE-2002,771838,9618600
CE-2001,771838,9618550
CE-2004,771838,9618500
CE-2003,771838,9618450
CE-2006,771838,9618400
CE-2005,771838,9618350
CE-1992,771838,9618300
CE-1991,771838,9618250
CE-1994,771838,9618200
CE-1993,771838,9618150
CE-1996,771838,9618100
CE-1995,771838,9618050
CE-1998,771838,9618000
CE-1997,771838,9617950
CE-2016,771838,9617900
CE-2015,771838,9617850
CE-2018,771838,9617800
CE-2017,771838,9617750
CE-2020,771838,9617700
CE-2019,771838,9617650
CE-2022,771838,9617600
CE-2021,771838,9617550
CE-2008,771838,9617500
CE-2007,771838,9617450
CE-2010,771838,9617400
CE-2009,771838,9617350
CE-2012,771838,9617300
CE-2011,771838,9617250
CE-2014,771838,9617200
CE-2013,771838,9617150
CE-1968,771838,9617100
CE-1967,771838,9617050
CE-1970,771838,9617000
CE-1969,771838,9616950
CE-1972,771838,9616915
CE-1971,771888,9620049
CE-1974,771888,9620000
CE-1973,771888,9619950
CE-1960,771888,9619900
CE-1959,771888,9619850
CE-1962,771888,9619800
CE-1961,771888,9619750
CE-1964,771888,9619700
CE-1963,771888,9619650
CE-1966,771888,9619600
CE-1965,771888,9619550
CE-1984,771888,9619500
CE-1983,771888,9619450
CE-1986,771888,9619400
CE-1985,771888,9619350
CE-1988,771888,9619300
CE-1987,771888,9619250
CE-1990,771888,9619200
CE-1989,771888,9619150
CE-1976,771888,9619100
CE-1975,771888,9619050
CE-1978,771888,9619000
CE-1977,771888,9618950
CE-1980,771888,9618900
CE-1979,771888,9618850
CE-1982,771888,9618800
CE-1981,771888,9618750
CE-1936,771888,9618700
CE-1935,771888,9618650
CE-1938,771888,9618600
CE-1937,771888,9618550
CE-1940,771888,9618500
CE-1939,771888,9618450
CE-1942,771888,9618400
CE-1941,771888,9618350
CE-1928,771888,9618300
CE-1927,771888,9618250
CE-1930,771888,9618200
CE-1929,771888,9618150
CE-1932,771888,9618100
CE-1931,771888,9618050
CE-1934,771888,9618000
CE-1933,771888,9617950
CE-1952,771888,9617900
CE-1951,771888,9617850
CE-1954,771888,9617800
CE-1953,771888,9617750
CE-1956,771888,9617700
CE-1955,771888,9617650
CE-1958,771888,9617600
CE-1957,771888,9617550
CE-1944,771888,9617500
CE-1943,771888,9617450
CE-1946,771888,9617400
CE-1945,771888,9617350
CE-1948,771888,9617300
CE-1947,771888,9617250
CE-1950,771888,9617200
CE-1949,771888,9617150
CE-1904,771888,9617100
CE-1903,771888,9617050
CE-1906,771888,9617000
CE-1905,771888,9616950
CE-1908,771888,9616915
CE-1907,771938,9620049
CE-1910,771938,9620000
CE-1909,771938,9619950
CE-1896,771938,9619900
CE-1895,771938,9619850
CE-1898,771938,9619800
CE-1897,771938,9619750
CE-1900,771938,9619700
CE-1899,771938,9619650
CE-1902,771938,9619600
CE-1901,771938,9619550
CE-1920,771938,9619500
CE-1919,771938,9619450
CE-1922,771938,9619400
CE-1921,771938,9619350
CE-1924,771938,9619300
CE-1923,771938,9619250
CE-1926,771938,9619200
CE-1925,771938,9619150
CE-1912,771938,9619100
CE-1911,771938,9619050
CE-1914,771938,9619000
CE-1913,771938,9618950
CE-1916,771938,9618900
CE-1915,771938,9618850
CE-1918,771938,9618800
CE-1917,771938,9618750
CE-1872,771938,9618700
CE-1871,771938,9618650
CE-1874,771938,9618600
CE-1873,771938,9618550
CE-1876,771938,9618500
CE-1875,771938,9618450
CE-1878,771938,9618400
CE-1877,771938,9618350
CE-1864,771938,9618300
CE-1863,771938,9618250
CE-1866,771938,9618200
CE-1865,771938,9618150
CE-1868,771938,9618100
CE-1867,771938,9618050
CE-1870,771938,9618000
CE-1869,771938,9617950
CE-1888,771938,9617900
CE-1887,771938,9617850
CE-1890,771938,9617800
CE-1889,771938,9617750
CE-1892,771938,9617700
CE-1891,771938,9617650
CE-1894,771938,9617600
CE-1893,771938,9617550
CE-1880,771938,9617500
CE-1879,771938,9617450
CE-1882,771938,9617400
CE-1881,771938,9617350
CE-1884,771938,9617300
CE-1883,771938,9617250
CE-1886,771938,9617200
CE-1885,771938,9617150
CE-1840,771938,9617100
CE-1839,771938,9617050
CE-1842,771938,9617000
CE-1841,771938,9616950
CE-1844,771938,9616915
CE-1843,771988,9620049
CE-1846,771988,9620000
CE-1845,771988,9619950
CE-1832,771988,9619900
CE-1831,771988,9619850
CE-1834,771988,9619800
CE-1833,771988,9619750
CE-1836,771988,9619700
CE-1835,771988,9619650
CE-1838,771988,9619600
CE-1837,771988,9619550
CE-1856,771988,9619500
CE-1855,771988,9619450
CE-1858,771988,9619400
CE-1857,771988,9619350
CE-1860,771988,9619300
CE-1859,771988,9619250
CE-1862,771988,9619200
CE-1861,771988,9619150
CE-1848,771988,9619100
CE-1847,771988,9619050
CE-1850,771988,9619000
CE-1849,771988,9618950
CE-1852,771988,9618900
CE-1851,771988,9618850
CE-1854,771988,9618800
CE-1853,771988,9618750
CE-1808,771988,9618700
CE-1807,771988,9618650
CE-1810,771988,9618600
CE-1809,771988,9618550
CE-1812,771988,9618500
CE-1811,771988,9618450
CE-1814,771988,9618400
CE-1813,771988,9618350
CE-1800,771988,9618300
CE-1799,771988,9618250
CE-1802,771988,9618200
CE-1801,771988,9618150
CE-1804,771988,9618100
CE-1803,771988,9618050
CE-1806,771988,9618000
CE-1805,771988,9617950
CE-1824,771988,9617900
CE-1823,771988,9617850
CE-1826,771988,9617800
CE-1825,771988,9617750
CE-1828,771988,9617700
CE-1827,771988,9617650
CE-1830,771988,9617600
CE-1829,771988,9617550
CE-1816,771988,9617500
CE-1815,771988,9617450
CE-1818,771988,9617400
CE-1817,771988,9617350
CE-1820,771988,9617300
CE-1819,771988,9617250
CE-1822,771988,9617200
CE-1821,771988,9617150
CE-1776,771988,9617100
CE-1775,771988,9617050
CE-1778,771988,9617000
CE-1777,771988,9616950
CE-1780,771988,9616915
CE-1779,772038,9620049
CE-1782,772038,9620000
CE-1781,772038,9619950
CE-1768,772038,9619900
CE-1767,772038,9619850
CE-1770,772038,9619800
CE-1769,772038,9619750
CE-1772,772038,9619700
CE-1771,772038,9619650
CE-1774,772038,9619600
CE-1773,772038,9619550
CE-1792,772038,9619500
CE-1791,772038,9619450
CE-1794,772038,9619400
CE-1793,772038,9619350
CE-1796,772038,9619300
CE-1795,772038,9619250
CE-1798,772038,9619200
CE-1797,772038,9619150
CE-1784,772038,9619100
CE-1783,772038,9619050
CE-1786,772038,9619000
CE-1785,772038,9618950
CE-1788,772038,9618900
CE-1787,772038,9618850
CE-1790,772038,9618800
CE-1789,772038,9618750
CE-1744,772038,9618700
CE-1743,772038,9618650
CE-1746,772038,9618600
CE-1745,772038,9618550
CE-1748,772038,9618500
CE-1747,772038,9618450
CE-1750,772038,9618400
CE-1749,772038,9618350
CE-1736,772038,9618300
CE-1735,772038,9618250
CE-1738,772038,9618200
CE-1737,772038,9618150
CE-1740,772038,9618100
CE-1739,772038,9618050
CE-1742,772038,9618000
CE-1741,772038,9617950
CE-1760,772038,9617900
CE-1759,772038,9617850
CE-1762,772038,9617800
CE-1761,772038,9617750
CE-1764,772038,9617700
CE-1763,772038,9617650
CE-1766,772038,9617600
CE-1765,772038,9617550
CE-1752,772038,9617500
CE-1751,772038,9617450
CE-1754,772038,9617400
CE-1753,772038,9617350
CE-1756,772038,9617300
CE-1755,772038,9617250
CE-1758,772038,9617200
CE-1757,772038,9617150
CE-1712,772038,9617100
CE-1711,772038,9617050
CE-1714,772038,9617000
CE-1713,772038,9616950
CE-1716,772038,9616915
CE-1715,772088,9620050
CE-1718,772088,9620000
CE-1717,772088,9619950
CE-1704,772088,9619900
CE-1703,772088,9619850
CE-1706,772088,9619800
CE-1705,772088,9619750
CE-1708,772088,9619700
CE-1707,772088,9619650
CE-1710,772088,9619600
CE-1709,772088,9619550
CE-1728,772088,9619500
CE-1727,772088,9619450
CE-1730,772088,9619400
CE-1729,772088,9619350
CE-1732,772088,9619300
CE-1731,772088,9619250
CE-1734,772088,9619200
CE-1733,772088,9619150
CE-1720,772088,9619100
CE-1719,772088,9619050
CE-1722,772088,9619000
CE-1721,772088,9618950
CE-1724,772088,9618900
CE-1723,772088,9618850
CE-1726,772088,9618800
CE-1725,772088,9618750
CE-1680,772088,9618700
CE-1679,772088,9618650
CE-1682,772088,9618600
CE-1681,772088,9618550
CE-1684,772088,9618500
CE-1683,772088,9618450
CE-1686,772088,9618400
CE-1685,772088,9618350
CE-1672,772088,9618300
CE-1671,772088,9618250
CE-1674,772088,9618200
CE-1673,772088,9618150
CE-1676,772088,9618100
CE-1675,772088,9618050
CE-1678,772088,9618000
CE-1677,772088,9617950
CE-1696,772088,9617900
CE-1695,772088,9617850
CE-1698,772088,9617800
CE-1697,772088,9617750
CE-1700,772088,9617700
CE-1699,772088,9617650
CE-1702,772088,9617600
CE-1701,772088,9617550
CE-1688,772088,9617500
CE-1687,772088,9617450
CE-1690,772088,9617400
CE-1689,772088,9617350
CE-1692,772088,9617300
CE-1691,772088,9617250
CE-1694,772088,9617200
CE-1693,772088,9617150
CE-0624,772088,9617100
CE-0623,772088,9617050
CE-0626,772088,9617000
CE-0625,772088,9616950
CE-0628,772088,9616915
CE-0627,772138,9620050
CE-0630,772138,9620000
CE-0629,772138,9619950
CE-0616,772138,9619900
CE-0615,772138,9619850
CE-0618,772138,9619800
CE-0617,772138,9619750
CE-0620,772138,9619700
CE-0619,772138,9619650
CE-0622,772138,9619600
CE-0621,772138,9619550
CE-0640,772138,9619500
CE-0639,772138,9619450
CE-0642,772138,9619400
CE-0641,772138,9619350
CE-0644,772138,9619300
CE-0643,772138,9619250
CE-0646,772138,9619200
CE-0645,772138,9619150
CE-0632,772138,9619100
CE-0631,772138,9619050
CE-0634,772138,9619000
CE-0633,772138,9618950
CE-0636,772138,9618900
CE-0635,772138,9618850
CE-0638,772138,9618800
CE-0637,772138,9618750
CE-0592,772138,9618700
CE-0591,772138,9618650
CE-0594,772138,9618600
CE-0593,772138,9618550
CE-0596,772138,9618500
CE-0595,772138,9618450
CE-0598,772138,9618400
CE-0597,772138,9618350
CE-0584,772138,9618300
CE-0583,772138,9618250
CE-0586,772138,9618200
CE-0585,772138,9618150
CE-0588,772138,9618100
CE-0587,772138,9618050
CE-0590,772138,9618000
CE-0589,772138,9617950
CE-0608,772138,9617900
CE-0607,772138,9617850
CE-0610,772138,9617800
CE-0609,772138,9617750
CE-0612,772138,9617700
CE-0611,772138,9617650
CE-0614,772138,9617600
CE-0613,772138,9617550
CE-0600,772138,9617500
CE-0599,772138,9617450
CE-0602,772138,9617400
CE-0601,772138,9617350
CE-0604,772138,9617300
CE-0603,772138,9617250
CE-0606,772138,9617200
CE-0605,772138,9617150
CE-0560,772138,9617100
CE-0559,772138,9617050
CE-0562,772138,9617000
CE-0561,772138,9616950
CE-0564,772138,9616915
CE-0563,772188,9620050
CE-0566,772188,9620000
CE-0565,772188,9619950
CE-0552,772188,9619900
CE-0551,772188,9619850
CE-0554,772188,9619800
CE-0553,772188,9619750
CE-0556,772188,9619700
CE-0555,772188,9619650
CE-0558,772188,9619600
CE-0557,772188,9619550
CE-0576,772188,9619500
CE-0575,772188,9619450
CE-0578,772188,9619400
CE-0577,772188,9619350
CE-0580,772188,9619300
CE-0579,772188,9619250
CE-0582,772188,9619200
CE-0581,772188,9619150
CE-0568,772188,9619100
CE-0567,772188,9619050
CE-0570,772188,9619000
CE-0569,772188,9618950
CE-0572,772188,9618900
CE-0571,772188,9618850
CE-0574,772188,9618800
CE-0573,772188,9618750
CE-0528,772188,9618700
CE-0527,772188,9618650
CE-0530,772188,9618600
CE-0529,772188,9618550
CE-0532,772188,9618500
CE-0531,772188,9618450
CE-0534,772188,9618400
CE-0533,772188,9618350
CE-0520,772188,9618300
CE-0519,772188,9618250
CE-0522,772188,9618200
CE-0521,772188,9618150
CE-0524,772188,9618100
CE-0523,772188,9618050
CE-0526,772188,9618000
CE-0525,772188,9617950
CE-0544,772188,9617900
CE-0543,772188,9617850
CE-0546,772188,9617800
CE-0545,772188,9617750
CE-0548,772188,9617700
CE-0547,772188,9617650
CE-0550,772188,9617600
CE-0549,772188,9617550
CE-0536,772188,9617500
CE-0535,772188,9617450
CE-0538,772188,9617400
CE-0537,772188,9617350
CE-0540,772188,9617300
CE-0539,772188,9617250
CE-0542,772188,9617200
CE-0541,772188,9617150
CE-0496,772188,9617100
CE-0495,772188,9617050
CE-0498,772188,9617000
CE-0497,772188,9616950
CE-0500,772188,9616915
CE-0499,772238,9620050
CE-0502,772238,9620000
CE-0501,772238,9619950
CE-0488,772238,9619900
CE-0487,772238,9619850
CE-0490,772238,9619800
CE-0489,772238,9619750
CE-0492,772238,9619700
CE-0491,772238,9619650
CE-0494,772238,9619600
CE-0493,772238,9619550
CE-0512,772238,9619500
CE-0511,772238,9619450
CE-0514,772238,9619400
CE-0513,772238,9619350
CE-0516,772238,9619300
CE-0515,772238,9619250
CE-0518,772238,9619200
CE-0517,772238,9619150
CE-0504,772238,9619100
CE-0503,772238,9619050
CE-0506,772238,9619000
CE-0505,772238,9618950
CE-0508,772238,9618900
CE-0507,772238,9618850
CE-0510,772238,9618800
CE-0509,772238,9618750
CE-0464,772238,9618700
CE-0463,772238,9618650
CE-0466,772238,9618600
CE-0465,772238,9618550
CE-0468,772238,9618500
CE-0467,772238,9618450
CE-0470,772238,9618400
CE-0469,772238,9618350
CE-0456,772238,9618300
CE-0455,772238,9618250
CE-0458,772238,9618200
CE-0457,772238,9618150
CE-0460,772238,9618100
CE-0459,772238,9618050
CE-0462,772238,9618000
CE-0461,772238,9617950
CE-0480,772238,9617900
CE-0479,772238,9617850
CE-0482,772238,9617800
CE-0481,772238,9617750
CE-0484,772238,9617700
CE-0483,772238,9617650
CE-0486,772238,9617600
CE-0485,772238,9617550
CE-0472,772238,9617500
CE-0471,772238,9617450
CE-0474,772238,9617400
CE-0473,772238,9617350
CE-0476,772238,9617300
CE-0475,772238,9617250
CE-0478,772238,9617200
CE-0477,772238,9617150
CE-0432,772238,9617100
CE-0431,772238,9617050
CE-0434,772238,9617000
CE-0433,772238,9616950
CE-0436,772238,9616915
CE-0435,772288,9620050
CE-0438,772288,9620000
CE-0437,772288,9619950
CE-0424,772288,9619900
CE-0423,772288,9619850
CE-0426,772288,9619800
CE-0425,772288,9619750
CE-0428,772288,9619700
CE-0427,772288,9619650
CE-0430,772288,9619600
CE-0429,772288,9619550
CE-0448,772288,9619500
CE-0447,772288,9619450
CE-0450,772288,9619400
CE-0449,772288,9619350
CE-0452,772288,9619300
CE-0451,772288,9619250
CE-0454,772288,9619200
CE-0453,772288,9619150
CE-0440,772288,9619100
CE-0439,772288,9619050
CE-0442,772288,9619000
CE-0441,772288,9618950
CE-0444,772288,9618900
CE-0443,772288,9618850
CE-0446,772288,9618800
CE-0445,772288,9618750
CE-0400,772288,9618700
CE-0399,772288,9618650
CE-0402,772288,9618600
CE-0401,772288,9618550
CE-0404,772288,9618500
CE-0403,772288,9618450
CE-0406,772288,9618400
CE-0405,772288,9618350
CE-0392,772288,9618300
CE-0391,772288,9618250
CE-0394,772288,9618200
CE-0393,772288,9618150
CE-0396,772288,9618100
CE-0395,772288,9618050
CE-0398,772288,9618000
CE-0397,772288,9617950
CE-0416,772288,9617900
CE-0415,772288,9617850
CE-0418,772288,9617800
CE-0417,772288,9617750
CE-0420,772288,9617700
CE-0419,772288,9617650
CE-0422,772288,9617600
CE-0421,772288,9617550
CE-0408,772288,9617500
CE-0407,772288,9617450
CE-0410,772288,9617400
CE-0409,772288,9617350
CE-0412,772288,9617300
CE-0411,772288,9617250
CE-0414,772288,9617200
CE-0413,772288,9617150
CE-0368,772288,9617100
CE-0367,772288,9617050
CE-0370,772288,9617000
CE-0369,772288,9616950
CE-0372,772288,9616915
CE-0371,772338,9620050
CE-0374,772338,9620000
CE-0373,772338,9619950
CE-0360,772338,9619900
CE-0359,772338,9619850
CE-0362,772338,9619800
CE-0361,772338,9619750
CE-0364,772338,9619700
CE-0363,772338,9619650
CE-0366,772338,9619600
CE-0365,772338,9619550
CE-0384,772338,9619500
CE-0383,772338,9619450
CE-0386,772338,9619400
CE-0385,772338,9619350
CE-0388,772338,9619300
CE-0387,772338,9619250
CE-0390,772338,9619200
CE-0389,772338,9619150
CE-0376,772338,9619100
CE-0375,772338,9619050
CE-0378,772338,9619000
CE-0377,772338,9618950
CE-0380,772338,9618900
CE-0379,772338,9618850
CE-0382,772338,9618800
CE-0381,772338,9618750
CE-0336,772338,9618700
CE-0335,772338,9618650
CE-0338,772338,9618600
CE-0337,772338,9618550
CE-0340,772338,9618500
CE-0339,772338,9618450
CE-0342,772338,9618400
CE-0341,772338,9618350
CE-0328,772338,9618300
CE-0327,772338,9618250
CE-0330,772338,9618200
CE-0329,772338,9618150
CE-0332,772338,9618100
CE-0331,772338,9618050
CE-0334,772338,9618000
CE-0333,772338,9617950
CE-0352,772338,9617900
CE-0351,772338,9617850
CE-0354,772338,9617800
CE-0353,772338,9617750
CE-0356,772338,9617700
CE-0355,772338,9617650
CE-0358,772338,9617600
CE-0357,772338,9617550
CE-0344,772338,9617500
CE-0343,772338,9617450
CE-0346,772338,9617400
CE-0345,772338,9617350
CE-0348,772338,9617300
CE-0347,772338,9617250
CE-0350,772338,9617200
CE-0349,772338,9617150
CE-0304,772338,9617100
CE-0303,772338,9617050
CE-0306,772338,9617000
CE-0305,772338,9616950
CE-0308,772338,9616915
CE-0307,772388,9620050
CE-0310,772388,9620000
CE-0309,772388,9619950
CE-0296,772388,9619900
CE-0295,772388,9619850
CE-0298,772388,9619800
CE-0297,772388,9619750
CE-0300,772388,9619700
CE-0299,772388,9619650
CE-0302,772388,9619600
CE-0301,772388,9619550
CE-0320,772388,9619500
CE-0319,772388,9619450
CE-0322,772388,9619400
CE-0321,772388,9619350
CE-0324,772388,9619300
CE-0323,772388,9619250
CE-0326,772388,9619200
CE-0325,772388,9619150
CE-0312,772388,9619100
CE-0311,772388,9619050
CE-0314,772388,9619000
CE-0313,772388,9618950
CE-0316,772388,9618900
CE-0315,772388,9618850
CE-0318,772388,9618800
CE-0317,772388,9618750
CE-0272,772388,9618700
CE-0271,772388,9618650
CE-0274,772388,9618600
CE-0273,772388,9618550
CE-0276,772388,9618500
CE-0275,772388,9618450
CE-0278,772388,9618400
CE-0277,772388,9618350
CE-0264,772388,9618300
CE-0263,772388,9618250
CE-0266,772388,9618200
CE-0265,772388,9618150
CE-0268,772388,9618100
CE-0267,772388,9618050
CE-0270,772388,9618000
CE-0269,772388,9617950
CE-0288,772388,9617900
CE-0287,772388,9617850
CE-0290,772388,9617800
CE-0289,772388,9617750
CE-0292,772388,9617700
CE-0291,772388,9617650
CE-0294,772388,9617600
CE-0293,772388,9617550
CE-0280,772388,9617500
CE-0279,772388,9617450
CE-0282,772388,9617400
CE-0281,772388,9617350
CE-0284,772388,9617300
CE-0283,772388,9617250
CE-0286,772388,9617200
CE-0285,772388,9617150
CE-0240,772388,9617100
CE-0239,772388,9617050
CE-0242,772388,9617000
CE-0241,772388,9616950
CE-0244,772388,9616915
CE-0243,772438,9620050
CE-0246,772438,9620000
CE-0245,772438,9619950
CE-0232,772438,9619900
CE-0231,772438,9619850
CE-0234,772438,9619800
CE-0233,772438,9619750
CE-0236,772438,9619700
CE-0235,772438,9619650
CE-0238,772438,9619600
CE-0237,772438,9619550
CE-0256,772438,9619500
CE-0255,772438,9619450
CE-0258,772438,9619400
CE-0257,772438,9619350
CE-0260,772438,9619300
CE-0259,772438,9619250
CE-0262,772438,9619200
CE-0261,772438,9619150
CE-0248,772438,9619100
CE-0247,772438,9619050
CE-0250,772438,9619000
CE-0249,772438,9618950
CE-0252,772438,9618900
CE-0251,772438,9618850
CE-0254,772438,9618800
CE-0253,772438,9618750
CE-0208,772438,9618700
CE-0207,772438,9618650
CE-0210,772438,9618600
CE-0209,772438,9618550
CE-0212,772438,9618500
CE-0211,772438,9618450
CE-0214,772438,9618400
CE-0213,772438,9618350
CE-0200,772438,9618300
CE-0199,772438,9618250
CE-0202,772438,9618200
CE-0201,772438,9618150
CE-0204,772438,9618100
CE-0203,772438,9618050
CE-0206,772438,9618000
CE-0205,772438,9617950
CE-0224,772438,9617900
CE-0223,772438,9617850
CE-0226,772438,9617800
CE-0225,772438,9617750
CE-0228,772438,9617700
CE-0227,772438,9617650
CE-0230,772438,9617600
CE-0229,772438,9617550
CE-0216,772438,9617500
CE-0215,772438,9617450
CE-0218,772438,9617400
CE-0217,772438,9617350
CE-0220,772438,9617300
CE-0219,772438,9617250
CE-0222,772438,9617200
CE-0221,772438,9617150
CE-0176,772438,9617100
CE-0175,772438,9617050
CE-0178,772438,9617000
CE-0177,772438,9616950
CE-0180,772438,9616915
CE-0179,772488,9620050
CE-0182,772488,9620000
CE-0181,772488,9619950
CE-0168,772488,9619900
CE-0167,772488,9619850
CE-0170,772488,9619800
CE-0169,772488,9619750
CE-0172,772488,9619700
CE-0171,772488,9619650
CE-0174,772488,9619600
CE-0173,772488,9619550
CE-0192,772488,9619500
CE-0191,772488,9619450
CE-0194,772488,9619400
CE-0193,772488,9619350
CE-0196,772488,9619300
CE-0195,772488,9619250
CE-0198,772488,9619200
CE-0197,772488,9619150
CE-0184,772488,9619100
CE-0183,772488,9619050
CE-0186,772488,9619000
CE-0185,772488,9618950
CE-0188,772488,9618900
CE-0187,772488,9618850
CE-0190,772488,9618800
CE-0189,772488,9618750
CE-0144,772488,9618700
CE-0143,772488,9618650
CE-0146,772488,9618600
CE-0145,772488,9618550
CE-0148,772488,9618500
CE-0147,772488,9618450
CE-0150,772488,9618400
CE-0149,772488,9618350
CE-0136,772488,9618300
CE-0135,772488,9618250
CE-0138,772488,9618200
CE-0137,772488,9618150
CE-0140,772488,9618100
CE-0139,772488,9618050
CE-0142,772488,9618000
CE-0141,772488,9617950
CE-0160,772488,9617900
CE-0159,772488,9617850
CE-0162,772488,9617800
CE-0161,772488,9617750
CE-0164,772488,9617700
CE-0163,772488,9617650
CE-0166,772488,9617600
CE-0165,772488,9617550
CE-0152,772488,9617500
CE-0151,772488,9617450
CE-0154,772488,9617400
CE-0153,772488,9617350
CE-0156,772488,9617300
CE-0155,772488,9617250
CE-0158,772488,9617200
CE-0157,772488,9617150
CE-1136,772488,9617100
CE-1135,772488,9617050
CE-1138,772488,9617000
CE-1137,772488,9616950
CE-1140,772488,9616915
CE-1139,772538,9620050
CE-1142,772538,9620000
CE-1141,772538,9619950
CE-1128,772538,9619900
CE-1127,772538,9619850
CE-1130,772538,9619800
CE-1129,772538,9619750
CE-1132,772538,9619700
CE-1131,772538,9619650
CE-1134,772538,9619600
CE-1133,772538,9619550
CE-1152,772538,9619500
CE-1151,772538,9619450
CE-1154,772538,9619400
CE-1153,772538,9619350
CE-1156,772538,9619300
CE-1155,772538,9619250
CE-1158,772538,9619200
CE-1157,772538,9619150
CE-1144,772538,9619100
CE-1143,772538,9619050
CE-1146,772538,9619000
CE-1145,772538,9618950
CE-1148,772538,9618900
CE-1147,772538,9618850
CE-1150,772538,9618800
CE-1149,772538,9618750
CE-1104,772538,9618700
CE-1103,772538,9618650
CE-1106,772538,9618600
CE-1105,772538,9618550
CE-1108,772538,9618500
CE-1107,772538,9618450
CE-1110,772538,9618400
CE-1109,772538,9618350
CE-1096,772538,9618300
CE-1095,772538,9618250
CE-1098,772538,9618200
CE-1097,772538,9618150
CE-1100,772538,9618100
CE-1099,772538,9618050
CE-1102,772538,9618000
CE-1101,772538,9617950
CE-1120,772538,9617900
CE-1119,772538,9617850
CE-1122,772538,9617800
CE-1121,772538,9617750
CE-1124,772538,9617700
CE-1123,772538,9617650
CE-1126,772538,9617600
CE-1125,772538,9617550
CE-1112,772538,9617500
CE-1111,772538,9617450
CE-1114,772538,9617400
CE-1113,772538,9617350
CE-1116,772538,9617300
CE-1115,772538,9617250
CE-1118,772538,9617200
CE-1117,772538,9617150
CE-1072,772538,9617100
CE-1071,772538,9617050
CE-1074,772538,9617000
CE-1073,772538,9616950
CE-1076,772538,9616915
CE-1075,772588,9620050
CE-1078,772588,9620000
CE-1077,772588,9619950
CE-1064,772588,9619900
CE-1063,772588,9619850
CE-1066,772588,9619800
CE-1065,772588,9619750
CE-1068,772588,9619700
CE-1067,772588,9619650
CE-1070,772588,9619600
CE-1069,772588,9619550
CE-1088,772588,9619500
CE-1087,772588,9619450
CE-1090,772588,9619400
CE-1089,772588,9619350
CE-1092,772588,9619300
CE-1091,772588,9619250
CE-1094,772588,9619200
CE-1093,772588,9619150
CE-1080,772588,9619100
CE-1079,772588,9619050
CE-1082,772588,9619000
CE-1081,772588,9618950
CE-1084,772588,9618900
CE-1083,772588,9618850
CE-1086,772588,9618800
CE-1085,772588,9618750
CE-1040,772588,9618700
CE-1039,772588,9618650
CE-1042,772588,9618600
CE-1041,772588,9618550
CE-1044,772588,9618500
CE-1043,772588,9618450
CE-1046,772588,9618400
CE-1045,772588,9618350
CE-1032,772588,9618300
CE-1031,772588,9618250
CE-1034,772588,9618200
CE-1033,772588,9618150
CE-1036,772588,9618100
CE-1035,772588,9618050
CE-1038,772588,9618000
CE-1037,772588,9617950
CE-1056,772588,9617900
CE-1055,772588,9617850
CE-1058,772588,9617800
CE-1057,772588,9617750
CE-1060,772588,9617700
CE-1059,772588,9617650
CE-1062,772588,9617600
CE-1061,772588,9617550
CE-1048,772588,9617500
CE-1047,772588,9617450
CE-1050,772588,9617400
CE-1049,772588,9617350
CE-1052,772588,9617300
CE-1051,772588,9617250
CE-1054,772588,9617200
CE-1053,772588,9617150
CE-1008,772588,9617100
CE-1007,772588,9617050
CE-1010,772588,9617000
CE-1009,772588,9616950
CE-1012,772588,9616915
CE-1011,772638,9620050
CE-1014,772638,9620000
CE-1013,772638,9619950
CE-1000,772638,9619900
CE-0999,772638,9619850
CE-1002,772638,9619800
CE-1001,772638,9619750
CE-1004,772638,9619700
CE-1003,772638,9619650
CE-1006,772638,9619600
CE-1005,772638,9619550
CE-1024,772638,9619500
CE-1023,772638,9619450
CE-1026,772638,9619400
CE-1025,772638,9619350
CE-1028,772638,9619300
CE-1027,772638,9619250
CE-1030,772638,9619200
CE-1029,772638,9619150
CE-1016,772638,9619100
CE-1015,772638,9619050
CE-1018,772638,9619000
CE-1017,772638,9618950
CE-1020,772638,9618900
CE-1019,772638,9618850
CE-1022,772638,9618800
CE-1021,772638,9618750
CE-0976,772638,9618700
CE-0975,772638,9618650
CE-0978,772638,9618600
CE-0977,772638,9618550
CE-0980,772638,9618500
CE-0979,772638,9618450
CE-0982,772638,9618400
CE-0981,772638,9618350
CE-0968,772638,9618300
CE-0967,772638,9618250
CE-0970,772638,9618200
CE-0969,772638,9618150
CE-0972,772638,9618100
CE-0971,772638,9618050
CE-0974,772638,9618000
CE-0973,772638,9617950
CE-0992,772638,9617900
CE-0991,772638,9617850
CE-0994,772638,9617800
CE-0993,772638,9617750
CE-0996,772638,9617700
CE-0995,772638,9617650
CE-0998,772638,9617600
CE-0997,772638,9617550
CE-0984,772638,9617500
CE-0983,772638,9617450
CE-0986,772638,9617400
CE-0985,772638,9617350
CE-0988,772636,9617300
CE-0987,772636,9617250
CE-0990,772636,9617200
CE-0989,772636,9617150
CE-0944,772636,9617100
CE-0943,772636,9617050
CE-0946,772636,9617000
CE-0945,772636,9616950
CE-0948,772636,9616915
CE-0947,772688,9620050
CE-0950,772688,9620000
CE-0949,772688,9619950
CE-0936,772688,9619900
CE-0935,772688,9619850
CE-0938,772688,9619800
CE-0937,772688,9619750
CE-0940,772688,9619700
CE-0939,772688,9619650
CE-0942,772688,9619600
CE-0941,772688,9619550
CE-0960,772688,9619500
CE-0959,772688,9619450
CE-0962,772688,9619400
CE-0961,772688,9619350
CE-0964,772688,9619300
CE-0963,772688,9619250
CE-0966,772688,9619200
CE-0965,772688,9619150
CE-0952,772688,9619100
CE-0951,772688,9619050
CE-0954,772688,9619000
CE-0953,772688,9618950
CE-0956,772688,9618900
CE-0955,772688,9618850
CE-0958,772688,9618800
CE-0957,772688,9618750
CE-0912,772688,9618700
CE-0911,772688,9618650
CE-0914,772688,9618600
CE-0913,772688,9618550
CE-0916,772688,9618500
CE-0915,772688,9618450
CE-0918,772688,9618400
CE-0917,772688,9618350
CE-0904,772688,9618300
CE-0903,772688,9618250
CE-0906,772688,9618200
CE-0905,772688,9618150
CE-0908,772688,9618100
CE-0907,772688,9618050
CE-0910,772688,9618000
CE-0909,772688,9617950
CE-0928,772688,9617900
CE-0927,772688,9617850
CE-0930,772688,9617800
CE-0929,772688,9617750
CE-0932,772688,9617700
CE-0931,772688,9617650
CE-0934,772688,9617600
CE-0933,772688,9617550
CE-0920,772688,9617500
CE-0919,772688,9617450
CE-0922,772688,9617400
CE-0921,772688,9617351
CE-0924,772738,9620050
CE-0923,772738,9620000
CE-0926,772738,9619950
CE-0925,772738,9619900
CE-0880,772738,9619850
CE-0879,772738,9619800
CE-0882,772738,9619750
CE-0881,772738,9619700
CE-0884,772738,9619650
CE-0883,772738,9619600
CE-0886,772738,9619550
CE-0885,772738,9619500
CE-0872,772738,9619450
CE-0871,772738,9619400
CE-0874,772738,9619350
CE-0873,772738,9619300
CE-0876,772738,9619250
CE-0875,772738,9619200
CE-0878,772738,9619150
CE-0877,772738,9619100
CE-0896,772738,9619050
CE-0895,772738,9619000
CE-0898,772738,9618950
CE-0897,772738,9618900
CE-0900,772738,9618850
CE-0899,772738,9618800
CE-0902,772738,9618750
CE-0901,772738,9618700
CE-0888,772738,9618650
CE-0887,772738,9618600
CE-0890,772738,9618550
CE-0889,772738,9618500
CE-0892,772738,9618450
CE-0891,772738,9618400
CE-0894,772738,9618350
CE-0893,772738,9618300
CE-0848,772738,9618250
CE-0847,772738,9618200
CE-0850,772738,9618150
CE-0849,772738,9618100
CE-0852,772738,9618050
CE-0851,772738,9618000
CE-0854,772738,9617950
CE-0853,772738,9617900
CE-0840,772738,9617850
CE-0839,772738,9617800
CE-0842,772738,9617750
CE-0841,772738,9617700
CE-0844,772738,9617650
CE-0843,772738,9617600
CE-0846,772738,9617550
CE-0845,772738,9617500
CE-0864,772738,9617450
CE-0863,772738,9617400
CE-0866,772738,9617351
CE-0865,772788,9620050
CE-0868,772788,9620000
CE-0867,772788,9619950
CE-0870,772788,9619900
CE-0869,772788,9619850
CE-0856,772788,9619800
CE-0855,772788,9619750
CE-0858,772788,9619700
CE-0857,772788,9619650
CE-0860,772788,9619600
CE-0859,772788,9619550
CE-0862,772788,9619500
CE-0861,772788,9619450
CE-0816,772788,9619400
CE-0815,772788,9619350
CE-0818,772788,9619300
CE-0817,772788,9619250
CE-0820,772788,9619200
CE-0819,772788,9619150
CE-0822,772788,9619100
CE-0821,772788,9619050
CE-0808,772788,9619000
CE-0807,772788,9618950
CE-0810,772788,9618900
CE-0809,772788,9618850
CE-0812,772788,9618800
CE-0811,772788,9618750
CE-0814,772788,9618700
CE-0813,772788,9618650
CE-0832,772788,9618600
CE-0831,772788,9618550
CE-0834,772788,9618500
CE-0833,772788,9618450
CE-0836,772788,9618400
CE-0835,772788,9618350
CE-0838,772788,9618300
CE-0837,772788,9618250
CE-0824,772788,9618200
CE-0823,772788,9618150
CE-0826,772788,9618100
CE-0825,772788,9618050
CE-0828,772788,9618000
CE-0827,772788,9617950
CE-0830,772788,9617900
CE-0829,772788,9617850
CE-0784,772788,9617800
CE-0783,772788,9617750
CE-0786,772788,9617700
CE-0785,772788,9617650
CE-0788,772788,9617600
CE-0787,772788,9617550
CE-0790,772788,9617500
CE-0789,772788,9617450
CE-0776,772788,9617400
CE-0775,772788,9617351
CE-0778,772838,9620050
CE-0777,772838,9620000
CE-0780,772838,9619950
CE-0779,772838,9619900
CE-0782,772838,9619850
CE-0781,772838,9619800
CE-0800,772838,9619750
CE-0799,772838,9619700
CE-0802,772838,9619650
CE-0801,772838,9619600
CE-0804,772838,9619550
CE-0803,772838,9619500
CE-0806,772838,9619450
CE-0805,772838,9619400
CE-0792,772838,9619350
CE-0791,772838,9619300
CE-0794,772838,9619250
CE-0793,772838,9619200
CE-0796,772838,9619150
CE-0795,772838,9619100
CE-0798,772838,9619050
CE-0797,772838,9619000
CE-0752,772838,9618950
CE-0751,772838,9618900
CE-0754,772838,9618850
CE-0753,772838,9618800
CE-0756,772838,9618750
CE-0755,772838,9618700
CE-0758,772838,9618650
CE-0757,772838,9618600
CE-0744,772838,9618550
CE-0743,772838,9618500
CE-0746,772838,9618450
CE-0745,772838,9618400
CE-0748,772838,9618350
CE-0747,772838,9618300
CE-0750,772838,9618250
CE-0749,772838,9618200
CE-0768,772838,9618150
CE-0767,772838,9618100
CE-0770,772838,9618050
CE-0769,772838,9618000
CE-0772,772838,9617950
CE-0771,772838,9617900
CE-0774,772838,9617850
CE-0773,772838,9617800
CE-0760,772838,9617750
CE-0759,772838,9617700
CE-0762,772838,9617650
CE-0761,772838,9617600
CE-0764,772838,9617550
CE-0763,772838,9617500
CE-0766,772838,9617450
CE-0765,772838,9617400
CE-0720,772838,9617351
CE-0719,772888,9620050
CE-0722,772888,9620000
CE-0721,772888,9619950
CE-0724,772888,9619900
CE-0723,772888,9619850
CE-0726,772888,9619800
CE-0725,772888,9619750
CE-0712,772888,9619700
CE-0711,772888,9619650
CE-0714,772888,9619600
CE-0713,772888,9619550
CE-0716,772888,9619500
CE-0715,772888,9619450
CE-0718,772888,9619400
CE-0717,772888,9619350
CE-0736,772888,9619300
CE-0735,772888,9619250
CE-0738,772888,9619200
CE-0737,772888,9619150
CE-0740,772888,9619100
CE-0739,772888,9619050
CE-0742,772888,9619000
CE-0741,772888,9618950
CE-0728,772888,9618900
CE-0727,772888,9618850
CE-0730,772888,9618800
CE-0729,772888,9618750
CE-0732,772888,9618700
CE-0731,772888,9618650
CE-0734,772888,9618600
CE-0733,772888,9618550
CE-0688,772888,9618500
CE-0687,772888,9618450
CE-0690,772888,9618400
CE-0689,772888,9618350
CE-0692,772888,9618300
CE-0691,772888,9618250
CE-0694,772888,9618200
CE-0693,772888,9618150
CE-0680,772888,9618100
CE-0679,772888,9618050
CE-0682,772888,9618000
CE-0681,772888,9617950
CE-0684,772888,9617900
CE-0683,772888,9617850
CE-0686,772888,9617800
CE-0685,772888,9617750
CE-0704,772888,9617700
CE-0703,772888,9617650
CE-0706,772888,9617600
CE-0705,772888,9617550
CE-0708,772888,9617500
CE-0707,772888,9617450
CE-0710,772888,9617400
CE-0709,772888,9617351
CE-0696,772938,9620050
CE-0695,772938,9620000
CE-0698,772938,9619950
CE-0697,772938,9619900
CE-0700,772938,9619850
CE-0699,772938,9619800
CE-0702,772938,9619750
CE-0701,772938,9619700
CE-0656,772938,9619650
CE-0655,772938,9619600
CE-0658,772938,9619550
CE-0657,772938,9619500
CE-0660,772938,9619450
CE-0659,772938,9619400
CE-0662,772938,9619350
CE-0661,772938,9619300
CE-0648,772938,9619250
CE-0647,772938,9619200
CE-0650,772938,9619150
CE-0649,772938,9619100
CE-0652,772938,9619050
CE-0651,772938,9619000
CE-0654,772938,9618950
CE-0653,772938,9618900
CE-0672,772938,9618850
CE-0671,772938,9618800
CE-0674,772938,9618750
CE-0673,772938,9618700
CE-0676,772938,9618650
CE-0675,772938,9618600
CE-0678,772938,9618550
CE-0677,772938,9618500
CE-0664,772938,9618450
CE-0663,772938,9618400
CE-0666,772938,9618350
CE-0665,772938,9618300
CE-0668,772938,9618250
CE-0667,772938,9618200
CE-0670,772938,9618150
CE-0669,772938,9618100
CE-3695,772938,9618050
CE-3694,772938,9618000
CE-3697,772938,9617950
CE-3696,772938,9617900
CE-3699,772938,9617850
CE-3698,772938,9617800
CE-3701,772938,9617750
CE-3700,772938,9617700
CE-3687,772938,9617650
CE-3686,772938,9617600
CE-3689,772938,9617550
CE-3688,772938,9617500
CE-3691,772938,9617450
CE-3690,772938,9617400
CE-3693,772938,9617351
CE-3692,772988,9620050
CE-3711,772988,9620000
CE-3710,772988,9619950
CE-3713,772988,9619900
CE-3712,772988,9619850
CE-3715,772988,9619800
CE-3714,772988,9619750
CE-3717,772988,9619700
CE-3716,772988,9619650
CE-3703,772988,9619600
CE-3702,772988,9619550
CE-3705,772988,9619500
CE-3704,772988,9619450
CE-3707,772988,9619400
CE-3706,772988,9619350
CE-3709,772988,9619300
CE-3708,772988,9619250
CE-3663,772988,9619200
CE-3662,772988,9619150
CE-3665,772988,9619100
CE-3664,772988,9619050
CE-3667,772988,9619000
CE-3666,772988,9618950
CE-3669,772988,9618900
CE-3668,772988,9618850
CE-3655,772988,9618800
CE-3654,772988,9618750
CE-3657,772988,9618700
CE-3656,772988,9618650
CE-3659,772988,9618600
CE-3658,772988,9618550
CE-3661,772988,9618500
CE-3660,772988,9618450
CE-3679,772988,9618400
CE-3678,772988,9618350
CE-3681,772988,9618300
CE-3680,772988,9618250
CE-3683,772988,9618200
CE-3682,772988,9618150
CE-3685,772988,9618100
CE-3684,772988,9618050
CE-3671,772988,9618000
CE-3670,772988,9617950
CE-3673,772988,9617900
CE-3672,772988,9617850
CE-3675,772988,9617800
CE-3674,772988,9617750
CE-3677,772988,9617700
CE-3676,772988,9617650
CE-3631,772988,9617600
CE-3630,772988,9617550
CE-3633,772988,9617500
CE-3632,772988,9617450
CE-3635,772988,9617400
CE-3634,772988,9617351
CE-3637,773038,9620050
CE-3636,773038,9620000
CE-3623,773038,9619950
CE-3622,773038,9619900
CE-3625,773038,9619850
CE-3624,773038,9619800
CE-3627,773038,9619750
CE-3626,773038,9619700
CE-3629,773038,9619650
CE-3628,773038,9619600
CE-3647,773038,9619550
CE-3646,773038,9619500
CE-3649,773038,9619450
CE-3648,773038,9619400
CE-3651,773038,9619350
CE-3650,773038,9619300
CE-3653,773038,9619250
CE-3652,773038,9619200
CE-3639,773038,9619150
CE-3638,773038,9619100
CE-3641,773038,9619050
CE-3640,773038,9619000
CE-3643,773038,9618950
CE-3642,773038,9618900
CE-3645,773038,9618850
CE-3644,773038,9618800
CE-3599,773038,9618750
CE-3598,773038,9618700
CE-3601,773038,9618650
CE-3600,773038,9618600
CE-3603,773038,9618550
CE-3602,773038,9618500
CE-3605,773038,9618450
CE-3604,773038,9618400
CE-3591,773038,9618350
CE-3590,773038,9618300
CE-3593,773038,9618250
CE-3592,773038,9618200
CE-3595,773038,9618150
CE-3594,773038,9618100
CE-3597,773038,9618050
CE-3596,773038,9618000
CE-3615,773038,9617950
CE-3614,773038,9617900
CE-3617,773038,9617850
CE-3616,773038,9617800
CE-3619,773038,9617750
CE-3618,773038,9617700
CE-3621,773038,9617650
CE-3620,773038,9617600
CE-3607,773038,9617550
CE-3606,773038,9617500
CE-3609,773038,9617450
CE-3608,773038,9617400
CE-3611,773038,9617351
CE-3610,773088,9620050
CE-3613,773088,9620000
CE-3612,773088,9619950
CE-3567,773088,9619900
CE-3566,773088,9619850
CE-3569,773088,9619800
CE-3568,773088,9619750
CE-3571,773088,9619700
CE-3570,773088,9619650
CE-3573,773088,9619600
CE-3572,773088,9619550
CE-3559,773088,9619500
CE-3558,773088,9619450
CE-3561,773088,9619400
CE-3560,773088,9619350
CE-3563,773088,9619300
CE-3562,773088,9619250
CE-3565,773088,9619200
CE-3564,773088,9619150
CE-3583,773088,9619100
CE-3582,773088,9619050
CE-3585,773088,9619000
CE-3584,773088,9618950
CE-3587,773088,9618900
CE-3586,773088,9618850
CE-3589,773088,9618800
CE-3588,773088,9618750
CE-3575,773088,9618700
CE-3574,773088,9618650
CE-3577,773088,9618600
CE-3576,773088,9618550
CE-3579,773088,9618500
CE-3578,773088,9618450
CE-3581,773088,9618400
CE-3580,773088,9618350
CE-3535,773088,9618300
CE-3534,773088,9618250
CE-3537,773088,9618200
CE-3536,773088,9618150
CE-3539,773088,9618100
CE-3538,773088,9618050
CE-3541,773088,9618000
CE-3540,773088,9617950
CE-3527,773088,9617900
CE-3526,773088,9617850
CE-3529,773088,9617800
CE-3528,773088,9617750
CE-3531,773088,9617700
CE-3530,773088,9617650
CE-3533,773088,9617600
CE-3532,773088,9617550
CE-3551,773088,9617500
CE-3550,773088,9617450
CE-3553,773088,9617400
CE-3552,773088,9617351
CE-3555,773138,9620050
CE-3554,773138,9620000
CE-3557,773138,9619950
CE-3556,773138,9619900
CE-3543,773138,9619850
CE-3542,773138,9619800
CE-3545,773138,9619750
CE-3544,773138,9619700
CE-3547,773138,9619650
CE-3546,773138,9619600
CE-3549,773138,9619550
CE-3548,773138,9619500
CE-3503,773138,9619450
CE-3502,773138,9619400
CE-3505,773138,9619350
CE-3504,773138,9619300
CE-3507,773138,9619250
CE-3506,773138,9619200
CE-3509,773138,9619150
CE-3508,773138,9619100
CE-3495,773138,9619050
CE-3494,773138,9619000
CE-3497,773138,9618950
CE-3496,773138,9618900
CE-3499,773138,9618850
CE-3498,773138,9618800
CE-3501,773138,9618750
CE-3500,773138,9618700
CE-3519,773138,9618650
CE-3518,773138,9618600
CE-3521,773138,9618550
CE-3520,773138,9618500
CE-3523,773138,9618450
CE-3522,773138,9618400
CE-3525,773138,9618350
CE-3524,773138,9618300
CE-3511,773138,9618250
CE-3510,773138,9618200
CE-3513,773138,9618150
CE-3512,773138,9618100
CE-3515,773138,9618050
CE-3514,773138,9618000
CE-3517,773138,9617950
CE-3516,773138,9617900
CE-3471,773138,9617850
CE-3470,773138,9617800
CE-3473,773138,9617750
CE-3472,773138,9617700
CE-3475,773138,9617650
CE-3474,773138,9617600
CE-3477,773138,9617550
CE-3476,773138,9617500
CE-3463,773138,9617450
CE-3462,773138,9617400
CE-3465,773138,9617351
CE-3464,773188,9620050
CE-3467,773188,9620000
CE-3466,773188,9619950
CE-3469,773188,9619900
CE-3468,773188,9619850
CE-3487,773188,9619800
CE-3486,773188,9619750
CE-3489,773188,9619700
CE-3488,773188,9619650
CE-3491,773188,9619600
CE-3490,773188,9619550
CE-3493,773188,9619500
CE-3492,773188,9619450
CE-3479,773188,9619400
CE-3478,773188,9619350
CE-3481,773188,9619300
CE-3480,773188,9619250
CE-3483,773188,9619200
CE-3482,773188,9619150
CE-3485,773188,9619100
CE-3484,773188,9619050
CE-3439,773188,9619000
CE-3438,773188,9618950
CE-3441,773188,9618900
CE-3440,773188,9618850
CE-3443,773188,9618800
CE-3442,773188,9618750
CE-3445,773188,9618700
CE-3444,773188,9618650
CE-3431,773188,9618600
CE-3430,773188,9618550
CE-3433,773188,9618500
CE-3432,773188,9618450
CE-3435,773188,9618400
CE-3434,773188,9618350
CE-3437,773188,9618300
CE-3436,773188,9618250
CE-3455,773188,9618200
CE-3454,773188,9618150
CE-3457,773188,9618100
CE-3456,773188,9618050
CE-3459,773188,9618000
CE-3458,773188,9617950
CE-3461,773188,9617900
CE-3460,773188,9617850
CE-3447,773188,9617800
CE-3446,773188,9617750
CE-3449,773188,9617700
CE-3448,773188,9617650
CE-3451,773188,9617600
CE-3450,773188,9617550
CE-3453,773188,9617500
CE-3452,773188,9617450
CE-3407,773188,9617400
CE-3406,773188,9617351
CE-3409,773238,9620050
CE-3408,773238,9620000
CE-3411,773238,9619950
CE-3410,773238,9619900
CE-3413,773238,9619850
CE-3412,773238,9619800
CE-3399,773238,9619750
CE-3398,773238,9619700
CE-3401,773238,9619650
CE-3400,773238,9619600
CE-3403,773238,9619550
CE-3402,773238,9619500
CE-3405,773238,9619450
CE-3404,773238,9619400
CE-3423,773238,9619350
CE-3422,773238,9619300
CE-3425,773238,9619250
CE-3424,773238,9619200
CE-3427,773238,9619150
CE-3426,773238,9619100
CE-3429,773238,9619050
CE-3428,773238,9619000
CE-3415,773238,9618950
CE-3414,773238,9618900
CE-3417,773238,9618850
CE-3416,773238,9618800
CE-3419,773238,9618750
CE-3418,773238,9618700
CE-3421,773238,9618650
CE-3420,773238,9618600
CE-3375,773238,9618550
CE-3374,773238,9618500
CE-3377,773238,9618450
CE-3376,773238,9618400
CE-3379,773238,9618350
CE-3378,773238,9618300
CE-3381,773238,9618250
CE-3380,773238,9618200
CE-3367,773238,9618150
CE-3366,773238,9618100
CE-3369,773238,9618050
CE-3368,773238,9618000
CE-3371,773238,9617950
CE-3370,773238,9617900
CE-3373,773238,9617850
CE-3372,773238,9617800
CE-3391,773238,9617750
CE-3390,773238,9617700
CE-3393,773238,9617650
CE-3392,773238,9617600
CE-3395,773238,9617550
CE-3394,773238,9617500
CE-3397,773238,9617450
CE-3396,773238,9617400
CE-3383,773238,9617351
CE-3382,773283,9620050
CE-3385,773283,9620000
CE-3384,773283,9619950
CE-3387,773283,9619900
CE-3386,773283,9619850
CE-3389,773283,9619800
CE-3388,773283,9619750
CE-3343,773283,9619700
CE-3342,773283,9619650
CE-3345,773283,9619600
CE-3344,773283,9619550
CE-3347,773283,9619500
CE-3346,773283,9619450
CE-3349,773283,9619400
CE-3348,773283,9619350
CE-3335,773283,9619300
CE-3334,773283,9619250
CE-3337,773283,9619200
CE-3336,773283,9619150
CE-3339,773283,9619100
CE-3338,773283,9619050
CE-3341,773283,9619000
CE-3340,773283,9618950
CE-3359,773283,9618900
CE-3358,773283,9618850
CE-3361,773283,9618800
CE-3360,773283,9618750
CE-3363,773283,9618700
CE-3362,773283,9618650
CE-3365,773283,9618600
CE-3364,773283,9618550
CE-3351,773283,9618500
CE-3350,773283,9618450
CE-3353,773283,9618400
CE-3352,773283,9618350
CE-3355,773283,9618300
CE-3354,773283,9618250
CE-3357,773283,9618200
CE-3356,773283,9618150
CE-3311,773283,9618100
CE-3310,773283,9618050
CE-3313,773283,9618000
CE-3312,773283,9617950
CE-3315,773283,9617900
CE-3314,773283,9617850
CE-3317,773283,9617800
CE-3316,773283,9617750
CE-3303,773283,9617700
CE-3302,773283,9617650
CE-3305,773283,9617600
CE-3304,773283,9617550
CE-3307,773283,9617500
CE-3306,773283,9617450
CE-3309,773283,9617400
CE-3308,773283,9617351
CE-3327,767366,9624382
CE-3326,767366,9624132
CE-3329,767366,9623882
CE-3328,767366,9623632
CE-3331,767366,9623382
CE-3330,767366,9623132
CE-3333,767366,9622882
CE-3332,767366,9622632
CE-3319,767366,9622382
CE-3318,767366,9622132
CE-3321,767366,9621988
CE-3320,767616,9624381
CE-3323,767616,9624132
CE-3322,767616,9623882
CE-3325,767616,9623632
CE-3324,767616,9623382
CE-3279,767616,9623132
CE-3278,767616,9622882
CE-3281,767616,9622632
CE-3280,767616,9622382
CE-3283,767616,9622132
CE-3282,767641,9621887
CE-3285,767647,9621632
CE-3284,767647,9621382
CE-3271,767647,9621132
CE-3270,767647,9620882
CE-3273,767647,9620632
CE-3272,767647,9620444
CE-3275,767866,9624381
CE-3274,767866,9624132
CE-3277,767866,9623882
CE-3276,767866,9623632
CE-3295,767866,9623382
CE-3294,767866,9623132
CE-3297,767866,9622882
CE-3296,767866,9622632
CE-3299,767866,9622382
CE-3298,767866,9622132
CE-3301,767866,9621882
CE-3300,767866,9621632
CE-3287,767866,9621382
CE-3286,767866,9621132
CE-3289,767866,9620882
CE-3288,767866,9620632
CE-3291,767866,9620444
CE-3290,768116,9624381
CE-3293,768116,9624132
CE-3292,768116,9623882
CE-3247,768116,9623632
CE-3246,768116,9623382
CE-3249,768116,9623132
CE-3248,768116,9622882
CE-3251,768116,9622632
CE-3250,768116,9622382
CE-3253,768116,9622132
CE-3252,768116,9621882
CE-3239,768116,9621632
CE-3238,768116,9621382
CE-3241,768116,9621132
CE-3240,768116,9620882
CE-3243,768116,9620632
CE-3242,768116,9620444
CE-3245,768366,9624381
CE-3244,768366,9624132
CE-3263,768366,9623882
CE-3262,768366,9623632
CE-3265,768366,9623382
CE-3264,768366,9623132
CE-3267,768366,9622882
CE-3266,768366,9622632
CE-3269,768366,9622382
CE-3268,768366,9622132
CE-3255,768366,9621882
CE-3254,768366,9621632
CE-3257,768366,9621382
CE-3256,768366,9621132
CE-3259,768366,9620882
CE-3258,768366,9620632
CE-3261,768366,9620444
CE-3260,768616,9624380
CE-3215,768616,9624132
CE-3214,768616,9623882
CE-3217,768616,9623632
CE-3216,768616,9623382
CE-3219,768616,9623132
CE-3218,768616,9622882
CE-3221,768616,9622632
CE-3220,768616,9622382
CE-3207,768616,9622132
CE-3206,768616,9621882
CE-3209,768616,9621632
CE-3208,768616,9621382
CE-3211,768616,9621132
CE-3210,768616,9620882
CE-3213,768616,9620632
CE-3212,768616,9620444
CE-3231,768866,9624380
CE-3230,768866,9624132
CE-3233,768866,9623882
CE-3232,768866,9623632
CE-3235,768866,9623382
CE-3234,768866,9623132
CE-3237,768866,9622882
CE-3236,768866,9622632
CE-3223,768866,9622382
CE-3222,768866,9622132
CE-3225,768866,9621882
CE-3224,768866,9621632
CE-3227,768866,9621382
CE-3226,768866,9621132
CE-3229,768866,9620882
CE-3228,768866,9620632
CE-0112,768869,9620383
CE-0111,768871,9620132
CE-0114,768871,9619979
CE-0113,769116,9624380
CE-0116,769116,9624132
CE-0115,769116,9623882
CE-0118,769116,9623632
CE-0117,769116,9623382
CE-0104,769116,9623132
CE-0103,769116,9622882
CE-0106,769116,9622632
CE-0105,769116,9622382
CE-0108,769116,9622132
CE-0107,769116,9621882
CE-0110,769116,9621632
CE-0109,769116,9621382
CE-0128,769116,9621132
CE-0127,769116,9620882
CE-0130,769116,9620632
CE-0129,769116,9620382
CE-0132,769116,9620132
CE-0131,769116,9619979
CE-0134,769366,9624380
CE-0133,769366,9624132
CE-0120,769366,9623882
CE-0119,769366,9623632
CE-0122,769366,9623382
CE-0121,769366,9623132
CE-0124,769366,9622882
CE-0123,769366,9622632
CE-0126,769366,9622382
CE-0125,769366,9622132
CE-0080,769366,9621882
CE-0079,769366,9621632
CE-0082,769366,9621382
CE-0081,769366,9621132
CE-0084,769366,9620882
CE-0083,769366,9620632
CE-0086,769366,9620382
CE-0085,769366,9620132
CE-0072,769411,9619910
CE-0071,769447,9619632
CE-0074,769447,9619382
CE-0073,769447,9619194
CE-0076,769616,9624380
CE-0075,769616,9624132
CE-0078,769616,9623882
CE-0077,769616,9623632
CE-0096,769616,9623382
CE-0095,769616,9623132
CE-0098,769616,9622882
CE-0097,769616,9622632
CE-0100,769616,9622382
CE-0099,769616,9622132
CE-0102,769616,9621882
CE-0101,769616,9621632
CE-0088,769616,9621382
CE-0087,769616,9621132
CE-0090,769616,9620882
CE-0089,769616,9620632
CE-0092,769616,9620382
CE-0091,769616,9620132
CE-0094,769616,9619882
CE-0093,769616,9619632
CE-0048,769616,9619382
CE-0047,769616,9619194
CE-0050,769866,9624379
CE-0049,769866,9624132
CE-0052,769866,9623882
CE-0051,769866,9623632
CE-0054,769866,9623382
CE-0053,769866,9623132
CE-0040,769866,9622882
CE-0039,769866,9622632
CE-0042,769866,9622382
CE-0041,769866,9622132
CE-0044,769866,9621882
CE-0043,769866,9621632
CE-0046,769866,9621382
CE-0045,769866,9621132
CE-0064,769866,9620882
CE-0063,769866,9620632
CE-0066,769866,9620382
CE-0065,769866,9620132
CE-0068,769866,9619882
CE-0067,769866,9619632
CE-0070,769866,9619382
CE-0069,769882,9619143
CE-0056,769905,9618882
CE-0055,769905,9618632
CE-0058,769905,9618382
CE-0057,769905,9618132
CE-0060,769905,9617882
CE-0059,769905,9617632
CE-0062,769905,9617499
CE-0061,770116,9624379
CE-0016,770116,9624132
CE-0015,770116,9623882
CE-0018,770116,9623632
CE-0017,770116,9623382
CE-0020,770116,9623132
CE-0019,770116,9622882
CE-0022,770116,9622632
CE-0021,770116,9622382
CE-0008,770116,9622132
CE-0007,770116,9621882
CE-0010,770116,9621632
CE-0009,770116,9621382
CE-0012,770116,9621132
CE-0011,770116,9620882
CE-0014,770116,9620632
CE-0013,770116,9620382
CE-0032,770108,9620154
CE-0031,770027,9619882
CE-0034,770027,9619632
CE-0033,770027,9619382
CE-0036,770027,9619132
CE-0035,770027,9618882
CE-0038,770027,9618632
CE-0037,770027,9618382
CE-0024,770027,9618132
CE-0023,770113,9617872
CE-0026,770116,9617632
CE-0025,770116,9617499
CE-0028,770366,9624379
CE-0027,770366,9624132
CE-0030,770366,9623882
CE-0029,770366,9623632
CE-4070,770366,9623382
CE-4069,770366,9623132
CE-4072,770366,9622882
CE-4071,770366,9622632
CE-4074,770366,9622382
CE-4073,770366,9622132
CE-4076,770366,9621882
CE-4075,770366,9621632
CE-4062,770366,9621382
CE-4061,770366,9621132
CE-4064,770366,9620882
CE-4063,770366,9620632
CE-4066,770366,9620382
CE-4065,770366,9620166
CE-4068,770366,9617868
CE-4067,770366,9617632
CE-4086,770366,9617499
CE-4085,770616,9624379
CE-0002,770616,9624132
CE-0001,770616,9623882
CE-0004,770616,9623632
CE-0003,770616,9623382
CE-0006,770616,9623132
CE-0005,770616,9622882
CE-4078,770616,9622632
CE-4077,770616,9622382
CE-4080,770616,9622132
CE-4079,770616,9621882
CE-4082,770616,9621632
CE-4081,770616,9621382
CE-4084,770616,9621132
CE-4083,770616,9620882
CE-4038,770616,9620632
CE-4037,770616,9620382
CE-4040,770616,9620166
CE-4039,770616,9617868
CE-4042,770616,9617632
CE-4041,770616,9617499
CE-4044,770866,9624378
CE-4043,770866,9624132
CE-4030,770866,9623882
CE-4029,770866,9623632
CE-4032,770866,9623382
CE-4031,770866,9623132
CE-4034,770866,9622882
CE-4033,770866,9622632
CE-4036,770866,9622382
CE-4035,770866,9622132
CE-4054,770866,9621882
CE-4053,770866,9621632
CE-4056,770866,9621382
CE-4055,770866,9621132
CE-4058,770866,9620882
CE-4057,770866,9620632
CE-4060,770866,9620382
CE-4059,770866,9620166
CE-4046,770866,9617868
CE-4045,770866,9617632
CE-4048,770866,9617499
CE-4047,771116,9624378
CE-4050,771116,9624132
CE-4049,771116,9623882
CE-4052,771116,9623632
CE-4051,771116,9623382
CE-4006,771116,9623132
CE-4005,771116,9622882
CE-4008,771116,9622632
CE-4007,771116,9622382
CE-4010,771116,9622132
CE-4009,771116,9621882
CE-4012,771116,9621632
CE-4011,771116,9621382
CE-3998,771116,9621132
CE-3997,771116,9620882
CE-4000,771116,9620632
CE-3999,771116,9620382
CE-4002,771116,9620166
CE-4001,771116,9617868
CE-4004,771116,9617632
CE-4003,771157,9617386
CE-4022,771161,9617132
CE-4021,771161,9616882
CE-4024,771161,9616701
CE-4023,771366,9624378
CE-4026,771366,9624132
CE-4025,771366,9623882
CE-4028,771366,9623632
CE-4027,771366,9623382
CE-4014,771366,9623132
CE-4013,771366,9622882
CE-4016,771366,9622632
CE-4015,771366,9622382
CE-4018,771366,9622132
CE-4017,771366,9621882
CE-4020,771366,9621632
CE-4019,771366,9621382
CE-3974,771366,9621132
CE-3973,771366,9620882
CE-3976,771366,9620632
CE-3975,771366,9620382
CE-3978,771366,9620166
CE-3977,771326,9617868
CE-3980,771326,9617632
CE-3979,771326,9617382
CE-3966,771326,9617132
CE-3965,771353,9616871
CE-3968,771366,9616701
CE-3967,771616,9624378
CE-3970,771616,9624132
CE-3969,771616,9623882
CE-3972,771616,9623632
CE-3971,771616,9623382
CE-3990,771616,9623132
CE-3989,771616,9622882
CE-3992,771616,9622632
CE-3991,771616,9622382
CE-3994,771616,9622132
CE-3993,771616,9621882
CE-3996,771616,9621632
CE-3995,771616,9621382
CE-3982,771616,9621132
CE-3981,771616,9620882
CE-3984,771616,9620632
CE-3983,771616,9620382
CE-3986,771616,9620166
CE-3985,771616,9616831
CE-3988,771616,9616701
CE-3987,771866,9624377
CE-3942,771866,9624132
CE-3941,771866,9623882
CE-3944,771866,9623632
CE-3943,771866,9623382
CE-3946,771866,9623132
CE-3945,771866,9622882
CE-3948,771866,9622632
CE-3947,771866,9622382
CE-3934,771866,9622132
CE-3933,771866,9621882
CE-3936,771866,9621632
CE-3935,771866,9621382
CE-3938,771866,9621132
CE-3937,771866,9620882
CE-3940,771866,9620632
CE-3939,771866,9620382
CE-3958,771866,9620166
CE-3957,771866,9616831
CE-3960,771866,9616701
CE-3959,772116,9624377
CE-3962,772116,9624132
CE-3961,772116,9623882
CE-3964,772116,9623632
CE-3963,772116,9623382
CE-3950,772116,9623132
CE-3949,772116,9622882
CE-3952,772116,9622632
CE-3951,772116,9622382
CE-3954,772116,9622132
CE-3953,772116,9621882
CE-3956,772116,9621632
CE-3955,772116,9621382
CE-3910,772116,9621132
CE-3909,772116,9620882
CE-3912,772116,9620632
CE-3911,772116,9620382
CE-3914,772116,9620166
CE-3913,772116,9616831
CE-3916,772116,9616701
CE-3915,772366,9624377
CE-3902,772366,9624132
CE-3901,772366,9623882
CE-3904,772366,9623632
CE-3903,772366,9623382
CE-3906,772366,9623132
CE-3905,772366,9622882
CE-3908,772366,9622632
CE-3907,772366,9622382
CE-3926,772366,9622132
CE-3925,772366,9621882
CE-3928,772366,9621632
CE-3927,772366,9621382
CE-3930,772366,9621132
CE-3929,772366,9620882
CE-3932,772366,9620632
CE-3931,772366,9620382
CE-3918,772366,9620166
CE-3917,772366,9616831
CE-3920,772366,9616701
CE-3919,772616,9624377
CE-3922,772616,9624132
CE-3921,772616,9623882
CE-3924,772616,9623632
CE-3923,772616,9623382
CE-3878,772616,9623132
CE-3877,772616,9622882
CE-3880,772616,9622632
CE-3879,772616,9622382
CE-3882,772616,9622132
CE-3881,772616,9621882
CE-3884,772616,9621632
CE-3883,772616,9621382
CE-3870,772616,9621132
CE-3869,772616,9620882
CE-3872,772616,9620632
CE-3871,772616,9620382
CE-3874,772616,9620166
CE-3873,772700,9617292
CE-3876,772700,9617132
CE-3875,772632,9616854
CE-3894,772616,9616701
CE-3893,772866,9624376
CE-3896,772866,9624132
CE-3895,772866,9623882
CE-3898,772866,9623632
CE-3897,772866,9623382
CE-3900,772866,9623132
CE-3899,772866,9622882
CE-3886,772866,9622632
CE-3885,772866,9622382
CE-3888,772866,9622132
CE-3887,772866,9621882
CE-3890,772866,9621632
CE-3889,772866,9621382
CE-3892,772866,9621132
CE-3891,772866,9620882
CE-3846,772866,9620632
CE-3845,772866,9620382
CE-3848,772866,9620166
CE-3847,772866,9617292
CE-3850,772848,9617145
CE-3849,772822,9616882
CE-3852,772822,9616701
CE-3851,773116,9624376
CE-3838,773116,9624132
CE-3837,773116,9623882
CE-3840,773116,9623632
CE-3839,773116,9623382
CE-3842,773116,9623132
CE-3841,773116,9622882
CE-3844,773116,9622632
CE-3843,773116,9622382
CE-3862,773116,9622132
CE-3861,773116,9621882
CE-3864,773116,9621632
CE-3863,773116,9621382
CE-3866,773116,9621132
CE-3865,773116,9620882
CE-3868,773116,9620632
CE-3867,773116,9620382
CE-3854,773116,9620166
CE-3853,773116,9617292
CE-3856,773116,9617198
CE-3855,773366,9624376
CE-3858,773366,9624132
CE-3857,773366,9623882
CE-3860,773366,9623632
CE-3859,773366,9623382
CE-3814,773366,9623132
CE-3813,773366,9622882
CE-3816,773366,9622632
CE-3815,773366,9622382
CE-3818,773366,9622132
CE-3817,773366,9621882
CE-3820,773366,9621632
CE-3819,773366,9621382
CE-3806,773366,9621132
CE-3805,773366,9620882
CE-3808,773366,9620632
CE-3807,773366,9620382
CE-3810,773373,9620138
CE-3809,773398,9619882
CE-3812,773398,9619632
CE-3811,773398,9619382
CE-3830,773398,9619132
CE-3829,773398,9618882
CE-3832,773398,9618632
CE-3831,773398,9618382
CE-3834,773398,9618132
CE-3833,773398,9617882
CE-3836,773398,9617632
CE-3835,773387,9617374
CE-3822,773366,9617198
CE-3821,773616,9624376
CE-3824,773616,9624132
CE-3823,773616,9623882
CE-3826,773616,9623632
CE-3825,773616,9623382
CE-3828,773616,9623132
CE-3827,773616,9622882
CE-3782,773616,9622632
CE-3781,773616,9622382
CE-3784,773616,9622132
CE-3783,773616,9621882
CE-3786,773616,9621632
CE-3785,773616,9621382
CE-3788,773616,9621132
CE-3787,773616,9620882
CE-3774,773616,9620632
CE-3773,773616,9620382
CE-3776,773616,9620132
CE-3775,773616,9619882
CE-3778,773595,9619638
CE-3777,773588,9619382
CE-3780,773588,9619132
CE-3779,773588,9618882
CE-3798,773588,9618632
CE-3797,773609,9618375
CE-3800,773616,9618132
CE-3799,773616,9617882
CE-3802,773616,9617632
CE-3801,773616,9617382
CE-3804,773616,9617198
CE-3803,773866,9624375
CE-3790,773866,9624132
CE-3789,773866,9623882
CE-3792,773866,9623632
CE-3791,773866,9623382
CE-3794,773866,9623132
CE-3793,773866,9622882
CE-3796,773866,9622632
CE-3795,773866,9622382
CE-3750,773866,9622132
CE-3749,773866,9621882
CE-3752,773866,9621632
CE-3751,773866,9621382
CE-3754,773866,9621132
CE-3753,773866,9620882
CE-3756,773866,9620632
CE-3755,773866,9620382
CE-3742,773866,9620132
CE-3741,773866,9619882
CE-3744,773866,9619730
CE-3743,773866,9618343
CE-3746,773866,9618132
CE-3745,773866,9617882
CE-3748,773866,9617632
CE-3747,773866,9617382
CE-3766,773866,9617198
CE-3765,774007,9624375
CE-3768,774007,9624132
CE-3767,774007,9623882
CE-3770,774007,9623632
CE-3769,774007,9623382
CE-3772,774007,9623132
CE-3771,774007,9622882
CE-3758,774007,9622632
CE-3757,774007,9622382
CE-3760,774007,9622132
CE-3759,774007,9621882
CE-3762,774007,9621632
CE-3761,774007,9621382
CE-3764,774007,9621132
CE-3763,774007,9620882
CE-3727,774007,9620632
CE-3726,774007,9620382
CE-3729,774007,9620132
CE-3728,774007,9619882
CE-3731,774007,9619730
CE-3730,774116,9618343
CE-3733,774116,9618132
CE-3732,774116,9617882
CE-3719,774116,9617632
CE-3718,774116,9617382
CE-3721,774116,9617198
CE-3720,774366,9618343
CE-3723,774366,9618132
CE-3722,774366,9617882
CE-3725,774366,9617632
CE-3724,774366,9617382
CE-3735,774366,9617198
CE-3734,774511,9618343
CE-3737,774511,9618132
CE-3736,774511,9617882
CE-3739,774511,9617632
CE-3738,774511,9617382
CE-3740,774511,9617198
EA-0001,774616,9625497
EA-0002,774616,9625449
EA-0003,774616,9625399
EA-0004,774616,9625349
EA-0005,774616,9625299
EA-0006,774616,9625249
EA-0007,774616,9625199
EA-0008,774616,9625149
EA-0009,774616,9625099
EA-0010,774616,9625049
EA-0011,774616,9624999
EA-0012,774616,9624949
EA-0013,774616,9624899
EA-0014,774616,9624849
EA-0015,774616,9624799
EA-0016,774616,9624749
EA-0017,774616,9624699
EA-0018,774616,9624649
EA-0019,774616,9624599
EA-0020,774616,9624549
EA-0021,774616,9624499
EA-0022,774616,9624449
EA-0023,774616,9624399
EA-0024,774616,9624349
EA-0025,774616,9624299
EA-0026,774616,9624249
EA-0027,774616,9624199
EA-0028,774616,9624149
EA-0029,774616,9624099
EA-0030,774616,9624049
EA-0031,774616,9623999
EA-0032,774616,9623949
EA-0033,774616,9623899
EA-0034,774616,9623849
EA-0035,774616,9623799
EA-0036,774616,9623749
EA-0037,774616,9623699
EA-0038,774616,9623649
EA-0039,774616,9623599
EA-0040,774616,9623549
EA-0041,774616,9623499
EA-0042,774616,9623449
EA-0043,774616,9623399
EA-0044,774616,9623356
EA-0045,774663,9625497
EA-0046,774663,9625449
EA-0047,774663,9625399
EA-0048,774663,9625349
EA-0049,774663,9625299
EA-0050,774663,9625249
EA-0051,774663,9625199
EA-0052,774663,9625149
EA-0053,774663,9625099
EA-0054,774663,9625049
EA-0055,774663,9624999
EA-0056,774663,9624949
EA-0057,774663,9624899
EA-0058,774663,9624849
EA-0059,774663,9624799
EA-0060,774663,9624749
EA-0061,774663,9624699
EA-0062,774663,9624649
EA-0063,774663,9624599
EA-0064,774663,9624549
EA-0065,774663,9624499
EA-0066,774663,9624449
EA-0067,774663,9624399
EA-0068,774663,9624349
EA-0069,774663,9624299
EA-0070,774663,9624249
EA-0071,774663,9624199
EA-0072,774663,9624149
EA-0073,774663,9624099
EA-0074,774663,9624049
EA-0075,774663,9623999
EA-0076,774663,9623949
EA-0077,774663,9623899
EA-0078,774663,9623849
EA-0079,774663,9623799
EA-0080,774663,9623749
EA-0081,774663,9623699
EA-0082,774663,9623649
EA-0083,774663,9623599
EA-0084,774663,9623549
EA-0085,774663,9623499
EA-0086,774663,9623449
EA-0087,774663,9623399
EA-0088,774663,9623356
EA-0089,774713,9625497
EA-0090,774713,9625449
EA-0091,774713,9625399
EA-0092,774713,9625349
EA-0093,774713,9625299
EA-0094,774713,9625249
EA-0095,774713,9625199
EA-0096,774713,9625149
EA-0097,774713,9625099
EA-0098,774713,9625049
EA-0099,774713,9624999
EA-0100,774713,9624949
EA-0101,774713,9624899
EA-0102,774713,9624849
EA-0103,774713,9624799
EA-0104,774713,9624749
EA-0105,774713,9624699
EA-0106,774713,9624649
EA-0107,774713,9624599
EA-0108,774713,9624549
EA-0109,774713,9624499
EA-0110,774713,9624449
EA-0111,774713,9624399
EA-0112,774713,9624349
EA-0113,774713,9624299
EA-0114,774713,9624249
EA-0115,774713,9624199
EA-0116,774713,9624149
EA-0117,774713,9624099
EA-0118,774713,9624049
EA-0119,774713,9623999
EA-0120,774713,9623949
EA-0121,774713,9623899
EA-0122,774713,9623849
EA-0123,774713,9623799
EA-0124,774713,9623749
EA-0125,774713,9623699
EA-0126,774713,9623649
EA-0127,774713,9623599
EA-0128,774713,9623549
EA-0129,774713,9623499
EA-0130,774713,9623449
EA-0131,774713,9623399
EA-0132,774713,9623356
EA-0133,774763,9625497
EA-0134,774763,9625449
EA-0135,774763,9625399
EA-0136,774763,9625349
EA-0137,774763,9625299
EA-0138,774763,9625249
EA-0139,774763,9625199
EA-0140,774763,9625149
EA-0141,774763,9625099
EA-0142,774763,9625049
EA-0143,774763,9624999
EA-0144,774763,9624949
EA-0145,774763,9624899
EA-0146,774763,9624849
EA-0147,774763,9624799
EA-0148,774763,9624749
EA-0149,774763,9624699
EA-0150,774763,9624649
EA-0151,774763,9624599
EA-0152,774763,9624549
EA-0153,774763,9624499
EA-0154,774763,9624449
EA-0155,774763,9624399
EA-0156,774763,9624349
EA-0157,774763,9624299
EA-0158,774763,9624249
EA-0159,774763,9624199
EA-0160,774763,9624149
EA-0161,774763,9624099
EA-0162,774763,9624049
EA-0163,774763,9623999
EA-0164,774763,9623949
EA-0165,774763,9623899
EA-0166,774763,9623849
EA-0167,774763,9623799
EA-0168,774763,9623749
EA-0169,774763,9623699
EA-0170,774763,9623649
EA-0171,774763,9623599
EA-0172,774763,9623549
EA-0173,774763,9623499
EA-0174,774763,9623449
EA-0175,774763,9623399
EA-0176,774763,9623356
EA-0177,774813,9625497
EA-0178,774813,9625449
EA-0179,774813,9625399
EA-0180,774813,9625349
EA-0181,774813,9625299
EA-0182,774813,9625249
EA-0183,774813,9625199
EA-0184,774813,9625149
EA-0185,774813,9625099
EA-0186,774813,9625049
EA-0187,774813,9624999
EA-0188,774813,9624949
EA-0189,774813,9624899
EA-0190,774813,9624849
EA-0191,774813,9624799
EA-0192,774813,9624749
EA-0193,774813,9624699
EA-0194,774813,9624649
EA-0195,774813,9624599
EA-0196,774813,9624549
EA-0197,774813,9624499
EA-0198,774813,9624449
EA-0199,774813,9624399
EA-0200,774813,9624349
EA-0201,774813,9624299
EA-0202,774813,9624249
EA-0203,774813,9624199
EA-0204,774813,9624149
EA-0205,774813,9624099
EA-0206,774813,9624049
EA-0207,774813,9623999
EA-0208,774813,9623949
EA-0209,774813,9623899
EA-0210,774813,9623849
EA-0211,774813,9623799
EA-0212,774813,9623749
EA-0213,774813,9623699
EA-0214,774813,9623649
EA-0215,774813,9623599
EA-0216,774813,9623549
EA-0217,774813,9623499
EA-0218,774813,9623449
EA-0219,774813,9623399
EA-0220,774813,9623356
EA-0221,774863,9625497
EA-0222,774863,9625449
EA-0223,774863,9625399
EA-0224,774863,9625349
EA-0225,774863,9625299
EA-0226,774863,9625249
EA-0227,774863,9625199
EA-0228,774863,9625149
EA-0229,774863,9625099
EA-0230,774863,9625049
EA-0231,774863,9624999
EA-0232,774863,9624949
EA-0233,774863,9624899
EA-0234,774863,9624849
EA-0235,774863,9624799
EA-0236,774863,9624749
EA-0237,774863,9624699
EA-0238,774863,9624649
EA-0239,774863,9624599
EA-0240,774863,9624549
EA-0241,774863,9624499
EA-0242,774863,9624449
EA-0243,774863,9624399
EA-0244,774863,9624349
EA-0245,774863,9624299
EA-0246,774863,9624249
EA-0247,774863,9624199
EA-0248,774863,9624149
EA-0249,774863,9624099
EA-0250,774863,9624049
EA-0251,774863,9623999
EA-0252,774863,9623949
EA-0253,774863,9623899
EA-0254,774863,9623849
EA-0255,774863,9623799
EA-0256,774863,9623749
EA-0257,774863,9623699
EA-0258,774863,9623649
EA-0259,774863,9623599
EA-0260,774863,9623549
EA-0261,774863,9623499
EA-0262,774863,9623449
EA-0263,774863,9623399
EA-0264,774863,9623356
EA-0265,774913,9625497
EA-0266,774913,9625449
EA-0267,774913,9625399
EA-0268,774913,9625349
EA-0269,774913,9625299
EA-0270,774913,9625249
EA-0271,774913,9625199
EA-0272,774913,9625149
EA-0273,774913,9625099
EA-0274,774913,9625049
EA-0275,774913,9624999
EA-0276,774913,9624949
EA-0277,774913,9624899
EA-0278,774913,9624849
EA-0279,774913,9624799
EA-0280,774913,9624749
EA-0281,774913,9624699
EA-0282,774913,9624649
EA-0283,774913,9624599
EA-0284,774913,9624549
EA-0285,774913,9624499
EA-0286,774913,9624449
EA-0287,774913,9624399
EA-0288,774913,9624349
EA-0289,774913,9624299
EA-0290,774913,9624249
EA-0291,774913,9624199
EA-0292,774913,9624149
EA-0293,774913,9624099
EA-0294,774913,9624049
EA-0295,774913,9623999
EA-0296,774913,9623949
EA-0297,774913,9623899
EA-0298,774913,9623849
EA-0299,774913,9623799
EA-0300,774913,9623749
EA-0301,774913,9623699
EA-0302,774913,9623649
EA-0303,774913,9623599
EA-0304,774913,9623549
EA-0305,774913,9623499
EA-0306,774913,9623449
EA-0307,774913,9623399
EA-0308,774913,9623356
EA-0309,774963,9625497
EA-0310,774963,9625449
EA-0311,774963,9625399
EA-0312,774963,9625349
EA-0313,774963,9625299
EA-0314,774963,9625249
EA-0315,774963,9625199
EA-0316,774963,9625149
EA-0317,774963,9625099
EA-0318,774963,9625049
EA-0319,774963,9624999
EA-0320,774963,9624949
EA-0321,774963,9624899
EA-0322,774963,9624849
EA-0323,774963,9624799
EA-0324,774963,9624749
EA-0325,774963,9624699
EA-0326,774963,9624649
EA-0327,774963,9624599
EA-0328,774963,9624549
EA-0329,774963,9624499
EA-0330,774963,9624449
EA-0331,774963,9624399
EA-0332,774963,9624349
EA-0333,774963,9624299
EA-0334,774963,9624249
EA-0335,774963,9624199
EA-0336,774963,9624149
EA-0337,774963,9624099
EA-0338,774963,9624049
EA-0339,774963,9623999
EA-0340,774963,9623949
EA-0341,774963,9623899
EA-0342,774963,9623849
EA-0343,774963,9623799
EA-0344,774963,9623749
EA-0345,774963,9623699
EA-0346,774963,9623649
EA-0347,774963,9623599
EA-0348,774963,9623549
EA-0349,774963,9623499
EA-0350,774963,9623449
EA-0351,774963,9623399
EA-0352,774963,9623356
EA-0353,775013,9625497
EA-0354,775013,9625449
EA-0355,775013,9625399
EA-0356,775013,9625349
EA-0357,775013,9625299
EA-0358,775013,9625249
EA-0359,775013,9625199
EA-0360,775013,9625149
EA-0361,775013,9625099
EA-0362,775013,9625049
EA-0363,775013,9624999
EA-0364,775013,9624949
EA-0365,775013,9624899
EA-0366,775013,9624849
EA-0367,775013,9624799
EA-0368,775013,9624749
EA-0369,775013,9624699
EA-0370,775013,9624649
EA-0371,775013,9624599
EA-0372,775013,9624549
EA-0373,775013,9624499
EA-0374,775013,9624449
EA-0375,775013,9624399
EA-0376,775013,9624349
EA-0377,775013,9624299
EA-0378,775013,9624249
EA-0379,775013,9624199
EA-0380,775013,9624149
EA-0381,775013,9624099
EA-0382,775013,9624049
EA-0383,775013,9623999
EA-0384,775013,9623949
EA-0385,775013,9623899
EA-0386,775013,9623849
EA-0387,775013,9623799
EA-0388,775013,9623749
EA-0389,775013,9623699
EA-0390,775013,9623649
EA-0391,775013,9623599
EA-0392,775013,9623549
EA-0393,775013,9623499
EA-0394,775013,9623449
EA-0395,775013,9623399
EA-0396,775013,9623356
EA-0397,775063,9625497
EA-0398,775063,9625449
EA-0399,775063,9625399
EA-0400,775063,9625349
EA-0401,775063,9625299
EA-0402,775063,9625249
EA-0403,775063,9625199
EA-0404,775063,9625149
EA-0405,775063,9625099
EA-0406,775063,9625049
EA-0407,775063,9624999
EA-0408,775063,9624949
EA-0409,775063,9624899
EA-0410,775063,9624849
EA-0411,775063,9624799
EA-0412,775063,9624749
EA-0413,775063,9624699
EA-0414,775063,9624649
EA-0415,775063,9624599
EA-0416,775063,9624549
EA-0417,775063,9624499
EA-0418,775063,9624449
EA-0419,775063,9624399
EA-0420,775063,9624349
EA-0421,775063,9624299
EA-0422,775063,9624249
EA-0423,775063,9624199
EA-0424,775063,9624149
EA-0425,775063,9624099
EA-0426,775063,9624049
EA-0427,775063,9623999
EA-0428,775063,9623949
EA-0429,775063,9623899
EA-0430,775063,9623849
EA-0431,775063,9623799
EA-0432,775063,9623749
EA-0433,775063,9623699
EA-0434,775063,9623649
EA-0435,775063,9623599
EA-0436,775063,9623549
EA-0437,775063,9623499
EA-0438,775063,9623449
EA-0439,775063,9623399
EA-0440,775063,9623356
EA-0441,775113,9625497
EA-0442,775113,9625449
EA-0443,775113,9625399
EA-0444,775113,9625349
EA-0445,775113,9625299
EA-0446,775113,9625249
EA-0447,775113,9625199
EA-0448,775113,9625149
EA-0449,775113,9625099
EA-0450,775113,9625049
EA-0451,775113,9624999
EA-0452,775113,9624949
EA-0453,775113,9624899
EA-0454,775113,9624849
EA-0455,775113,9624799
EA-0456,775113,9624749
EA-0457,775113,9624699
EA-0458,775113,9624649
EA-0459,775113,9624599
EA-0460,775113,9624549
EA-0461,775113,9624499
EA-0462,775113,9624449
EA-0463,775113,9624399
EA-0464,775113,9624349
EA-0465,775113,9624299
EA-0466,775113,9624249
EA-0467,775113,9624199
EA-0468,775113,9624149
EA-0469,775113,9624099
EA-0470,775113,9624049
EA-0471,775113,9623999
EA-0472,775113,9623949
EA-0473,775113,9623899
EA-0474,775113,9623849
EA-0475,775113,9623799
EA-0476,775113,9623749
EA-0477,775113,9623699
EA-0478,775113,9623649
EA-0479,775113,9623599
EA-0480,775113,9623549
EA-0481,775113,9623499
EA-0482,775113,9623449
EA-0483,775113,9623399
EA-0484,775113,9623356
EA-0485,775163,9625497
EA-0486,775163,9625449
EA-0487,775163,9625399
EA-0488,775163,9625349
EA-0489,775163,9625299
EA-0490,775163,9625249
EA-0491,775163,9625199
EA-0492,775163,9625149
EA-0493,775163,9625099
EA-0494,775163,9625049
EA-0495,775163,9624999
EA-0496,775163,9624949
EA-0497,775163,9624899
EA-0498,775163,9624849
EA-0499,775163,9624799
EA-0500,775163,9624749
EA-0501,775163,9624699
EA-0502,775163,9624649
EA-0503,775163,9624599
EA-0504,775163,9624549
EA-0505,775163,9624499
EA-0506,775163,9624449
EA-0507,775163,9624399
EA-0508,775163,9624349
EA-0509,775163,9624299
EA-0510,775163,9624249
EA-0511,775163,9624199
EA-0512,775163,9624149
EA-0513,775163,9624099
EA-0514,775163,9624049
EA-0515,775163,9623999
EA-0516,775163,9623949
EA-0517,775163,9623899
EA-0518,775163,9623849
EA-0519,775163,9623799
EA-0520,775163,9623749
EA-0521,775163,9623699
EA-0522,775163,9623649
EA-0523,775163,9623599
EA-0524,775163,9623549
EA-0525,775163,9623499
EA-0526,775163,9623449
EA-0527,775163,9623399
EA-0528,775163,9623356
EA-0529,775213,9625497
EA-0530,775213,9625449
EA-0531,775213,9625399
EA-0532,775213,9625349
EA-0533,775213,9625299
EA-0534,775213,9625249
EA-0535,775213,9625199
EA-0536,775213,9625149
EA-0537,775213,9625099
EA-0538,775213,9625049
EA-0539,775213,9624999
EA-0540,775213,9624949
EA-0541,775213,9624899
EA-0542,775213,9624849
EA-0543,775213,9624799
EA-0544,775213,9624749
EA-0545,775213,9624699
EA-0546,775213,9624649
EA-0547,775213,9624599
EA-0548,775213,9624549
EA-0549,775213,9624499
EA-0550,775213,9624449
EA-0551,775213,9624399
EA-0552,775213,9624349
EA-0553,775213,9624299
EA-0554,775213,9624249
EA-0555,775213,9624199
EA-0556,775213,9624149
EA-0557,775213,9624099
EA-0558,775213,9624049
EA-0559,775213,9623999
EA-0560,775213,9623949
EA-0561,775213,9623899
EA-0562,775213,9623849
EA-0563,775213,9623799
EA-0564,775213,9623749
EA-0565,775213,9623699
EA-0566,775213,9623649
EA-0567,775213,9623599
EA-0568,775213,9623549
EA-0569,775213,9623499
EA-0570,775213,9623449
EA-0571,775213,9623399
EA-0572,775213,9623356
EA-0573,775263,9625497
EA-0574,775263,9625449
EA-0575,775263,9625399
EA-0576,775263,9625349
EA-0577,775263,9625299
EA-0578,775263,9625249
EA-0579,775263,9625199
EA-0580,775263,9625149
EA-0581,775263,9625099
EA-0582,775263,9625049
EA-0583,775263,9624999
EA-0584,775263,9624949
EA-0585,775263,9624899
EA-0586,775263,9624849
EA-0587,775263,9624799
EA-0588,775263,9624749
EA-0589,775263,9624699
EA-0590,775263,9624649
EA-0591,775263,9624599
EA-0592,775263,9624549
EA-0593,775263,9624499
EA-0594,775263,9624449
EA-0595,775263,9624399
EA-0596,775263,9624349
EA-0597,775263,9624299
EA-0598,775263,9624249
EA-0599,775263,9624199
EA-0600,775263,9624149
EA-0601,775263,9624099
EA-0602,775263,9624049
EA-0603,775263,9623999
EA-0604,775263,9623949
EA-0605,775263,9623899
EA-0606,775263,9623849
EA-0607,775263,9623799
EA-0608,775263,9623749
EA-0609,775263,9623699
EA-0610,775263,9623649
EA-0611,775263,9623599
EA-0612,775263,9623549
EA-0613,775263,9623499
EA-0614,775263,9623449
EA-0615,775263,9623399
EA-0616,775263,9623356
EA-0617,775313,9625497
EA-0618,775313,9625449
EA-0619,775313,9625399
EA-0620,775313,9625349
EA-0621,775313,9625299
EA-0622,775313,9625249
EA-0623,775313,9625199
EA-0624,775313,9625149
EA-0625,775313,9625099
EA-0626,775313,9625049
EA-0627,775313,9624999
EA-0628,775313,9624949
EA-0629,775313,9624899
EA-0630,775313,9624849
EA-0631,775313,9624799
EA-0632,775313,9624749
EA-0633,775313,9624699
EA-0634,775313,9624649
EA-0635,775313,9624599
EA-0636,775313,9624549
EA-0637,775313,9624499
EA-0638,775313,9624449
EA-0639,775313,9624399
EA-0640,775313,9624349
EA-0641,775313,9624299
EA-0642,775313,9624249
EA-0643,775313,9624199
EA-0644,775313,9624149
EA-0645,775313,9624099
EA-0646,775313,9624049
EA-0647,775313,9623999
EA-0648,775313,9623949
EA-0649,775313,9623899
EA-0650,775313,9623849
EA-0651,775313,9623799
EA-0652,775313,9623749
EA-0653,775313,9623699
EA-0654,775313,9623649
EA-0655,775313,9623599
EA-0656,775313,9623549
EA-0657,775313,9623499
EA-0658,775313,9623449
EA-0659,775313,9623399
EA-0660,775313,9623356
EA-0661,775363,9625497
EA-0662,775363,9625449
EA-0663,775363,9625399
EA-0664,775363,9625349
EA-0665,775363,9625299
EA-0666,775363,9625249
EA-0667,775363,9625199
EA-0668,775363,9625149
EA-0669,775363,9625099
EA-0670,775363,9625049
EA-0671,775363,9624999
EA-0672,775363,9624949
EA-0673,775363,9624899
EA-0674,775363,9624849
EA-0675,775363,9624799
EA-0676,775363,9624749
EA-0677,775363,9624699
EA-0678,775363,9624649
EA-0679,775363,9624599
EA-0680,775363,9624549
EA-0681,775363,9624499
EA-0682,775363,9624449
EA-0683,775363,9624399
EA-0684,775363,9624349
EA-0685,775363,9624299
EA-0686,775363,9624249
EA-0687,775363,9624199
EA-0688,775363,9624149
EA-0689,775363,9624099
EA-0690,775363,9624049
EA-0691,775363,9623999
EA-0692,775363,9623949
EA-0693,775363,9623899
EA-0694,775363,9623849
EA-0695,775363,9623799
EA-0696,775363,9623749
EA-0697,775363,9623699
EA-0698,775363,9623649
EA-0699,775363,9623599
EA-0700,775363,9623549
EA-0701,775363,9623499
EA-0702,775363,9623449
EA-0703,775363,9623399
EA-0704,775363,9623356
EA-0705,775413,9625497
EA-0706,775413,9625449
EA-0707,775413,9625399
EA-0708,775413,9625349
EA-0709,775413,9625299
EA-0710,775413,9625249
EA-0711,775413,9625199
EA-0712,775413,9625149
EA-0713,775413,9625099
EA-0714,775413,9625049
EA-0715,775413,9624999
EA-0716,775413,9624949
EA-0717,775413,9624899
EA-0718,775413,9624849
EA-0719,775413,9624799
EA-0720,775413,9624749
EA-0721,775413,9624699
EA-0722,775413,9624649
EA-0723,775413,9624599
EA-0724,775413,9624549
EA-0725,775413,9624499
EA-0726,775413,9624449
EA-0727,775413,9624399
EA-0728,775413,9624349
EA-0729,775413,9624299
EA-0730,775413,9624249
EA-0731,775413,9624199
EA-0732,775413,9624149
EA-0733,775413,9624099
EA-0734,775413,9624049
EA-0735,775413,9623999
EA-0736,775413,9623949
EA-0737,775413,9623899
EA-0738,775413,9623849
EA-0739,775413,9623799
EA-0740,775413,9623749
EA-0741,775413,9623699
EA-0742,775413,9623649
EA-0743,775413,9623599
EA-0744,775413,9623549
EA-0745,775413,9623499
EA-0746,775413,9623449
EA-0747,775413,9623399
EA-0748,775413,9623356
EA-0749,775463,9625497
EA-0750,775463,9625449
EA-0751,775463,9625399
EA-0752,775463,9625349
EA-0753,775463,9625299
EA-0754,775463,9625249
EA-0755,775463,9625199
EA-0756,775463,9625149
EA-0757,775463,9625099
EA-0758,775463,9625049
EA-0759,775463,9624999
EA-0760,775463,9624949
EA-0761,775463,9624899
EA-0762,775463,9624849
EA-0763,775463,9624799
EA-0764,775463,9624749
EA-0765,775463,9624699
EA-0766,775463,9624649
EA-0767,775463,9624599
EA-0768,775463,9624549
EA-0769,775463,9624499
EA-0770,775463,9624449
EA-0771,775463,9624399
EA-0772,775463,9624349
EA-0773,775463,9624299
EA-0774,775463,9624249
EA-0775,775463,9624199
EA-0776,775463,9624149
EA-0777,775463,9624099
EA-0778,775463,9624049
EA-0779,775463,9623999
EA-0780,775463,9623949
EA-0781,775463,9623899
EA-0782,775463,9623849
EA-0783,775463,9623799
EA-0784,775463,9623749
EA-0785,775463,9623699
EA-0786,775463,9623649
EA-0787,775463,9623599
EA-0788,775463,9623549
EA-0789,775463,9623499
EA-0790,775463,9623449
EA-0791,775463,9623399
EA-0792,775463,9623356
EA-0793,775513,9625497
EA-0794,775513,9625449
EA-0795,775513,9625399
EA-0796,775513,9625349
EA-0797,775513,9625299
EA-0798,775513,9625249
EA-0799,775513,9625199
EA-0800,775513,9625149
EA-0801,775513,9625099
EA-0802,775513,9625049
EA-0803,775513,9624999
EA-0804,775513,9624949
EA-0805,775513,9624899
EA-0806,775513,9624849
EA-0807,775513,9624799
EA-0808,775513,9624749
EA-0809,775513,9624699
EA-0810,775513,9624649
EA-0811,775513,9624599
EA-0812,775513,9624549
EA-0813,775513,9624499
EA-0814,775513,9624449
EA-0815,775513,9624399
EA-0816,775513,9624349
EA-0817,775513,9624299
EA-0818,775513,9624249
EA-0819,775513,9624199
EA-0820,775513,9624149
EA-0821,775513,9624099
EA-0822,775513,9624049
EA-0823,775513,9623999
EA-0824,775513,9623949
EA-0825,775513,9623899
EA-0826,775513,9623849
EA-0827,775513,9623799
EA-0828,775513,9623749
EA-0829,775513,9623699
EA-0830,775513,9623649
EA-0831,775513,9623599
EA-0832,775513,9623549
EA-0833,775513,9623499
EA-0834,775513,9623449
EA-0835,775513,9623399
EA-0836,775513,9623356
EA-0837,775563,9625497
EA-0838,775563,9625449
EA-0839,775563,9625399
EA-0840,775563,9625349
EA-0841,775563,9625299
EA-0842,775563,9625249
EA-0843,775563,9625199
EA-0844,775563,9625149
EA-0845,775563,9625099
EA-0846,775563,9625049
EA-0847,775563,9624999
EA-0848,775563,9624949
EA-0849,775563,9624899
EA-0850,775563,9624849
EA-0851,775563,9624799
EA-0852,775563,9624749
EA-0853,775563,9624699
EA-0854,775563,9624649
EA-0855,775563,9624599
EA-0856,775563,9624549
EA-0857,775563,9624499
EA-0858,775563,9624449
EA-0859,775563,9624399
EA-0860,775563,9624349
EA-0861,775563,9624299
EA-0862,775563,9624249
EA-0863,775563,9624199
EA-0864,775563,9624149
EA-0865,775563,9624099
EA-0866,775563,9624049
EA-0867,775563,9623999
EA-0868,775563,9623949
EA-0869,775563,9623899
EA-0870,775563,9623849
EA-0871,775563,9623799
EA-0872,775563,9623749
EA-0873,775563,9623699
EA-0874,775563,9623649
EA-0875,775563,9623599
EA-0876,775563,9623549
EA-0877,775563,9623499
EA-0878,775563,9623449
EA-0879,775563,9623399
EA-0880,775563,9623356
EA-0881,775613,9625497
EA-0882,775613,9625449
EA-0883,775613,9625399
EA-0884,775613,9625349
EA-0885,775613,9625299
EA-0886,775613,9625249
EA-0887,775613,9625199
EA-0888,775613,9625149
EA-0889,775613,9625099
EA-0890,775613,9625049
EA-0891,775613,9624999
EA-0892,775613,9624949
EA-0893,775613,9624899
EA-0894,775613,9624849
EA-0895,775613,9624799
EA-0896,775613,9624749
EA-0897,775613,9624699
EA-0898,775613,9624649
EA-0899,775613,9624599
EA-0900,775613,9624549
EA-0901,775613,9624499
EA-0902,775613,9624449
EA-0903,775613,9624399
EA-0904,775613,9624349
EA-0905,775613,9624299
EA-0906,775613,9624249
EA-0907,775613,9624199
EA-0908,775613,9624149
EA-0909,775613,9624099
EA-0910,775613,9624049
EA-0911,775613,9623999
EA-0912,775613,9623949
EA-0913,775613,9623899
EA-0914,775613,9623849
EA-0915,775613,9623799
EA-0916,775613,9623749
EA-0917,775613,9623699
EA-0918,775613,9623649
EA-0919,775613,9623599
EA-0920,775613,9623549
EA-0921,775613,9623499
EA-0922,775613,9623449
EA-0923,775613,9623399
EA-0924,775613,9623356
EA-0925,775663,9625497
EA-0926,775663,9625449
EA-0927,775663,9625399
EA-0928,775663,9625349
EA-0929,775663,9625299
EA-0930,775663,9625249
EA-0931,775663,9625199
EA-0932,775663,9625149
EA-0933,775663,9625099
EA-0934,775663,9625049
EA-0935,775663,9624999
EA-0936,775663,9624949
EA-0937,775663,9624899
EA-0938,775663,9624849
EA-0939,775663,9624799
EA-0940,775663,9624749
EA-0941,775663,9624699
EA-0942,775663,9624649
EA-0943,775663,9624599
EA-0944,775663,9624549
EA-0945,775663,9624499
EA-0946,775663,9624449
EA-0947,775663,9624399
EA-0948,775663,9624349
EA-0949,775663,9624299
EA-0950,775663,9624249
EA-0951,775663,9624199
EA-0952,775663,9624149
EA-0953,775663,9624099
EA-0954,775663,9624049
EA-0955,775663,9623999
EA-0956,775663,9623949
EA-0957,775663,9623899
EA-0958,775663,9623849
EA-0959,775663,9623799
EA-0960,775663,9623749
EA-0961,775663,9623699
EA-0962,775663,9623649
EA-0963,775663,9623599
EA-0964,775663,9623549
EA-0965,775663,9623499
EA-0966,775663,9623449
EA-0967,775663,9623399
EA-0968,775663,9623356
EA-0969,775713,9625497
EA-0970,775713,9625449
EA-0971,775713,9625399
EA-0972,775713,9625349
EA-0973,775713,9625299
EA-0974,775713,9625249
EA-0975,775713,9625199
EA-0976,775713,9625149
EA-0977,775713,9625099
EA-0978,775713,9625049
EA-0979,775713,9624999
EA-0980,775713,9624949
EA-0981,775713,9624899
EA-0982,775713,9624849
EA-0983,775713,9624799
EA-0984,775713,9624749
EA-0985,775713,9624699
EA-0986,775713,9624649
EA-0987,775713,9624599
EA-0988,775713,9624549
EA-0989,775713,9624499
EA-0990,775713,9624449
EA-0991,775713,9624399
EA-0992,775713,9624349
EA-0993,775713,9624299
EA-0994,775713,9624249
EA-0995,775713,9624199
EA-0996,775713,9624149
EA-0997,775713,9624099
EA-0998,775713,9624049
EA-0999,775713,9623999
EA-1000,775703,9623956
EA-1001,775694,9623899
EA-1002,775694,9623849
EA-1003,775694,9623799
EA-1004,775694,9623749
EA-1005,775694,9623699
EA-1006,775694,9623649
EA-1007,775694,9623599
EA-1008,775694,9623549
EA-1009,775694,9623499
EA-1010,775694,9623449
EA-1011,775694,9623399
EA-1012,775694,9623356
EA-1013,775763,9625497
EA-1014,775763,9625449
EA-1015,775763,9625399
EA-1016,775763,9625349
EA-1017,775763,9625299
EA-1018,775763,9625249
EA-1019,775763,9625199
EA-1020,775763,9625149
EA-1021,775763,9625099
EA-1022,775763,9625049
EA-1023,775763,9624999
EA-1024,775763,9624949
EA-1025,775763,9624899
EA-1026,775763,9624849
EA-1027,775763,9624799
EA-1028,775763,9624749
EA-1029,775763,9624699
EA-1030,775763,9624649
EA-1031,775763,9624599
EA-1032,775763,9624549
EA-1033,775763,9624499
EA-1034,775763,9624449
EA-1035,775763,9624399
EA-1036,775763,9624349
EA-1037,775763,9624299
EA-1038,775763,9624249
EA-1039,775763,9624199
EA-1040,775763,9624149
EA-1041,775763,9624099
EA-1042,775763,9624049
EA-1043,775763,9623999
EA-1044,775763,9623969
EA-1045,775813,9625497
EA-1046,775813,9625449
EA-1047,775813,9625399
EA-1048,775813,9625349
EA-1049,775813,9625299
EA-1050,775813,9625249
EA-1051,775813,9625199
EA-1052,775813,9625149
EA-1053,775813,9625099
EA-1054,775813,9625049
EA-1055,775813,9624999
EA-1056,775813,9624949
EA-1057,775813,9624899
EA-1058,775813,9624849
EA-1059,775813,9624799
EA-1060,775813,9624749
EA-1061,775813,9624699
EA-1062,775813,9624649
EA-1063,775813,9624599
EA-1064,775813,9624549
EA-1065,775813,9624499
EA-1066,775813,9624449
EA-1067,775813,9624399
EA-1068,775813,9624349
EA-1069,775813,9624299
EA-1070,775813,9624249
EA-1071,775813,9624199
EA-1072,775813,9624149
EA-1073,775813,9624099
EA-1074,775813,9624049
EA-1075,775813,9623999
EA-1076,775813,9623969
EA-1077,775863,9625497
EA-1078,775863,9625449
EA-1079,775863,9625399
EA-1080,775863,9625349
EA-1081,775863,9625299
EA-1082,775863,9625249
EA-1083,775863,9625199
EA-1084,775863,9625149
EA-1085,775863,9625099
EA-1086,775863,9625049
EA-1087,775863,9624999
EA-1088,775863,9624949
EA-1089,775863,9624899
EA-1090,775863,9624849
EA-1091,775863,9624799
EA-1092,775863,9624749
EA-1093,775863,9624699
EA-1094,775863,9624649
EA-1095,775863,9624599
EA-1096,775863,9624549
EA-1097,775863,9624499
EA-1098,775863,9624449
EA-1099,775863,9624399
EA-1100,775863,9624349
EA-1101,775863,9624299
EA-1102,775863,9624249
EA-1103,775863,9624199
EA-1104,775863,9624149
EA-1105,775863,9624099
EA-1106,775863,9624049
EA-1107,775863,9623999
EA-1108,775863,9623969
EA-1109,775913,9625497
EA-1110,775913,9625449
EA-1111,775913,9625399
EA-1112,775913,9625349
EA-1113,775913,9625299
EA-1114,775913,9625249
EA-1115,775913,9625199
EA-1116,775913,9625149
EA-1117,775913,9625099
EA-1118,775913,9625049
EA-1119,775913,9624999
EA-1120,775913,9624949
EA-1121,775913,9624899
EA-1122,775913,9624849
EA-1123,775913,9624799
EA-1124,775913,9624749
EA-1125,775913,9624699
EA-1126,775913,9624649
EA-1127,775913,9624599
EA-1128,775913,9624549
EA-1129,775913,9624499
EA-1130,775913,9624449
EA-1131,775913,9624399
EA-1132,775913,9624349
EA-1133,775913,9624299
EA-1134,775913,9624249
EA-1135,775913,9624199
EA-1136,775913,9624149
EA-1137,775913,9624099
EA-1138,775913,9624049
EA-1139,775913,9623999
EA-1140,775913,9623969
EA-1141,775963,9625497
EA-1142,775963,9625449
EA-1143,775963,9625399
EA-1144,775963,9625349
EA-1145,775963,9625299
EA-1146,775963,9625249
EA-1147,775963,9625199
EA-1148,775963,9625149
EA-1149,775963,9625099
EA-1150,775963,9625049
EA-1151,775963,9624999
EA-1152,775963,9624949
EA-1153,775963,9624899
EA-1154,775963,9624849
EA-1155,775963,9624799
EA-1156,775963,9624749
EA-1157,775963,9624699
EA-1158,775963,9624649
EA-1159,775963,9624599
EA-1160,775963,9624549
EA-1161,775963,9624499
EA-1162,775963,9624449
EA-1163,775963,9624399
EA-1164,775963,9624349
EA-1165,775963,9624299
EA-1166,775963,9624249
EA-1167,775963,9624199
EA-1168,775963,9624149
EA-1169,775963,9624099
EA-1170,775963,9624049
EA-1171,775963,9623999
EA-1172,775963,9623969
EA-1173,776013,9625497
EA-1174,776013,9625449
EA-1175,776013,9625399
EA-1176,776013,9625349
EA-1177,776013,9625299
EA-1178,776013,9625249
EA-1179,776013,9625199
EA-1180,776013,9625149
EA-1181,776013,9625099
EA-1182,776013,9625049
EA-1183,776013,9624999
EA-1184,776013,9624949
EA-1185,776013,9624899
EA-1186,776013,9624849
EA-1187,776013,9624799
EA-1188,776013,9624749
EA-1189,776013,9624699
EA-1190,776013,9624649
EA-1191,776013,9624599
EA-1192,776013,9624549
EA-1193,776013,9624499
EA-1194,776013,9624449
EA-1195,776013,9624399
EA-1196,776013,9624349
EA-1197,776013,9624299
EA-1198,776013,9624249
EA-1199,776013,9624199
EA-1200,776013,9624149
EA-1201,776013,9624099
EA-1202,776013,9624049
EA-1203,776013,9623999
EA-1204,776013,9623969
EA-1205,776063,9625497
EA-1206,776063,9625449
EA-1207,776063,9625399
EA-1208,776063,9625349
EA-1209,776063,9625299
EA-1210,776063,9625249
EA-1211,776063,9625199
EA-1212,776063,9625149
EA-1213,776063,9625099
EA-1214,776063,9625049
EA-1215,776063,9624999
EA-1216,776063,9624949
EA-1217,776063,9624899
EA-1218,776063,9624849
EA-1219,776063,9624799
EA-1220,776063,9624749
EA-1221,776063,9624699
EA-1222,776063,9624649
EA-1223,776063,9624599
EA-1224,776063,9624549
EA-1225,776063,9624499
EA-1226,776063,9624449
EA-1227,776063,9624399
EA-1228,776063,9624349
EA-1229,776063,9624299
EA-1230,776063,9624249
EA-1231,776063,9624199
EA-1232,776063,9624149
EA-1233,776063,9624099
EA-1234,776063,9624049
EA-1235,776063,9623999
EA-1236,776063,9623969
EA-1237,776113,9625497
EA-1238,776113,9625449
EA-1239,776113,9625399
EA-1240,776113,9625349
EA-1241,776113,9625299
EA-1242,776113,9625249
EA-1243,776113,9625199
EA-1244,776113,9625149
EA-1245,776113,9625099
EA-1246,776113,9625049
EA-1247,776113,9624999
EA-1248,776113,9624949
EA-1249,776113,9624899
EA-1250,776113,9624849
EA-1251,776113,9624799
EA-1252,776113,9624749
EA-1253,776113,9624699
EA-1254,776113,9624649
EA-1255,776113,9624599
EA-1256,776113,9624549
EA-1257,776113,9624499
EA-1258,776113,9624449
EA-1259,776113,9624399
EA-1260,776113,9624349
EA-1261,776113,9624299
EA-1262,776113,9624249
EA-1263,776113,9624199
EA-1264,776113,9624149
EA-1265,776113,9624099
EA-1266,776113,9624049
EA-1267,776113,9623999
EA-1268,776113,9623969
EA-1269,776163,9625497
EA-1270,776163,9625449
EA-1271,776163,9625399
EA-1272,776163,9625349
EA-1273,776163,9625299
EA-1274,776163,9625249
EA-1275,776163,9625199
EA-1276,776163,9625149
EA-1277,776163,9625099
EA-1278,776163,9625049
EA-1279,776163,9624999
EA-1280,776163,9624949
EA-1281,776163,9624899
EA-1282,776163,9624849
EA-1283,776163,9624799
EA-1284,776163,9624749
EA-1285,776163,9624699
EA-1286,776163,9624649
EA-1287,776163,9624599
EA-1288,776163,9624549
EA-1289,776163,9624499
EA-1290,776163,9624449
EA-1291,776163,9624399
EA-1292,776163,9624349
EA-1293,776163,9624299
EA-1294,776163,9624249
EA-1295,776163,9624199
EA-1296,776163,9624149
EA-1297,776163,9624099
EA-1298,776163,9624049
EA-1299,776163,9623999
EA-1300,776163,9623969
EA-1301,776213,9625497
EA-1302,776213,9625449
EA-1303,776213,9625399
EA-1304,776213,9625349
EA-1305,776213,9625299
EA-1306,776213,9625249
EA-1307,776213,9625199
EA-1308,776213,9625149
EA-1309,776213,9625099
EA-1310,776213,9625049
EA-1311,776213,9624999
EA-1312,776213,9624949
EA-1313,776213,9624899
EA-1314,776213,9624849
EA-1315,776213,9624799
EA-1316,776213,9624749
EA-1317,776213,9624699
EA-1318,776213,9624649
EA-1319,776213,9624599
EA-1320,776213,9624549
EA-1321,776213,9624499
EA-1322,776213,9624449
EA-1323,776213,9624399
EA-1324,776213,9624349
EA-1325,776213,9624299
EA-1326,776213,9624249
EA-1327,776213,9624199
EA-1328,776213,9624149
EA-1329,776213,9624099
EA-1330,776213,9624049
EA-1331,776213,9623999
EA-1332,776213,9623969
EA-1333,776239,9625497
EA-1334,776239,9625449
EA-1335,776239,9625399
EA-1336,776239,9625349
EA-1337,776239,9625299
EA-1338,776239,9625249
EA-1339,776239,9625199
EA-1340,776239,9625149
EA-1341,776239,9625099
EA-1342,776239,9625049
EA-1343,776239,9624999
EA-1344,776239,9624949
EA-1345,776239,9624899
EA-1346,776239,9624849
EA-1347,776239,9624799
EA-1348,776239,9624749
EA-1349,776239,9624699
EA-1350,776239,9624649
EA-1351,776239,9624599
EA-1352,776239,9624549
EA-1353,776239,9624499
EA-1354,776239,9624449
EA-1355,776239,9624399
EA-1356,776239,9624349
EA-1357,776239,9624299
EA-1358,776239,9624249
EA-1359,776239,9624199
EA-1360,776239,9624149
EA-1361,776239,9624099
EA-1362,776239,9624049
EA-1363,776239,9623999
EA-1364,776239,9623969
EA-1365,774066,9626325
EA-1366,774066,9626076
EA-1367,774066,9625826
EA-1368,774066,9625576
EA-1369,774066,9625326
EA-1370,774066,9625076
EA-1371,774066,9624874
EA-1372,774316,9626323
EA-1373,774316,9626076
EA-1374,774316,9625826
EA-1375,774316,9625576
EA-1376,774316,9625326
EA-1377,774316,9625076
EA-1378,774326,9624834
EA-1379,774347,9624576
EA-1380,774347,9624326
EA-1381,774347,9624076
EA-1382,774347,9623826
EA-1383,774347,9623576
EA-1384,774347,9623326
EA-1385,774347,9623173
EA-1386,774566,9626322
EA-1387,774566,9626076
EA-1388,774566,9625826
EA-1389,774557,9625586
EA-1390,774517,9625326
EA-1391,774517,9625076
EA-1392,774517,9624826
EA-1393,774517,9624576
EA-1394,774517,9624326
EA-1395,774517,9624076
EA-1396,774517,9623826
EA-1397,774517,9623576
EA-1398,774550,9623311
EA-1399,774566,9623173
EA-1400,774816,9626320
EA-1401,774816,9626076
EA-1402,774816,9625826
EA-1403,774816,9625610
EA-1404,774816,9623270
EA-1405,774845,9623085
EA-1406,774857,9622826
EA-1407,774857,9622576
EA-1408,774857,9622326
EA-1409,774857,9622076
EA-1410,774857,9621826
EA-1411,774857,9621576
EA-1412,774857,9621326
EA-1413,774857,9621076
EA-1414,774857,9620826
EA-1415,774857,9620608
EA-1416,775066,9626319
EA-1417,775066,9626076
EA-1418,775066,9625826
EA-1419,775066,9625610
EA-1420,775066,9623270
EA-1421,775066,9623076
EA-1422,775066,9622826
EA-1423,775066,9622576
EA-1424,775066,9622326
EA-1425,775066,9622076
EA-1426,775066,9621826
EA-1427,775066,9621576
EA-1428,775066,9621326
EA-1429,775066,9621076
EA-1430,775066,9620826
EA-1431,775066,9620608
EA-1432,775316,9626317
EA-1433,775316,9626076
EA-1434,775316,9625826
EA-1435,775316,9625610
EA-1436,775316,9623270
EA-1437,775316,9623076
EA-1438,775316,9622826
EA-1439,775316,9622576
EA-1440,775316,9622326
EA-1441,775316,9622076
EA-1442,775316,9621826
EA-1443,775316,9621576
EA-1444,775316,9621326
EA-1445,775316,9621076
EA-1446,775316,9620826
EA-1447,775323,9620582
EA-1448,775348,9620326
EA-1449,775348,9620091
EA-1450,775566,9626316
EA-1451,775566,9626076
EA-1452,775566,9625826
EA-1453,775566,9625610
EA-1454,775566,9623270
EA-1455,775566,9623076
EA-1456,775566,9622826
EA-1457,775566,9622576
EA-1458,775566,9622326
EA-1459,775566,9622076
EA-1460,775566,9621826
EA-1461,775566,9621576
EA-1462,775566,9621326
EA-1463,775566,9621076
EA-1464,775566,9620826
EA-1465,775566,9620576
EA-1466,775566,9620326
EA-1467,775569,9620088
EA-1468,775669,9619826
EA-1469,775669,9619576
EA-1470,775669,9619326
EA-1471,775669,9619076
EA-1472,775669,9618826
EA-1473,775669,9618576
EA-1474,775669,9618326
EA-1475,775669,9618076
EA-1476,775669,9617826
EA-1477,775669,9617637
EA-1478,775816,9626314
EA-1479,775816,9626076
EA-1480,775816,9625826
EA-1481,775816,9625610
EA-1482,775820,9623957
EA-1483,775820,9623826
EA-1484,775820,9623576
EA-1485,775818,9623325
EA-1486,775816,9623076
EA-1487,775816,9622826
EA-1488,775816,9622576
EA-1489,775816,9622326
EA-1490,775816,9622076
EA-1491,775816,9621826
EA-1492,775816,9621576
EA-1493,775816,9621326
EA-1494,775816,9621076
EA-1495,775816,9620826
EA-1496,775816,9620576
EA-1497,775816,9620326
EA-1498,775816,9620076
EA-1499,775816,9619826
EA-1500,775816,9619576
EA-1501,775816,9619326
EA-1502,775816,9619076
EA-1503,775816,9618826
EA-1504,775816,9618576
EA-1505,775816,9618326
EA-1506,775816,9618076
EA-1507,775816,9617826
EA-1508,775816,9617637
EA-1509,776066,9626313
EA-1510,776066,9626076
EA-1511,776066,9625826
EA-1512,776066,9625610
EA-1513,776066,9623957
EA-1514,776066,9623826
EA-1515,776066,9623576
EA-1516,776066,9623326
EA-1517,776066,9623076
EA-1518,776066,9622826
EA-1519,776066,9622576
EA-1520,776066,9622326
EA-1521,776066,9622076
EA-1522,776066,9621826
EA-1523,776066,9621576
EA-1524,776066,9621326
EA-1525,776066,9621076
EA-1526,776066,9620826
EA-1527,776066,9620576
EA-1528,776066,9620326
EA-1529,776066,9620076
EA-1530,776066,9619826
EA-1531,776066,9619576
EA-1532,776066,9619326
EA-1533,776066,9619076
EA-1534,776066,9618826
EA-1535,776066,9618576
EA-1536,776066,9618326
EA-1537,776066,9618076
EA-1538,776066,9617826
EA-1539,776066,9617637
EA-1540,776316,9626311
EA-1541,776316,9626076
EA-1542,776316,9625826
EA-1543,776322,9625581
EA-1544,776340,9625326
EA-1545,776340,9625076
EA-1546,776340,9624826
EA-1547,776340,9624576
EA-1548,776340,9624326
EA-1549,776339,9624074
EA-1550,776316,9623826
EA-1551,776316,9623576
EA-1552,776316,9623326
EA-1553,776316,9623076
EA-1554,776316,9622826
EA-1555,776316,9622576
EA-1556,776316,9622326
EA-1557,776316,9622076
EA-1558,776316,9621826
EA-1559,776316,9621576
EA-1560,776316,9621326
EA-1561,776316,9621076
EA-1562,776316,9620826
EA-1563,776316,9620576
EA-1564,776316,9620326
EA-1565,776316,9620076
EA-1566,776316,9619826
EA-1567,776316,9619576
EA-1568,776316,9619326
EA-1569,776316,9619076
EA-1570,776316,9618826
EA-1571,776316,9618576
EA-1572,776316,9618326
EA-1573,776316,9618076
EA-1574,776316,9617826
EA-1575,776336,9617608
EA-1576,776401,9617326
EA-1577,776401,9617076
EA-1578,776401,9616826
EA-1579,776401,9616576
EA-1580,776401,9616329
EA-1581,776566,9626310
EA-1582,776566,9626076
EA-1583,776566,9625826
EA-1584,776566,9625576
EA-1585,776566,9625326
EA-1586,776566,9625076
EA-1587,776566,9624826
EA-1588,776566,9624576
EA-1589,776566,9624326
EA-1590,776566,9624076
EA-1591,776566,9623826
EA-1592,776566,9623576
EA-1593,776566,9623326
EA-1594,776566,9623076
EA-1595,776566,9622826
EA-1596,776566,9622576
EA-1597,776566,9622326
EA-1598,776566,9622076
EA-1599,776566,9621826
EA-1600,776566,9621576
EA-1601,776566,9621326
EA-1602,776566,9621076
EA-1603,776566,9620826
EA-1604,776566,9620576
EA-1605,776566,9620326
EA-1606,776566,9620076
EA-1607,776566,9619826
EA-1608,776566,9619576
EA-1609,776566,9619326
EA-1610,776566,9619076
EA-1611,776566,9618826
EA-1612,776566,9618576
EA-1613,776566,9618326
EA-1614,776566,9618076
EA-1615,776566,9617826
EA-1616,776566,9617576
EA-1617,776566,9617326
EA-1618,776566,9617076
EA-1619,776566,9616826
EA-1620,776566,9616576
EA-1621,776566,9616329
EA-1622,776816,9626308
EA-1623,776816,9626076
EA-1624,776816,9625826
EA-1625,776816,9625576
EA-1626,776816,9625326
EA-1627,776816,9625076
EA-1628,776816,9624826
EA-1629,776816,9624576
EA-1630,776816,9624326
EA-1631,776816,9624076
EA-1632,776816,9623826
EA-1633,776816,9623576
EA-1634,776816,9623326
EA-1635,776816,9623076
EA-1636,776816,9622826
EA-1637,776816,9622576
EA-1638,776816,9622326
EA-1639,776816,9622076
EA-1640,776816,9621826
EA-1641,776816,9621576
EA-1642,776816,9621326
EA-1643,776816,9621076
EA-1644,776816,9620826
EA-1645,776816,9620576
EA-1646,776816,9620326
EA-1647,776816,9620076
EA-1648,776816,9619826
EA-1649,776816,9619576
EA-1650,776816,9619326
EA-1651,776816,9619076
EA-1652,776816,9618826
EA-1653,776816,9618576
EA-1654,776816,9618326
EA-1655,776816,9618076
EA-1656,776816,9617826
EA-1657,776816,9617576
EA-1658,776816,9617326
EA-1659,776816,9617076
EA-1660,776816,9616826
EA-1661,776816,9616576
EA-1662,776816,9616329
EA-1663,777066,9626306
EA-1664,777066,9626076
EA-1665,777066,9625826
EA-1666,777066,9625576
EA-1667,777066,9625326
EA-1668,777066,9625076
EA-1669,777066,9624826
EA-1670,777066,9624576
EA-1671,777066,9624326
EA-1672,777066,9624076
EA-1673,777066,9623826
EA-1674,777066,9623576
EA-1675,777066,9623326
EA-1676,777066,9623076
EA-1677,777066,9622826
EA-1678,777066,9622576
EA-1679,777066,9622326
EA-1680,777066,9622076
EA-1681,777066,9621826
EA-1682,777066,9621576
EA-1683,777066,9621326
EA-1684,777066,9621076
EA-1685,777066,9620826
EA-1686,777066,9620576
EA-1687,777066,9620326
EA-1688,777066,9620076
EA-1689,777066,9619826
EA-1690,777066,9619576
EA-1691,777066,9619326
EA-1692,777066,9619076
EA-1693,777066,9618826
EA-1694,777066,9618576
EA-1695,777066,9618326
EA-1696,777066,9618076
EA-1697,777066,9617826
EA-1698,777066,9617576
EA-1699,777066,9617326
EA-1700,777066,9617076
EA-1701,777066,9616826
EA-1702,777066,9616576
EA-1703,777066,9616329
EA-1704,777316,9626305
EA-1705,777316,9626076
EA-1706,777316,9625826
EA-1707,777316,9625576
EA-1708,777316,9625326
EA-1709,777316,9625076
EA-1710,777316,9624826
EA-1711,777316,9624576
EA-1712,777316,9624326
EA-1713,777316,9624076
EA-1714,777316,9623826
EA-1715,777316,9623576
EA-1716,777316,9623326
EA-1717,777316,9623076
EA-1718,777316,9622826
EA-1719,777316,9622576
EA-1720,777316,9622326
EA-1721,777316,9622076
EA-1722,777316,9621826
EA-1723,777316,9621576
EA-1724,777316,9621326
EA-1725,777316,9621076
EA-1726,777316,9620826
EA-1727,777316,9620576
EA-1728,777316,9620326
EA-1729,777316,9620076
EA-1730,777316,9619826
EA-1731,777316,9619576
EA-1732,777316,9619326
EA-1733,777316,9619076
EA-1734,777316,9618826
EA-1735,777316,9618576
EA-1736,777316,9618326
EA-1737,777316,9618076
EA-1738,777316,9617826
EA-1739,777316,9617576
EA-1740,777316,9617326
EA-1741,777316,9617076
EA-1742,777316,9616826
EA-1743,777316,9616576
EA-1744,777316,9616329
EA-1745,777552,9626304
EA-1746,777552,9626076
EA-1747,777552,9625826
EA-1748,777552,9625576
EA-1749,777552,9625326
EA-1750,777552,9625076
EA-1751,777552,9624826
EA-1752,777552,9624576
EA-1753,777552,9624326
EA-1754,777552,9624076
EA-1755,777552,9623826
EA-1756,777552,9623576
EA-1757,777552,9623326
EA-1758,777552,9623076
EA-1759,777552,9622826
EA-1760,777552,9622576
EA-1761,777552,9622326
EA-1762,777552,9622076
EA-1763,777552,9621826
EA-1764,777552,9621576
EA-1765,777552,9621326
EA-1766,777552,9621076
EA-1767,777552,9620826
EA-1768,777552,9620576
EA-1769,777552,9620326
EA-1770,777552,9620076
EA-1771,777552,9619826
EA-1772,777552,9619576
EA-1773,777552,9619326
EA-1774,777552,9619076
EA-1775,777552,9618826
EA-1776,777552,9618576
EA-1777,777552,9618326
EA-1778,777552,9618076
EA-1779,777552,9617826
EA-1780,777552,9617576
EA-1781,777552,9617326
EA-1782,777552,9617076
EA-1783,777552,9616826
EA-1784,777552,9616576
EA-1785,777552,9616329
