hole_id,y,x,z,max_depth
WE-1775,9622020,764500,178.47,16.27
WE-1777,9621970,764500,192.41,16.3
WE-1776,9621920,764500,191.29,23.46
WE-1779,9621870,764500,198.3,14.42
WE-1778,9621820,764500,171.29,23.86
WE-1781,9621770,764500,158.24,22.63
WE-1780,9621720,764500,173.3,24.91
WE-1768,9621670,764500,176.49,18.63
WE-1767,9621620,764500,178.07,16.61
WE-1770,9621570,764500,156.62,22.08
WE-1769,9621520,764500,142.1,18.41
WE-1772,9621470,764500,146.69,10.73
WE-1771,9621420,764500,166.22,15.43
WE-1774,9621370,764500,166.94,18.89
WE-1773,9621320,764500,153.46,24.01
WE-1791,9621270,764500,133.0,13.02
WE-1790,9621235,764500,134.17,21.35
WE-1793,9622020,764550,210.3,22.61
WE-1792,9621970,764550,231.87,17.49
WE-1795,9621920,764550,229.97,18.35
WE-1794,9621870,764550,221.16,22.07
WE-1797,9621820,764550,195.44,18.94
WE-1796,9621770,764550,170.33,22.26
WE-1783,9621720,764550,192.03,22.11
WE-1782,9621670,764550,202.79,17.77
WE-1785,9621620,764550,193.59,18.67
WE-1784,9621570,764550,171.96,24.99
WE-1787,9621520,764550,166.58,16.32
WE-1786,9621470,764550,166.32,20.1
WE-1789,9621420,764550,187.91,14.99
WE-1788,9621370,764550,182.74,21.54
WE-1744,9621320,764550,157.61,24.3
WE-1743,9621270,764550,148.82,18.84
WE-1746,9621235,764550,154.3,22.95
WE-1745,9622020,764600,232.74,10.83
WE-1748,9621970,764600,262.77,15.29
WE-1747,9621920,764600,266.5,21.44
WE-1750,9621870,764600,241.26,21.46
WE-1749,9621820,764600,217.74,20.05
WE-1736,9621770,764600,191.9,19.85
WE-1735,9621720,764600,213.85,15.62
WE-1738,9621670,764600,225.44,20.76
WE-1737,9621620,764600,210.71,13.45
WE-1740,9621570,764600,201.41,19.75
WE-1739,9621520,764600,192.69,15.34
WE-1742,9621470,764600,188.97,24.89
WE-1741,9621420,764600,207.79,19.29
WE-1760,9621370,764600,188.37,23.28
WE-1759,9621320,764600,165.33,16.06
WE-1762,9621270,764600,169.23,11.05
WE-1761,9621235,764600,174.83,16.72
WE-1764,9622020,764650,250.8,20.67
WE-1763,9621970,764650,285.04,11.38
WE-1766,9621920,764650,279.53,17.98
WE-1765,9621870,764650,250.2,18.37
WE-1752,9621820,764650,223.73,24.48
WE-1751,9621770,764650,208.68,23.14
WE-1754,9621720,764650,233.25,23.35
WE-1753,9621670,764650,254.27,16.54
WE-1756,9621620,764650,240.29,18.59
WE-1755,9621570,764650,238.9,23.48
WE-1758,9621520,764650,215.73,11.12
WE-1757,9621470,764650,214.05,21.4
WE-1712,9621420,764650,226.42,19.36
WE-1711,9621370,764650,203.48,16.42
WE-1714,9621320,764650,192.05,17.76
WE-1713,9621270,764650,189.62,14.49
WE-1716,9621235,764650,184.29,20.54
WE-1715,9622020,764700,261.04,16.94
WE-1718,9621970,764700,288.77,17.01
WE-1717,9621920,764700,283.37,18.66
WE-1704,9621870,764700,253.99,12.31
WE-1703,9621820,764700,231.57,11.05
WE-1706,9621770,764700,224.66,19.31
WE-1705,9621720,764700,253.53,11.23
WE-1708,9621670,764700,279.94,15.71
WE-1707,9621620,764700,269.64,20.13
WE-1710,9621570,764700,256.74,19.02
WE-1709,9621520,764700,242.33,18.82
WE-1728,9621470,764700,235.09,24.39
WE-1727,9621420,764700,230.86,15.16
WE-1730,9621370,764700,219.02,22.09
WE-1729,9621320,764700,205.68,20.16
WE-1732,9621270,764700,187.87,19.39
WE-1731,9621235,764700,177.68,13.75
WE-1734,9622020,764750,267.1,21.42
WE-1733,9621970,764750,283.71,17.12
WE-1720,9621920,764750,293.31,23.72
WE-1719,9621870,764750,273.92,14.93
WE-1722,9621820,764750,249.7,20.43
WE-1721,9621770,764750,238.63,14.74
WE-1724,9621720,764750,275.6,18.26
WE-1723,9621670,764750,302.63,24.51
WE-1726,9621620,764750,293.45,18.34
WE-1725,9621570,764750,266.19,22.57
WE-1680,9621520,764750,245.18,15.61
WE-1679,9621470,764750,227.59,9.97
WE-1682,9621420,764750,208.83,18.2
WE-1681,9621370,764750,196.1,23.01
WE-1684,9621320,764750,192.6,22.23
WE-1683,9621270,764750,174.0,17.19
WE-1686,9621235,764750,163.89,23.95
WE-1685,9622020,764800,283.15,22.43
WE-1672,9621970,764800,280.07,24.92
WE-1671,9621920,764800,307.73,9.18
WE-1674,9621870,764800,297.9,24.79
WE-1673,9621820,764800,274.18,23.91
WE-1676,9621770,764800,255.31,24.56
WE-1675,9621720,764800,281.52,13.11
WE-1678,9621670,764800,306.6,14.37
WE-1677,9621620,764800,286.29,17.86
WE-1696,9621570,764800,256.47,24.3
WE-1695,9621520,764800,230.18,15.74
WE-1698,9621470,764800,208.66,17.85
WE-1697,9621420,764800,195.37,14.22
WE-1700,9621370,764800,181.7,17.34
WE-1699,9621320,764800,175.96,15.77
WE-1702,9621270,764800,172.03,18.58
WE-1701,9621220,764802,171.91,19.08
WE-1688,9621170,764803,160.03,16.85
WE-1687,9621120,764803,155.42,14.16
WE-1690,9621070,764803,165.99,20.76
WE-1689,9621020,764803,174.88,15.35
WE-1692,9620970,764803,160.53,17.17
WE-1691,9620920,764803,138.54,14.79
WE-1694,9620870,764803,143.81,22.16
WE-1693,9620820,764803,170.45,16.81
WE-1648,9620770,764803,178.78,20.34
WE-1647,9620720,764803,167.12,11.56
WE-1650,9620670,764803,146.3,18.28
WE-1649,9620620,764803,153.02,12.49
WE-1652,9620570,764803,163.88,22.19
WE-1651,9620520,764803,151.36,17.77
WE-1654,9620470,764803,153.13,9.18
WE-1653,9620420,764803,160.79,17.31
WE-1640,9620370,764803,175.44,24.64
WE-1639,9620320,764803,198.32,20.84
WE-1642,9620270,764803,201.77,16.36
WE-1641,9620220,764803,198.1,20.23
WE-1644,9620170,764803,186.6,21.68
WE-1643,9620120,764803,169.53,21.76
WE-1646,9620070,764803,164.54,19.66
WE-1645,9620020,764803,167.9,19.64
WE-1664,9619972,764803,167.4,10.29
WE-1663,9622020,764850,310.35,11.2
WE-1666,9621970,764850,289.61,19.94
WE-1665,9621920,764850,305.89,22.04
WE-1668,9621870,764850,329.9,9.4
WE-1667,9621820,764850,304.2,19.88
WE-1670,9621770,764850,276.69,14.2
WE-1669,9621720,764850,288.21,16.02
WE-1656,9621670,764850,287.36,24.68
WE-1655,9621620,764850,267.27,24.5
WE-1658,9621570,764850,243.26,10.33
WE-1657,9621520,764850,220.49,14.02
WE-1660,9621470,764850,201.98,15.86
WE-1659,9621420,764850,198.49,23.93
WE-1662,9621370,764850,191.56,23.95
WE-1661,9621320,764850,188.79,9.81
WE-1616,9621270,764850,193.61,10.3
WE-1615,9621220,764850,185.36,15.03
WE-1618,9621170,764850,168.96,11.33
WE-1617,9621120,764850,178.57,19.38
WE-1620,9621070,764850,186.95,23.58
WE-1619,9621020,764850,194.3,18.44
WE-1622,9620970,764850,172.98,20.61
WE-1621,9620920,764850,146.71,15.3
WE-1608,9620870,764850,148.66,21.81
WE-1607,9620820,764850,163.67,23.25
WE-1610,9620770,764850,183.93,21.88
WE-1609,9620720,764850,171.81,22.23
WE-1612,9620670,764850,159.96,24.78
WE-1611,9620620,764850,174.49,24.36
WE-1614,9620570,764850,186.67,13.38
WE-1613,9620520,764850,169.32,18.49
WE-1632,9620470,764850,173.96,16.06
WE-1631,9620420,764850,168.4,14.6
WE-1634,9620370,764850,177.73,24.4
WE-1633,9620320,764850,199.24,11.18
WE-1636,9620270,764850,227.43,22.37
WE-1635,9620220,764850,219.44,18.71
WE-1638,9620170,764850,199.68,15.54
WE-1637,9620120,764850,184.95,22.85
WE-1624,9620070,764850,189.35,16.49
WE-1623,9620020,764850,188.11,24.78
WE-1626,9619972,764850,176.54,17.26
WE-1625,9622020,764900,323.18,21.26
WE-1628,9621970,764900,314.11,19.61
WE-1627,9621920,764900,305.29,16.5
WE-1630,9621870,764900,332.98,18.42
WE-1629,9621820,764900,319.33,20.9
WE-1584,9621770,764900,307.34,23.62
WE-1583,9621720,764900,307.28,15.7
WE-1586,9621670,764900,285.24,17.22
WE-1585,9621620,764900,258.24,18.0
WE-1588,9621570,764900,236.14,9.98
WE-1587,9621520,764900,219.1,17.23
WE-1590,9621470,764900,207.85,20.8
WE-1589,9621420,764900,220.55,20.58
WE-1576,9621370,764900,208.42,19.49
WE-1575,9621320,764900,208.84,22.72
WE-1578,9621270,764900,207.08,24.59
WE-1577,9621220,764900,199.68,20.71
WE-1580,9621170,764900,188.63,18.99
WE-1579,9621120,764900,189.05,19.95
WE-1582,9621070,764900,206.02,18.26
WE-1581,9621020,764900,202.98,15.0
WE-1600,9620970,764900,179.64,15.2
WE-1599,9620920,764900,155.39,23.67
WE-1602,9620870,764900,161.87,12.29
WE-1601,9620820,764900,172.01,10.29
WE-1604,9620770,764900,188.79,24.23
WE-1603,9620720,764900,189.42,24.77
WE-1606,9620670,764900,182.93,23.41
WE-1605,9620620,764900,190.91,17.14
WE-1592,9620570,764900,208.52,21.47
WE-1591,9620520,764900,195.47,23.8
WE-1594,9620470,764900,192.15,16.54
WE-1593,9620420,764900,191.12,21.98
WE-1596,9620370,764900,194.75,18.05
WE-1595,9620320,764900,207.7,11.37
WE-1598,9620270,764900,237.01,23.2
WE-1597,9620220,764900,233.44,22.57
WE-1552,9620170,764900,219.68,23.72
WE-1551,9620120,764900,216.36,18.95
WE-1554,9620070,764900,213.59,24.08
WE-1553,9620020,764900,204.48,24.12
WE-1556,9619972,764900,190.31,18.61
WE-1555,9622020,764950,343.54,20.33
WE-1558,9621970,764950,343.57,22.82
WE-1557,9621920,764950,326.8,18.99
WE-1544,9621870,764950,334.6,22.1
WE-1543,9621820,764950,338.07,16.06
WE-1546,9621770,764950,330.15,12.02
WE-1545,9621720,764950,310.03,19.23
WE-1548,9621670,764950,287.52,20.55
WE-1547,9621620,764950,263.08,9.9
WE-1550,9621570,764950,246.63,10.26
WE-1549,9621520,764950,231.54,21.79
WE-1568,9621470,764950,226.31,21.27
WE-1567,9621420,764950,240.75,21.33
WE-1570,9621370,764950,236.12,11.08
WE-1569,9621320,764950,230.01,21.54
WE-1572,9621270,764950,222.05,22.05
WE-1571,9621220,764950,215.41,18.66
WE-1574,9621170,764950,206.84,23.8
WE-1573,9621120,764950,201.87,17.95
WE-1560,9621070,764950,222.22,12.17
WE-1559,9621020,764950,199.7,13.34
WE-1562,9620970,764950,178.89,21.75
WE-1561,9620920,764950,173.45,15.23
WE-1564,9620870,764950,184.2,23.31
WE-1563,9620820,764950,189.12,17.41
WE-1566,9620770,764950,203.06,14.13
WE-1565,9620720,764950,206.24,16.84
WE-1520,9620670,764950,203.2,9.09
WE-1519,9620620,764950,209.05,20.15
WE-1522,9620570,764950,214.75,20.42
WE-1521,9620520,764950,213.22,22.51
WE-1524,9620470,764950,215.22,18.87
WE-1523,9620420,764950,215.61,24.17
WE-1526,9620370,764950,228.34,15.57
WE-1525,9620320,764950,233.0,23.89
WE-1512,9620270,764950,254.84,21.54
WE-1511,9620220,764950,251.86,14.55
WE-1514,9620170,764950,239.96,18.6
WE-1513,9620120,764950,238.19,22.62
WE-1516,9620070,764950,239.44,22.09
WE-1515,9620020,764950,222.07,24.22
WE-1518,9619972,764950,200.57,24.16
WE-1517,9622020,765000,354.58,9.07
WE-1536,9621970,765000,373.3,18.76
WE-1535,9621920,765000,353.8,15.31
WE-1538,9621870,765000,350.63,20.51
WE-1537,9621820,765000,356.38,19.53
WE-1540,9621770,765000,332.3,13.08
WE-1539,9621720,765000,311.69,19.91
WE-1542,9621670,765000,288.2,12.95
WE-1541,9621620,765000,279.09,24.02
WE-1528,9621570,765000,275.72,22.97
WE-1527,9621520,765000,256.5,18.61
WE-1530,9621470,765000,257.35,21.58
WE-1529,9621420,765000,260.85,10.01
WE-1532,9621370,765000,265.54,23.37
WE-1531,9621320,765000,242.86,15.94
WE-1534,9621270,765000,233.77,18.06
WE-1533,9621220,765000,223.81,24.95
WE-1488,9621170,765000,222.22,17.49
WE-1487,9621120,765000,228.81,21.04
WE-1490,9621070,765000,231.49,17.39
WE-1489,9621020,765000,203.28,24.04
WE-1492,9620970,765000,184.1,20.87
WE-1491,9620920,765000,195.65,22.6
WE-1494,9620870,765000,206.91,13.43
WE-1493,9620820,765000,207.74,12.9
WE-1480,9620770,765000,212.56,13.55
WE-1479,9620720,765000,224.32,24.64
WE-1482,9620670,765000,223.44,20.18
WE-1481,9620620,765000,230.46,23.86
WE-1484,9620570,765000,229.0,22.25
WE-1483,9620520,765000,229.19,21.02
WE-1486,9620470,765000,243.26,17.14
WE-1485,9620420,765000,252.92,18.88
WE-1504,9620370,765000,265.34,18.35
WE-1503,9620320,765000,270.32,24.27
WE-1506,9620270,765000,273.56,18.71
WE-1505,9620220,765000,270.84,21.19
WE-1508,9620170,765000,260.69,24.07
WE-1507,9620120,765000,251.1,22.03
WE-1510,9620070,765000,243.49,17.03
WE-1509,9620020,765000,231.44,18.67
WE-1496,9619972,765000,206.78,15.78
WE-1495,9622020,765050,361.81,19.71
WE-1498,9621970,765050,387.65,22.4
WE-1497,9621920,765050,372.94,17.15
WE-1500,9621870,765050,370.82,23.57
WE-1499,9621820,765050,366.76,16.53
WE-1502,9621770,765050,342.68,23.16
WE-1501,9621720,765050,324.36,22.37
WE-1456,9621670,765050,317.54,13.25
WE-1455,9621620,765050,310.04,23.25
WE-1458,9621570,765050,295.86,16.69
WE-1457,9621520,765050,292.91,24.6
WE-1460,9621470,765050,287.53,19.89
WE-1459,9621420,765050,286.11,21.31
WE-1462,9621370,765050,284.41,16.29
WE-1461,9621320,765050,265.04,24.31
WE-1448,9621270,765050,253.35,12.28
WE-1447,9621220,765050,243.13,22.95
WE-1450,9621170,765050,251.28,22.21
WE-1449,9621120,765050,256.96,19.48
WE-1452,9621070,765050,235.02,18.45
WE-1451,9621020,765050,211.34,19.27
WE-1454,9620970,765050,203.19,22.84
WE-1453,9620920,765050,207.99,15.98
WE-1472,9620870,765050,224.16,16.66
WE-1471,9620820,765050,229.69,22.36
WE-1474,9620770,765050,233.58,24.58
WE-1473,9620720,765050,243.75,23.23
WE-1476,9620670,765050,245.5,21.46
WE-1475,9620620,765050,250.21,23.61
WE-1478,9620570,765050,249.04,23.35
WE-1477,9620520,765050,246.57,16.63
WE-1464,9620470,765050,249.0,15.84
WE-1463,9620420,765050,272.24,17.49
WE-1466,9620370,765050,294.53,15.87
WE-1465,9620320,765050,303.82,17.27
WE-1468,9620270,765050,304.06,15.54
WE-1467,9620220,765050,292.02,19.02
WE-1470,9620170,765050,271.24,19.23
WE-1469,9620120,765050,252.73,18.37
WE-1424,9620070,765050,240.43,22.09
WE-1423,9620020,765050,221.66,12.48
WE-1426,9619972,765050,192.41,11.87
WE-1425,9622020,765100,364.46,16.53
WE-1428,9621970,765100,394.28,15.26
WE-1427,9621920,765100,396.22,17.17
WE-1430,9621870,765100,391.74,19.59
WE-1429,9621820,765100,369.54,17.59
WE-1416,9621770,765100,358.51,23.83
WE-1415,9621720,765100,353.53,17.66
WE-1418,9621670,765100,344.12,15.33
WE-1417,9621620,765100,330.47,22.82
WE-1420,9621570,765100,323.7,24.03
WE-1419,9621520,765100,327.83,14.61
WE-1422,9621470,765100,311.47,20.3
WE-1421,9621420,765100,307.96,23.77
WE-1440,9621370,765100,296.64,16.85
WE-1439,9621320,765100,281.63,17.72
WE-1442,9621270,765100,267.55,17.97
WE-1441,9621220,765100,269.72,21.8
WE-1444,9621170,765100,275.89,21.57
WE-1443,9621120,765100,274.48,18.78
WE-1446,9621070,765100,246.0,20.89
WE-1445,9621020,765100,224.25,22.21
WE-1432,9620970,765100,231.17,10.72
WE-1431,9620920,765100,232.13,16.53
WE-1434,9620870,765100,241.24,14.73
WE-1433,9620820,765100,253.52,18.13
WE-1436,9620770,765100,249.17,18.47
WE-1435,9620720,765100,264.9,21.22
WE-1438,9620670,765100,269.85,15.95
WE-1437,9620620,765100,273.49,22.63
WE-1392,9620570,765100,270.9,17.17
WE-1391,9620520,765100,258.71,16.26
WE-1394,9620470,765100,260.55,18.79
WE-1393,9620420,765100,292.75,24.67
WE-1396,9620370,765100,316.88,23.44
WE-1395,9620320,765100,328.0,23.54
WE-1398,9620270,765100,322.19,24.23
WE-1397,9620220,765100,302.55,18.0
WE-1384,9620170,765100,277.26,24.67
WE-1383,9620120,765100,253.91,9.14
WE-1386,9620070,765100,233.98,19.13
WE-1385,9620020,765100,207.99,18.03
WE-1388,9619972,765100,181.0,23.16
WE-1387,9622020,765150,377.16,19.72
WE-1390,9621970,765150,400.25,21.99
WE-1389,9621920,765150,422.83,22.75
WE-1408,9621870,765150,411.51,16.45
WE-1407,9621820,765150,385.55,19.9
WE-1410,9621770,765150,386.85,20.38
WE-1409,9621720,765150,379.19,19.96
WE-1412,9621670,765150,365.11,20.1
WE-1411,9621620,765150,355.81,22.57
WE-1414,9621570,765150,348.87,22.86
WE-1413,9621520,765150,355.59,17.69
WE-1400,9621470,765150,333.5,11.94
WE-1399,9621420,765150,334.42,22.41
WE-1402,9621370,765150,320.08,16.71
WE-1401,9621320,765150,305.28,18.3
WE-1404,9621270,765150,293.84,24.38
WE-1403,9621220,765150,300.3,21.29
WE-1406,9621170,765150,301.31,14.9
WE-1405,9621120,765150,281.27,23.44
WE-1360,9621070,765150,258.73,15.87
WE-1359,9621020,765150,251.17,23.14
WE-1362,9620970,765150,258.26,21.94
WE-1361,9620920,765150,255.27,19.21
WE-1364,9620870,765150,261.93,21.33
WE-1363,9620820,765150,273.88,20.35
WE-1366,9620770,765150,272.76,22.17
WE-1365,9620720,765150,286.12,23.17
WE-1352,9620670,765150,299.45,23.94
WE-1351,9620620,765150,304.98,16.84
WE-1354,9620570,765150,296.56,20.21
WE-1353,9620520,765150,285.76,20.99
WE-1356,9620470,765150,287.89,15.7
WE-1355,9620420,765150,307.58,17.74
WE-1358,9620370,765150,335.27,18.98
WE-1357,9620320,765150,333.59,16.06
WE-1376,9620270,765150,323.42,18.91
WE-1375,9620220,765150,305.04,22.53
WE-1378,9620170,765150,284.52,23.12
WE-1377,9620120,765150,248.58,10.3
WE-1380,9620070,765150,226.49,16.53
WE-1379,9620020,765150,204.32,14.09
WE-1382,9619972,765150,184.06,18.15
WE-1381,9622020,765200,400.3,19.82
WE-1368,9621970,765200,410.19,18.67
WE-1367,9621920,765200,437.72,15.41
WE-1370,9621870,765200,430.55,23.21
WE-1369,9621820,765200,407.05,22.78
WE-1372,9621770,765200,404.55,17.42
WE-1371,9621720,765200,393.92,21.38
WE-1374,9621670,765200,397.11,19.29
WE-1373,9621620,765200,379.27,21.52
WE-1328,9621570,765200,375.04,14.34
WE-1327,9621520,765200,377.98,24.46
WE-1330,9621470,765200,360.64,17.67
WE-1329,9621420,765200,356.14,13.51
WE-1332,9621370,765200,350.95,15.9
WE-1331,9621320,765200,333.3,22.27
WE-1334,9621270,765200,325.22,22.28
WE-1333,9621220,765200,330.55,20.98
WE-1320,9621170,765200,316.33,13.89
WE-1319,9621120,765200,291.03,22.7
WE-1322,9621070,765200,282.85,24.41
WE-1321,9621020,765200,281.2,10.12
WE-1324,9620970,765200,285.85,18.61
WE-1323,9620920,765200,277.31,16.79
WE-1326,9620870,765200,281.96,20.67
WE-1325,9620820,765200,291.47,23.86
WE-1344,9620770,765200,302.3,15.47
WE-1343,9620720,765200,311.49,12.25
WE-1346,9620670,765200,323.64,24.29
WE-1345,9620620,765200,332.86,20.75
WE-1348,9620570,765200,327.78,19.85
WE-1347,9620520,765200,320.43,24.93
WE-1350,9620470,765200,317.78,10.58
WE-1349,9620420,765200,322.08,11.11
WE-1336,9620370,765200,324.32,20.49
WE-1335,9620320,765200,310.01,23.61
WE-1338,9620270,765200,308.74,18.63
WE-1337,9620220,765200,307.16,19.13
WE-1340,9620170,765200,295.19,22.04
WE-1339,9620120,765200,264.89,21.04
WE-1342,9620070,765200,235.85,20.09
WE-1341,9620020,765200,214.38,21.22
WE-1296,9619972,765200,203.37,21.26
WE-1295,9622020,765250,430.74,20.07
WE-1298,9621970,765250,438.77,18.29
WE-1297,9621920,765250,455.59,19.46
WE-1300,9621870,765250,435.44,12.22
WE-1299,9621820,765250,427.13,16.68
WE-1302,9621770,765250,424.27,18.19
WE-1301,9621720,765250,425.89,24.89
WE-1288,9621670,765250,424.87,14.95
WE-1287,9621620,765250,398.8,17.87
WE-1290,9621570,765250,406.79,16.96
WE-1289,9621520,765250,408.19,20.27
WE-1292,9621470,765250,392.38,17.18
WE-1291,9621420,765250,382.72,16.42
WE-1294,9621370,765250,373.28,19.9
WE-1293,9621320,765250,356.71,18.74
WE-1312,9621270,765250,357.61,19.59
WE-1311,9621220,765250,349.61,21.48
WE-1314,9621170,765250,325.28,24.88
WE-1313,9621120,765250,311.81,16.64
WE-1316,9621070,765250,304.6,22.66
WE-1315,9621020,765250,307.65,22.12
WE-1318,9620970,765250,300.54,16.57
WE-1317,9620920,765250,296.18,9.09
WE-1304,9620870,765250,307.39,11.55
WE-1303,9620820,765250,312.68,18.57
WE-1306,9620770,765250,324.95,23.59
WE-1305,9620720,765250,341.13,18.33
WE-1308,9620670,765250,346.89,9.69
WE-1307,9620620,765250,356.03,18.24
WE-1310,9620570,765250,343.75,17.56
WE-1309,9620520,765250,325.49,16.98
WE-2287,9620470,765250,315.06,18.05
WE-2286,9620420,765250,312.69,19.49
WE-2289,9620370,765250,301.8,23.25
WE-2288,9620320,765250,278.48,15.58
WE-2291,9620270,765250,278.87,20.08
WE-2290,9620220,765250,283.67,19.37
WE-2293,9620170,765250,280.72,24.68
WE-2292,9620120,765250,265.47,18.07
WE-2279,9620070,765250,250.35,12.64
WE-2278,9620020,765250,236.71,22.86
WE-2281,9619972,765250,219.67,22.23
WE-2280,9622020,765300,453.88,22.25
WE-2283,9621970,765300,473.78,13.15
WE-2282,9621920,765300,474.4,16.64
WE-2285,9621870,765300,454.29,10.99
WE-2284,9621820,765300,459.03,15.18
WE-2303,9621770,765300,460.81,14.08
WE-2302,9621720,765300,463.98,22.65
WE-2305,9621670,765300,447.03,20.34
WE-2304,9621620,765300,431.65,24.95
WE-2307,9621570,765300,439.65,22.5
WE-2306,9621520,765300,436.08,15.53
WE-2309,9621470,765300,423.45,16.57
WE-2308,9621420,765300,411.02,20.43
WE-2295,9621370,765300,392.58,16.06
WE-2294,9621320,765300,380.23,15.18
WE-2297,9621270,765300,384.2,18.7
WE-2296,9621220,765300,363.81,23.55
WE-2299,9621170,765300,346.28,15.97
WE-2298,9621120,765300,332.54,19.29
WE-2301,9621070,765300,333.77,14.71
WE-2300,9621020,765300,333.47,21.68
WE-2255,9620970,765300,323.19,9.94
WE-2254,9620920,765300,323.58,17.31
WE-2257,9620870,765300,335.95,23.5
WE-2256,9620820,765300,340.38,11.5
WE-2259,9620770,765300,352.58,17.15
WE-2258,9620720,765300,362.95,24.06
WE-2261,9620670,765300,363.74,22.12
WE-2260,9620620,765300,350.39,11.56
WE-2247,9620570,765300,327.56,23.19
WE-2246,9620520,765300,311.51,17.5
WE-2249,9620470,765300,290.42,20.77
WE-2248,9620420,765300,284.37,13.03
WE-2251,9620370,765300,279.35,22.81
WE-2250,9620320,765300,261.33,22.7
WE-2253,9620270,765300,260.22,19.62
WE-2252,9620220,765300,255.33,18.76
WE-2271,9620170,765300,249.22,9.6
WE-2270,9620120,765300,242.0,24.8
WE-2273,9620070,765300,238.29,18.61
WE-2272,9620020,765300,258.07,23.46
WE-2275,9619972,765300,233.26,16.23
WE-2274,9622020,765350,481.65,17.09
WE-2277,9621970,765350,500.33,20.9
WE-2276,9621920,765350,499.75,19.92
WE-2263,9621870,765350,486.76,16.3
WE-2262,9621820,765350,492.94,21.93
WE-2265,9621770,765350,497.81,24.19
WE-2264,9621720,765350,494.67,17.25
WE-2267,9621670,765350,468.69,21.23
WE-2266,9621620,765350,462.52,21.85
WE-2269,9621570,765350,473.67,15.8
WE-2268,9621520,765350,469.49,16.32
WE-2223,9621470,765350,459.07,18.64
WE-2222,9621420,765350,441.81,14.03
WE-2225,9621370,765350,419.28,19.18
WE-2224,9621320,765350,412.87,17.46
WE-2227,9621270,765350,409.72,18.25
WE-2226,9621220,765350,381.08,18.02
WE-2229,9621170,765350,373.27,24.37
WE-2228,9621120,765350,351.75,19.28
WE-2215,9621070,765350,367.34,21.78
WE-2214,9621020,765350,360.57,15.36
WE-2217,9620970,765350,356.81,9.15
WE-2216,9620920,765350,354.1,18.99
WE-2219,9620870,765350,360.25,19.84
WE-2218,9620820,765350,354.12,23.85
WE-2221,9620770,765350,359.0,22.51
WE-2220,9620720,765350,348.75,22.43
WE-2239,9620670,765350,346.29,22.43
WE-2238,9620620,765350,334.88,17.99
WE-2241,9620570,765350,313.33,14.29
WE-2240,9620520,765350,293.15,21.98
WE-2243,9620470,765350,275.5,17.37
WE-2242,9620420,765350,263.65,19.47
WE-2245,9620370,765350,256.63,9.54
WE-2244,9620320,765350,245.44,17.64
WE-2231,9620270,765350,239.49,18.63
WE-2230,9620220,765350,232.01,23.57
WE-2233,9620170,765350,230.77,15.9
WE-2232,9620120,765350,222.44,20.17
WE-2235,9620070,765350,221.67,24.66
WE-2234,9620020,765350,240.3,16.96
WE-2237,9619972,765350,239.53,23.66
WE-2236,9622020,765400,495.2,16.08
WE-2191,9621970,765400,517.03,24.95
WE-2190,9621920,765400,520.4,24.81
WE-2193,9621870,765400,517.29,16.47
WE-2192,9621820,765400,525.71,22.84
WE-2195,9621770,765400,528.92,16.69
WE-2194,9621720,765400,511.49,22.24
WE-2197,9621670,765400,493.88,17.07
WE-2196,9621620,765400,502.51,21.77
WE-2183,9621570,765400,502.54,23.75
WE-2182,9621520,765400,504.01,11.02
WE-2185,9621470,765400,484.1,18.96
WE-2184,9621420,765400,473.37,15.37
WE-2187,9621370,765400,454.55,20.1
WE-2186,9621320,765400,444.38,16.93
WE-2189,9621270,765400,432.84,24.52
WE-2188,9621220,765400,412.57,24.6
WE-2207,9621170,765400,397.85,16.88
WE-2206,9621120,765400,381.35,21.34
WE-2209,9621070,765400,397.19,17.38
WE-2208,9621020,765400,389.03,24.78
WE-2211,9620970,765400,388.45,16.66
WE-2210,9620920,765400,381.45,15.44
WE-2213,9620870,765400,374.79,11.75
WE-2212,9620820,765400,358.12,22.3
WE-2199,9620770,765400,345.7,19.77
WE-2198,9620720,765400,332.04,20.17
WE-2201,9620670,765400,321.48,22.47
WE-2200,9620620,765400,308.81,16.33
WE-2203,9620570,765400,296.97,15.3
WE-2202,9620520,765400,284.99,17.62
WE-2205,9620470,765400,261.02,23.68
WE-2204,9620420,765400,251.95,15.33
WE-2159,9620370,765400,237.81,21.76
WE-2158,9620320,765400,227.87,22.83
WE-2161,9620270,765400,219.99,17.2
WE-2160,9620220,765400,219.64,12.14
WE-2163,9620170,765400,208.05,17.28
WE-2162,9620120,765400,204.49,20.13
WE-2165,9620070,765400,208.86,12.0
WE-2164,9620020,765400,226.84,18.47
WE-2151,9619972,765400,241.69,19.57
WE-2150,9622020,765450,473.59,19.09
WE-2153,9621970,765450,505.9,13.17
WE-2152,9621920,765450,502.38,18.88
WE-2155,9621870,765450,509.63,10.5
WE-2154,9621820,765450,523.67,10.45
WE-2157,9621770,765450,544.12,17.09
WE-2156,9621720,765450,529.74,17.57
WE-2175,9621670,765450,524.95,15.9
WE-2174,9621620,765450,538.75,11.05
WE-2177,9621570,765450,537.62,22.79
WE-2176,9621520,765450,529.32,9.01
WE-2179,9621470,765450,524.16,24.67
WE-2178,9621420,765450,512.42,15.34
WE-2181,9621370,765450,496.11,16.45
WE-2180,9621320,765450,482.31,22.82
WE-2167,9621270,765450,454.73,21.25
WE-2166,9621220,765450,439.28,17.63
WE-2169,9621170,765450,419.22,10.42
WE-2168,9621120,765450,413.53,20.57
WE-2171,9621070,765450,419.25,23.86
WE-2170,9621020,765450,413.39,16.5
WE-2173,9620970,765450,399.51,23.69
WE-2172,9620920,765450,389.0,15.4
WE-2127,9620870,765450,375.27,15.73
WE-2126,9620820,765450,362.56,24.12
WE-2129,9620770,765450,355.86,14.95
WE-2128,9620720,765450,351.59,18.62
WE-2131,9620670,765450,337.73,16.82
WE-2130,9620620,765450,315.99,17.86
WE-2133,9620570,765450,311.96,17.55
WE-2132,9620520,765450,292.14,22.4
WE-2119,9620470,765450,270.46,16.22
WE-2118,9620420,765450,254.14,24.25
WE-2121,9620370,765450,237.98,21.11
WE-2120,9620320,765450,231.16,22.53
WE-2123,9620270,765450,219.46,12.47
WE-2122,9620220,765450,209.79,18.11
WE-2125,9620170,765450,201.58,15.59
WE-2124,9620120,765450,192.07,13.78
WE-2143,9620070,765450,200.05,19.06
WE-2142,9620020,765450,218.9,22.45
WE-2145,9619972,765450,213.47,23.16
WE-2144,9622020,765500,459.18,20.84
WE-2147,9621970,765500,467.59,23.95
WE-2146,9621920,765500,470.9,21.92
WE-2149,9621870,765500,490.73,22.52
WE-2148,9621820,765500,516.46,16.94
WE-2135,9621770,765500,535.36,23.93
WE-2134,9621720,765500,529.84,18.34
WE-2137,9621670,765500,538.01,21.6
WE-2136,9621620,765500,556.39,19.19
WE-2139,9621570,765500,564.77,20.27
WE-2138,9621520,765500,569.16,24.1
WE-2141,9621470,765500,569.95,9.5
WE-2140,9621420,765500,559.24,17.02
WE-2095,9621370,765500,544.95,21.87
WE-2094,9621320,765500,522.35,17.26
WE-2097,9621270,765500,484.13,24.31
WE-2096,9621220,765500,465.34,24.12
WE-2099,9621170,765500,449.98,14.12
WE-2098,9621120,765500,445.09,17.17
WE-2101,9621070,765500,436.37,20.88
WE-2100,9621020,765500,416.47,10.14
WE-2087,9620970,765500,390.65,24.07
WE-2086,9620920,765500,378.59,13.23
WE-2089,9620870,765500,376.87,10.88
WE-2088,9620820,765500,375.97,23.81
WE-2091,9620770,765500,366.89,18.21
WE-2090,9620720,765500,363.37,18.65
WE-2093,9620670,765500,349.54,20.29
WE-2092,9620620,765500,336.2,12.34
WE-2111,9620570,765500,331.03,22.4
WE-2110,9620520,765500,307.64,19.76
WE-2113,9620470,765500,295.39,15.7
WE-2112,9620420,765500,272.22,15.09
WE-2115,9620370,765500,256.13,19.57
WE-2114,9620320,765500,241.57,16.11
WE-2117,9620270,765500,226.64,19.3
WE-2116,9620220,765500,211.66,15.2
WE-2103,9620170,765500,203.22,16.04
WE-2102,9620120,765500,190.95,19.65
WE-2105,9620070,765500,187.75,17.0
WE-2104,9620020,765500,184.92,18.8
WE-2107,9619972,765500,180.56,13.89
WE-2106,9622020,765550,450.21,24.01
WE-2109,9621970,765550,455.03,15.43
WE-2108,9621920,765550,453.9,19.58
WE-2063,9621870,765550,473.32,10.62
WE-2062,9621820,765550,506.79,19.79
WE-2065,9621770,765550,506.57,20.8
WE-2064,9621720,765550,507.03,17.41
WE-2067,9621670,765550,520.76,20.44
WE-2066,9621620,765550,537.2,21.31
WE-2069,9621570,765550,551.76,19.58
WE-2068,9621520,765550,564.13,23.74
WE-2055,9621470,765550,582.39,23.81
WE-2054,9621420,765550,599.57,21.07
WE-2057,9621370,765550,575.33,14.5
WE-2056,9621320,765550,551.0,13.63
WE-2059,9621270,765550,521.61,19.53
WE-2058,9621220,765550,496.38,17.47
WE-2061,9621170,765550,478.95,18.83
WE-2060,9621120,765550,460.79,22.52
WE-2079,9621070,765550,441.86,23.95
WE-2078,9621020,765550,421.26,23.64
WE-2081,9620970,765550,398.89,14.75
WE-2080,9620920,765550,389.69,18.46
WE-2083,9620870,765550,387.99,22.6
WE-2082,9620820,765550,399.5,19.59
WE-2085,9620770,765550,372.87,18.95
WE-2084,9620720,765550,375.59,16.54
WE-2071,9620670,765550,366.97,16.78
WE-2070,9620620,765550,354.39,23.58
WE-2073,9620570,765550,347.08,18.09
WE-2072,9620520,765550,329.72,17.62
WE-2075,9620470,765550,320.37,12.99
WE-2074,9620420,765550,295.71,14.9
WE-2077,9620370,765550,280.58,16.51
WE-2076,9620320,765550,262.46,16.78
WE-2031,9620270,765550,238.96,22.69
WE-2030,9620220,765550,221.58,24.95
WE-2033,9620170,765550,211.54,11.24
WE-2032,9620120,765550,190.68,19.52
WE-2035,9620070,765550,185.49,18.69
WE-2034,9620020,765550,164.45,16.45
WE-2037,9619972,765550,151.85,21.41
WE-2036,9622020,765600,443.19,20.32
WE-2023,9621970,765600,438.67,19.56
WE-2022,9621920,765600,457.61,16.12
WE-2025,9621870,765600,478.07,24.43
WE-2024,9621820,765600,493.37,24.74
WE-2027,9621770,765600,478.51,21.23
WE-2026,9621720,765600,488.99,24.5
WE-2029,9621670,765600,494.15,9.83
WE-2028,9621620,765600,505.45,16.69
WE-2047,9621570,765600,527.96,17.22
WE-2046,9621520,765600,551.69,19.89
WE-2049,9621470,765600,576.57,22.62
WE-2048,9621420,765600,602.87,18.91
WE-2051,9621370,765600,593.17,21.58
WE-2050,9621320,765600,568.92,12.14
WE-2053,9621270,765600,534.5,19.48
WE-2052,9621220,765600,513.7,14.45
WE-2039,9621170,765600,485.64,15.5
WE-2038,9621120,765600,472.46,20.62
WE-2041,9621070,765600,453.98,20.74
WE-2040,9621020,765600,431.39,23.7
WE-2043,9620970,765600,419.49,17.01
WE-2042,9620920,765600,416.62,17.33
WE-2045,9620870,765600,407.2,18.88
WE-2044,9620820,765600,400.56,10.73
WE-1999,9620770,765600,392.43,21.23
WE-1998,9620720,765600,389.23,20.04
WE-2001,9620670,765600,388.25,14.7
WE-2000,9620620,765600,374.22,16.46
WE-2003,9620570,765600,366.93,15.91
WE-2002,9620520,765600,346.87,22.67
WE-2005,9620470,765600,335.25,22.61
WE-2004,9620420,765600,319.56,19.29
WE-1991,9620370,765600,305.36,23.37
WE-1990,9620320,765600,281.57,24.89
WE-1993,9620270,765600,255.58,18.43
WE-1992,9620220,765600,236.89,12.02
WE-1995,9620170,765600,223.84,15.81
WE-1994,9620120,765600,202.92,18.56
WE-1997,9620070,765600,185.41,18.48
WE-1996,9620020,765600,159.46,16.36
WE-2015,9619972,765600,136.18,15.95
WE-2014,9622020,765650,431.09,17.46
WE-2017,9621970,765650,436.7,20.19
WE-2016,9621920,765650,461.84,19.34
WE-2019,9621870,765650,464.83,22.66
WE-2018,9621820,765650,470.64,13.08
WE-2021,9621770,765650,458.78,19.08
WE-2020,9621720,765650,472.4,15.42
WE-2007,9621670,765650,497.69,19.49
WE-2006,9621620,765650,511.75,9.09
WE-2009,9621570,765650,523.75,19.42
WE-2008,9621520,765650,551.74,18.28
WE-2011,9621470,765650,568.22,10.4
WE-2010,9621420,765650,578.14,15.15
WE-2013,9621370,765650,571.7,21.87
WE-2012,9621320,765650,571.93,18.47
WE-1967,9621270,765650,544.96,24.81
WE-1966,9621220,765650,527.03,19.57
WE-1969,9621170,765650,507.15,11.17
WE-1968,9621120,765650,493.06,17.8
WE-1971,9621070,765650,469.58,19.8
WE-1970,9621020,765650,455.4,20.92
WE-1973,9620970,765650,445.45,24.02
WE-1972,9620920,765650,434.78,19.2
WE-1959,9620870,765650,425.27,22.93
WE-1958,9620820,765650,425.69,11.13
WE-1961,9620770,765650,407.48,23.75
WE-1960,9620720,765650,408.56,20.46
WE-1963,9620670,765650,408.5,23.78
WE-1962,9620620,765650,393.08,21.05
WE-1965,9620570,765650,372.14,9.21
WE-1964,9620520,765650,355.95,18.17
WE-1983,9620470,765650,342.14,20.86
WE-1982,9620420,765650,334.34,20.62
WE-1985,9620370,765650,324.82,21.04
WE-1984,9620320,765650,299.19,22.1
WE-1987,9620270,765650,279.74,22.38
WE-1986,9620220,765650,258.79,23.66
WE-1989,9620170,765650,234.12,19.3
WE-1988,9620120,765650,210.67,20.14
WE-1975,9620070,765650,190.26,15.89
WE-1974,9620020,765650,162.62,11.43
WE-1977,9619972,765650,132.41,13.24
WE-1976,9622020,765700,426.63,24.31
WE-1979,9621970,765700,428.08,19.6
WE-1978,9621920,765700,450.81,10.96
WE-1981,9621870,765700,446.51,18.18
WE-1980,9621820,765700,444.84,12.82
WE-1935,9621770,765700,451.17,19.84
WE-1934,9621720,765700,479.84,23.25
WE-1937,9621670,765700,514.26,16.74
WE-1936,9621620,765700,538.74,24.37
WE-1939,9621570,765700,545.85,21.56
WE-1938,9621520,765700,549.9,16.46
WE-1941,9621470,765700,546.35,16.06
WE-1940,9621420,765700,553.47,19.44
WE-1927,9621370,765700,550.76,19.86
WE-1926,9621320,765700,546.68,18.3
WE-1929,9621270,765700,545.52,10.94
WE-1928,9621220,765700,539.72,19.14
WE-1931,9621170,765700,524.88,24.27
WE-1930,9621120,765700,506.93,23.66
WE-1933,9621070,765700,491.41,13.87
WE-1932,9621020,765700,472.74,16.37
WE-1951,9620970,765700,464.23,24.73
WE-1950,9620920,765700,443.62,24.02
WE-1953,9620870,765700,443.13,10.9
WE-1952,9620820,765700,441.84,18.61
WE-1955,9620770,765700,424.33,20.08
WE-1954,9620720,765700,424.93,16.24
WE-1957,9620670,765700,424.07,15.98
WE-1956,9620620,765700,401.07,18.22
WE-1943,9620570,765700,380.42,17.45
WE-1942,9620520,765700,363.08,22.53
WE-1945,9620470,765700,350.36,19.52
WE-1944,9620420,765700,342.37,24.48
WE-1947,9620370,765700,329.74,23.7
WE-1946,9620320,765700,315.38,20.26
WE-1949,9620270,765700,297.64,20.78
WE-1948,9620220,765700,270.26,20.53
WE-1903,9620170,765700,240.06,22.39
WE-1902,9620120,765700,210.33,19.24
WE-1905,9620070,765700,184.41,24.48
WE-1904,9620020,765700,165.86,16.26
WE-1907,9619972,765700,138.25,20.95
WE-1906,9622020,765750,430.06,22.6
WE-1909,9621970,765750,415.56,15.73
WE-1908,9621920,765750,431.07,22.98
WE-1895,9621870,765750,429.85,17.2
WE-1894,9621820,765750,435.61,17.78
WE-1897,9621770,765750,455.86,23.48
WE-1896,9621720,765750,486.89,17.81
WE-1899,9621670,765750,527.29,14.6
WE-1898,9621620,765750,555.26,22.89
WE-1901,9621570,765750,541.21,11.52
WE-1900,9621520,765750,533.41,22.62
WE-1919,9621470,765750,528.98,16.94
WE-1918,9621420,765750,533.26,18.33
WE-1921,9621370,765750,527.7,18.34
WE-1920,9621320,765750,517.17,23.65
WE-1923,9621270,765750,517.69,22.41
WE-1922,9621220,765750,525.77,18.08
WE-1925,9621170,765750,529.44,13.32
WE-1924,9621120,765750,516.94,11.65
WE-1911,9621070,765750,496.22,19.29
WE-1910,9621020,765750,479.17,18.78
WE-1913,9620970,765750,466.71,21.98
WE-1912,9620920,765750,451.99,21.22
WE-1915,9620870,765750,451.98,24.66
WE-1914,9620820,765750,448.45,23.16
WE-1917,9620770,765750,436.35,21.28
WE-1916,9620720,765750,437.87,20.17
WE-1871,9620670,765750,430.51,18.06
WE-1870,9620620,765750,404.26,16.35
WE-1873,9620570,765750,381.61,18.52
WE-1872,9620520,765750,366.77,20.8
WE-1875,9620470,765750,352.18,24.34
WE-1874,9620420,765750,351.83,16.61
WE-1877,9620370,765750,338.17,22.49
WE-1876,9620320,765750,326.46,17.64
WE-1863,9620270,765750,293.89,16.74
WE-1862,9620220,765750,266.55,14.17
WE-1865,9620170,765750,240.99,15.09
WE-1864,9620120,765750,204.36,15.09
WE-1867,9620070,765750,178.91,21.17
WE-1866,9620020,765750,151.84,10.48
WE-1869,9619972,765750,126.36,18.76
WE-1868,9622020,765800,433.5,18.89
WE-1887,9621970,765800,407.45,20.76
WE-1886,9621920,765800,405.06,24.25
WE-1889,9621870,765800,424.15,24.94
WE-1888,9621820,765800,447.68,24.59
WE-1891,9621770,765800,470.84,11.76
WE-1890,9621720,765800,495.77,23.83
WE-1893,9621670,765800,530.91,23.32
WE-1892,9621620,765800,531.47,21.31
WE-1879,9621570,765800,526.65,22.68
WE-1878,9621520,765800,516.62,20.36
WE-1881,9621470,765800,511.93,22.61
WE-1880,9621420,765800,518.83,22.78
WE-1883,9621370,765800,505.04,18.35
WE-1882,9621320,765800,495.85,18.95
WE-1885,9621270,765800,509.25,19.91
WE-1884,9621220,765800,514.67,15.23
WE-1839,9621170,765800,513.59,20.26
WE-1838,9621120,765800,517.87,24.87
WE-1841,9621070,765800,511.77,24.14
WE-1840,9621020,765800,498.37,16.36
WE-1843,9620970,765800,486.83,23.43
WE-1842,9620920,765800,474.89,24.1
WE-1845,9620870,765800,464.1,22.65
WE-1844,9620820,765800,450.52,16.53
WE-1831,9620770,765800,449.26,16.48
WE-1830,9620720,765800,450.17,23.32
WE-1833,9620670,765800,425.88,16.5
WE-1832,9620620,765800,403.42,9.21
WE-1835,9620570,765800,387.42,9.48
WE-1834,9620520,765800,374.79,24.79
WE-1837,9620470,765800,356.64,10.94
WE-1836,9620420,765800,342.89,20.81
WE-1855,9620370,765800,329.04,14.6
WE-1854,9620320,765800,304.02,20.69
WE-1857,9620270,765800,270.46,22.07
WE-1856,9620220,765800,244.3,24.86
WE-1859,9620170,765800,223.75,20.0
WE-1858,9620120,765800,193.63,19.9
WE-1861,9620070,765800,175.11,17.33
WE-1860,9620020,765800,133.17,16.31
WE-1847,9619972,765800,101.73,6.21
WE-1846,9622020,765850,417.89,14.1
WE-1849,9621970,765850,395.8,24.4
WE-1848,9621920,765850,402.73,16.26
WE-1851,9621870,765850,423.22,13.24
WE-1850,9621820,765850,446.21,22.85
WE-1853,9621770,765850,478.69,23.02
WE-1852,9621720,765850,511.39,19.92
WE-1807,9621670,765850,519.65,14.22
WE-1806,9621620,765850,505.24,15.7
WE-1809,9621570,765850,504.46,18.33
WE-1808,9621520,765850,496.51,23.05
WE-1811,9621470,765850,492.39,20.47
WE-1810,9621420,765850,515.68,24.37
WE-1813,9621370,765850,494.53,18.15
WE-1812,9621320,765850,485.8,17.22
WE-1799,9621270,765850,496.29,15.12
WE-1798,9621220,765850,495.39,23.86
WE-1801,9621170,765850,490.47,16.32
WE-1800,9621120,765850,499.75,19.05
WE-1803,9621070,765850,506.6,15.76
WE-1802,9621020,765850,510.7,17.7
WE-1805,9620970,765850,500.13,22.21
WE-1804,9620920,765850,483.11,24.14
WE-1823,9620870,765850,465.05,14.89
WE-1822,9620820,765850,467.04,24.78
WE-1825,9620770,765850,472.61,17.28
WE-1824,9620720,765850,460.69,13.43
WE-1827,9620670,765850,437.56,16.75
WE-1826,9620620,765850,420.93,16.15
WE-1829,9620570,765850,406.19,16.87
WE-1828,9620520,765850,391.37,22.83
WE-1815,9620470,765850,370.69,22.12
WE-1814,9620420,765850,343.09,20.34
WE-1817,9620370,765850,311.39,22.28
WE-1816,9620320,765850,282.06,16.14
WE-1819,9620270,765850,247.28,15.61
WE-1818,9620220,765850,223.82,23.22
WE-1821,9620170,765850,192.89,24.49
WE-1820,9620120,765850,176.36,19.19
WE-0752,9620070,765850,154.49,20.95
WE-0751,9620020,765850,118.86,11.36
WE-0754,9619972,765850,88.15,8.18
WE-0753,9622020,765900,393.8,21.25
WE-0756,9621970,765900,388.09,16.0
WE-0755,9621920,765900,401.79,15.04
WE-0758,9621870,765900,424.61,24.55
WE-0757,9621820,765900,448.23,9.58
WE-0744,9621770,765900,481.17,19.24
WE-0743,9621720,765900,510.34,18.0
WE-0746,9621670,765900,501.65,18.7
WE-0745,9621620,765900,483.08,22.72
WE-0748,9621570,765900,478.06,21.35
WE-0747,9621520,765900,465.93,11.76
WE-0750,9621470,765900,484.76,11.02
WE-0749,9621420,765900,505.79,22.61
WE-0768,9621370,765900,487.53,22.13
WE-0767,9621320,765900,471.48,15.7
WE-0770,9621270,765900,469.38,24.82
WE-0769,9621220,765900,469.66,19.27
WE-0772,9621170,765900,461.26,21.79
WE-0771,9621120,765900,478.13,17.84
WE-0774,9621070,765900,485.89,15.73
WE-0773,9621020,765900,500.85,21.0
WE-0760,9620970,765900,497.44,24.35
WE-0759,9620920,765900,487.13,19.54
WE-0762,9620870,765900,489.43,22.75
WE-0761,9620820,765900,494.43,17.1
WE-0764,9620770,765900,496.77,19.93
WE-0763,9620720,765900,476.36,23.29
WE-0766,9620670,765900,453.81,9.3
WE-0765,9620620,765900,436.0,19.9
WE-0720,9620570,765900,422.21,18.24
WE-0719,9620520,765900,403.24,10.29
WE-0722,9620470,765900,379.71,22.68
WE-0721,9620420,765900,344.41,15.35
WE-0724,9620370,765900,303.78,18.51
WE-0723,9620320,765900,265.68,18.95
WE-0726,9620270,765900,225.83,20.03
WE-0725,9620220,765900,202.17,19.05
WE-0712,9620170,765900,173.08,11.6
WE-0711,9620120,765900,153.85,22.59
WE-0714,9620070,765900,133.29,24.78
WE-0713,9620020,765900,103.45,10.38
WE-0716,9619972,765900,77.5,9.3
WE-0715,9622020,765950,379.93,16.34
WE-0718,9621970,765950,378.7,16.41
WE-0717,9621920,765950,406.96,23.12
WE-0736,9621870,765950,433.8,19.83
WE-0735,9621820,765950,462.94,16.45
WE-0738,9621770,765950,485.15,23.31
WE-0737,9621720,765950,502.15,22.94
WE-0740,9621670,765950,482.9,22.32
WE-0739,9621620,765950,459.17,14.29
WE-0742,9621570,765950,459.5,20.44
WE-0741,9621520,765950,454.32,15.32
WE-0728,9621470,765950,475.53,15.11
WE-0727,9621420,765950,488.66,16.58
WE-0730,9621370,765950,481.04,15.86
WE-0729,9621320,765950,463.93,19.99
WE-0732,9621270,765950,453.44,14.92
WE-0731,9621220,765950,451.46,24.52
WE-0734,9621170,765950,443.67,23.99
WE-0733,9621120,765950,461.95,24.89
WE-0688,9621070,765950,468.87,20.45
WE-0687,9621020,765950,489.2,16.29
WE-0690,9620970,765950,502.14,23.87
WE-0689,9620920,765950,509.42,20.86
WE-0692,9620870,765950,517.56,20.41
WE-0691,9620820,765950,519.33,15.43
WE-0694,9620770,765950,510.64,13.5
WE-0693,9620720,765950,484.81,15.18
WE-0680,9620670,765950,463.27,19.82
WE-0679,9620620,765950,442.79,16.25
WE-0682,9620570,765950,421.95,9.94
WE-0681,9620520,765950,408.66,11.97
WE-0684,9620470,765950,372.63,21.7
WE-0683,9620420,765950,331.24,18.88
WE-0686,9620370,765950,284.74,24.88
WE-0685,9620320,765950,249.12,16.11
WE-0704,9620270,765950,216.24,18.49
WE-0703,9620220,765950,192.08,23.55
WE-0706,9620170,765950,166.37,15.99
WE-0705,9620120,765950,138.39,23.57
WE-0708,9620070,765950,109.79,8.17
WE-0707,9620020,765950,88.04,7.64
WE-0710,9619972,765950,76.18,13.33
WE-0709,9622020,766000,356.32,24.67
WE-0696,9621970,766000,380.91,23.81
WE-0695,9621920,766000,401.49,24.16
WE-0698,9621870,766000,424.17,12.07
WE-0697,9621820,766000,449.68,19.19
WE-0700,9621770,766000,462.79,16.69
WE-0699,9621720,766000,477.36,19.41
WE-0702,9621670,766000,467.67,13.41
WE-0701,9621620,766000,456.54,21.12
WE-0656,9621570,766000,450.0,24.19
WE-0655,9621520,766000,440.19,18.04
WE-0658,9621470,766000,468.71,20.81
WE-0657,9621420,766000,481.23,10.17
WE-0660,9621370,766000,468.49,9.94
WE-0659,9621320,766000,460.12,17.78
WE-0662,9621270,766000,443.55,15.75
WE-0661,9621220,766000,442.01,22.27
WE-0648,9621170,766000,428.6,21.03
WE-0647,9621120,766000,442.41,21.21
WE-0650,9621070,766000,455.81,11.6
WE-0649,9621020,766000,472.58,17.46
WE-0652,9620970,766000,494.63,21.32
WE-0651,9620920,766000,526.37,20.72
WE-0654,9620870,766000,538.01,23.56
WE-0653,9620820,766000,533.95,16.78
WE-0672,9620770,766000,510.01,18.94
WE-0671,9620720,766000,487.45,20.44
WE-0674,9620670,766000,463.92,9.43
WE-0673,9620620,766000,437.99,13.99
WE-0676,9620570,766000,412.89,24.76
WE-0675,9620520,766000,387.62,22.79
WE-0678,9620470,766000,355.44,12.99
WE-0677,9620420,766000,318.54,18.52
WE-0664,9620370,766000,277.55,17.06
WE-0663,9620320,766000,237.58,24.58
WE-0666,9620270,766000,205.63,15.74
WE-0665,9620220,766000,180.54,19.75
WE-0668,9620170,766000,158.06,22.71
WE-0667,9620120,766000,131.34,17.79
WE-0670,9620070,766000,109.06,12.91
WE-0669,9620020,766000,89.59,9.57
WE-0624,9619972,766000,77.04,6.97
WE-0623,9622020,766050,332.25,22.26
WE-0626,9621970,766050,372.28,18.57
WE-0625,9621920,766050,389.98,16.17
WE-0628,9621870,766050,404.32,17.72
WE-0627,9621820,766050,425.39,11.26
WE-0630,9621770,766050,444.86,21.68
WE-0629,9621720,766050,461.21,17.57
WE-0616,9621670,766050,453.66,9.26
WE-0615,9621620,766050,451.68,18.77
WE-0618,9621570,766050,433.3,23.76
WE-0617,9621520,766050,438.6,18.58
WE-0620,9621470,766050,459.76,20.1
WE-0619,9621420,766050,468.61,24.3
WE-0622,9621370,766050,455.03,21.47
WE-0621,9621320,766050,439.44,17.02
WE-0640,9621270,766050,423.55,18.64
WE-0639,9621220,766050,420.64,24.56
WE-0642,9621170,766050,426.11,15.69
WE-0641,9621120,766050,440.33,23.6
WE-0644,9621070,766050,462.88,14.93
WE-0643,9621020,766050,482.99,17.35
WE-0646,9620970,766050,502.92,23.53
WE-0645,9620920,766050,527.66,12.13
WE-0632,9620870,766050,536.23,15.66
WE-0631,9620820,766050,514.24,11.65
WE-0634,9620770,766050,489.02,20.95
WE-0633,9620720,766050,464.88,23.58
WE-0636,9620670,766050,449.25,19.43
WE-0635,9620620,766050,425.89,22.67
WE-0638,9620570,766050,404.7,12.12
WE-0637,9620520,766050,382.98,20.2
WE-0592,9620470,766050,350.54,22.03
WE-0591,9620420,766050,310.19,23.35
WE-0594,9620370,766050,269.99,17.88
WE-0593,9620320,766050,227.55,17.83
WE-0596,9620270,766050,192.9,17.55
WE-0595,9620220,766050,168.83,16.85
WE-0598,9620170,766050,148.1,18.68
WE-0597,9620120,766050,129.01,23.9
WE-0584,9620070,766050,108.17,11.12
WE-0583,9620020,766050,94.09,11.36
WE-0586,9619972,766050,78.4,10.33
WE-0585,9622020,766100,323.48,17.54
WE-0588,9621970,766100,361.31,19.93
WE-0587,9621920,766100,379.9,17.91
WE-0590,9621870,766100,390.04,23.18
WE-0589,9621820,766100,411.0,15.75
WE-0608,9621770,766100,432.98,16.63
WE-0607,9621720,766100,447.98,24.51
WE-0610,9621670,766100,439.95,20.48
WE-0609,9621620,766100,438.08,17.1
WE-0612,9621570,766100,435.22,21.26
WE-0611,9621520,766100,447.28,19.69
WE-0614,9621470,766100,454.93,18.48
WE-0613,9621420,766100,446.82,16.67
WE-0600,9621370,766100,437.07,15.35
WE-0599,9621320,766100,429.48,21.85
WE-0602,9621270,766100,414.16,24.38
WE-0601,9621220,766100,419.44,23.38
WE-0604,9621170,766100,429.93,24.08
WE-0603,9621120,766100,451.16,24.3
WE-0606,9621070,766100,470.19,21.56
WE-0605,9621020,766100,492.39,11.63
WE-0560,9620970,766100,511.34,18.24
WE-0559,9620920,766100,527.46,22.54
WE-0562,9620870,766100,518.1,14.4
WE-0561,9620820,766100,493.99,16.94
WE-0564,9620770,766100,476.07,18.04
WE-0563,9620720,766100,457.29,21.34
WE-0566,9620670,766100,429.99,11.7
WE-0565,9620620,766100,407.2,15.45
WE-0552,9620570,766100,382.78,24.73
WE-0551,9620520,766100,362.4,19.32
WE-0554,9620470,766100,335.75,18.12
WE-0553,9620420,766100,303.1,21.86
WE-0556,9620370,766100,255.12,21.99
WE-0555,9620320,766100,222.91,13.99
WE-0558,9620270,766100,193.33,22.86
WE-0557,9620220,766100,167.06,18.12
WE-0576,9620170,766100,146.62,23.67
WE-0575,9620120,766100,128.21,15.17
WE-0578,9620070,766100,112.93,7.55
WE-0577,9620020,766100,95.67,9.54
WE-0580,9619972,766100,89.1,13.06
WE-0579,9622020,766150,323.47,24.77
WE-0582,9621970,766150,347.66,14.56
WE-0581,9621920,766150,359.73,17.72
WE-0568,9621870,766150,381.32,13.3
WE-0567,9621820,766150,405.68,17.16
WE-0570,9621770,766150,429.97,20.59
WE-0569,9621720,766150,427.74,14.17
WE-0572,9621670,766150,414.38,22.92
WE-0571,9621620,766150,426.46,18.33
WE-0574,9621570,766150,442.7,19.67
WE-0573,9621520,766150,445.17,9.35
WE-0528,9621470,766150,433.1,20.76
WE-0527,9621420,766150,422.64,16.59
WE-0530,9621370,766150,408.26,20.31
WE-0529,9621320,766150,406.94,24.94
WE-0532,9621270,766150,402.52,18.99
WE-0531,9621220,766150,401.84,17.25
WE-0534,9621170,766150,422.15,15.93
WE-0533,9621120,766150,449.06,23.06
WE-0520,9621070,766150,469.25,12.86
WE-0519,9621020,766150,492.66,20.67
WE-0522,9620970,766150,510.02,11.81
WE-0521,9620920,766150,508.93,21.57
WE-0524,9620870,766150,498.18,21.24
WE-0523,9620820,766150,476.34,22.46
WE-0526,9620770,766150,462.52,18.55
WE-0525,9620720,766150,444.51,16.81
WE-0544,9620670,766150,415.05,20.75
WE-0543,9620620,766150,389.54,13.06
WE-0546,9620570,766150,366.23,15.47
WE-0545,9620520,766150,336.57,21.48
WE-0548,9620470,766150,309.92,17.54
WE-0547,9620420,766150,274.17,24.65
WE-0550,9620370,766150,244.37,11.58
WE-0549,9620320,766150,213.72,15.57
WE-0536,9620270,766150,187.73,24.73
WE-0535,9620220,766150,164.02,17.12
WE-0538,9620170,766150,144.89,23.75
WE-0537,9620120,766150,130.58,22.18
WE-0540,9620070,766150,113.16,11.34
WE-0539,9620020,766150,103.69,8.36
WE-0542,9619972,766150,99.68,12.17
WE-0541,9622020,766200,330.36,23.38
WE-0496,9621970,766200,341.43,23.11
WE-0495,9621920,766200,359.49,20.58
WE-0498,9621870,766200,382.12,19.28
WE-0497,9621820,766200,402.84,21.7
WE-0500,9621770,766200,413.59,14.07
WE-0499,9621720,766200,403.62,19.04
WE-0502,9621670,766200,402.58,18.4
WE-0501,9621620,766200,430.91,16.18
WE-0488,9621570,766200,443.29,23.32
WE-0487,9621520,766200,430.14,24.9
WE-0490,9621470,766200,415.14,22.46
WE-0489,9621420,766200,402.29,16.45
WE-0492,9621370,766200,385.27,16.52
WE-0491,9621320,766200,381.96,23.0
WE-0494,9621270,766200,387.1,19.27
WE-0493,9621220,766200,396.31,12.08
WE-0512,9621170,766200,422.1,16.19
WE-0511,9621120,766200,448.12,24.2
WE-0514,9621070,766200,469.21,16.77
WE-0513,9621020,766200,495.62,17.86
WE-0516,9620970,766200,486.43,24.75
WE-0515,9620920,766200,479.34,21.63
WE-0518,9620870,766200,472.48,17.5
WE-0517,9620820,766200,460.94,20.32
WE-0504,9620770,766200,436.22,24.55
WE-0503,9620720,766200,431.25,23.39
WE-0506,9620670,766200,404.05,18.03
WE-0505,9620620,766200,379.02,13.53
WE-0508,9620570,766200,348.64,10.91
WE-0507,9620520,766200,317.48,9.57
WE-0510,9620470,766200,284.41,23.37
WE-0509,9620420,766200,258.23,15.9
WE-0464,9620370,766200,235.63,20.75
WE-0463,9620320,766200,204.91,18.72
WE-0466,9620270,766200,184.95,23.04
WE-0465,9620220,766200,163.11,15.47
WE-0468,9620170,766200,147.81,17.36
WE-0467,9620120,766200,128.49,21.19
WE-0470,9620070,766200,120.96,21.81
WE-0469,9620020,766200,113.68,10.72
WE-0456,9619972,766200,111.56,12.61
WE-0455,9622020,766250,336.35,21.48
WE-0458,9621970,766250,349.34,16.2
WE-0457,9621920,766250,364.25,15.62
WE-0460,9621870,766250,373.93,21.94
WE-0459,9621820,766250,381.5,17.64
WE-0462,9621770,766250,386.96,17.19
WE-0461,9621720,766250,378.42,20.35
WE-0480,9621670,766250,390.54,14.17
WE-0479,9621620,766250,412.85,14.31
WE-0482,9621570,766250,414.24,12.27
WE-0481,9621520,766250,410.27,21.89
WE-0484,9621470,766250,396.5,24.76
WE-0483,9621420,766250,393.35,20.45
WE-0486,9621370,766250,377.14,15.48
WE-0485,9621320,766250,382.05,16.23
WE-0472,9621270,766250,391.8,23.7
WE-0471,9621220,766250,399.43,24.42
WE-0474,9621170,766250,414.96,9.86
WE-0473,9621120,766250,445.16,19.15
WE-0476,9621070,766250,467.07,11.25
WE-0475,9621020,766250,476.17,16.64
WE-0478,9620970,766250,460.18,20.3
WE-0477,9620920,766250,446.59,23.64
WE-0432,9620870,766250,450.59,16.52
WE-0431,9620820,766250,442.0,15.06
WE-0434,9620770,766250,428.44,9.06
WE-0433,9620720,766250,418.23,16.89
WE-0436,9620670,766250,389.97,24.58
WE-0435,9620620,766250,363.24,12.71
WE-0438,9620570,766250,339.58,15.76
WE-0437,9620520,766250,307.94,9.31
WE-0424,9620470,766250,270.77,16.5
WE-0423,9620420,766250,240.01,18.99
WE-0426,9620370,766250,218.2,15.69
WE-0425,9620320,766250,196.04,21.14
WE-0428,9620270,766250,176.66,21.55
WE-0427,9620220,766250,163.98,20.24
WE-0430,9620170,766250,150.38,23.85
WE-0429,9620120,766250,143.36,19.18
WE-0448,9620070,766250,138.07,22.85
WE-0447,9620020,766250,118.72,10.07
WE-0450,9619972,766250,96.68,6.31
WE-0449,9622020,766300,330.5,22.8
WE-0452,9621970,766300,338.04,24.32
WE-0451,9621920,766300,342.6,22.73
WE-0454,9621870,766300,349.72,21.43
WE-0453,9621820,766300,357.78,23.33
WE-0440,9621770,766300,361.57,13.32
WE-0439,9621720,766300,347.69,23.33
WE-0442,9621670,766300,364.4,23.47
WE-0441,9621620,766300,380.13,21.82
WE-0444,9621570,766300,376.2,20.04
WE-0443,9621520,766300,372.34,23.45
WE-0446,9621470,766300,375.23,23.86
WE-0445,9621420,766300,376.42,24.45
WE-0400,9621370,766300,368.43,23.5
WE-0399,9621320,766300,383.8,22.59
WE-0402,9621270,766300,389.54,15.64
WE-0401,9621220,766300,400.25,17.75
WE-0404,9621170,766300,420.7,20.29
WE-0403,9621120,766300,444.71,11.82
WE-0406,9621070,766300,457.64,17.14
WE-0405,9621020,766300,450.97,19.3
WE-0392,9620970,766300,435.12,23.9
WE-0391,9620920,766300,421.42,21.69
WE-0394,9620870,766300,428.74,22.97
WE-0393,9620820,766300,421.24,20.32
WE-0396,9620770,766300,420.19,18.77
WE-0395,9620720,766300,415.74,18.98
WE-0398,9620670,766300,382.66,20.87
WE-0397,9620620,766300,346.48,23.36
WE-0416,9620570,766300,326.39,9.42
WE-0415,9620520,766300,293.22,21.95
WE-0418,9620470,766300,257.71,15.14
WE-0417,9620420,766300,233.98,22.68
WE-0420,9620370,766300,215.59,24.63
WE-0419,9620320,766300,194.14,16.7
WE-0422,9620270,766300,181.11,12.59
WE-0421,9620220,766300,175.68,20.26
WE-0408,9620170,766300,169.76,21.03
WE-0407,9620120,766300,165.05,10.65
WE-0410,9620070,766300,145.78,24.25
WE-0409,9620020,766300,119.38,11.74
WE-0412,9619972,766300,88.95,11.75
WE-0411,9622020,766350,309.69,14.77
WE-0414,9621970,766350,317.31,17.62
WE-0413,9621920,766350,319.86,17.63
WE-0368,9621870,766350,328.87,13.61
WE-0367,9621820,766350,340.62,21.05
WE-0370,9621770,766350,348.22,17.31
WE-0369,9621720,766350,329.02,24.96
WE-0372,9621670,766350,342.09,23.72
WE-0371,9621620,766350,344.12,20.62
WE-0374,9621570,766350,332.96,22.97
WE-0373,9621520,766350,342.87,24.08
WE-0360,9621470,766350,352.23,21.69
WE-0359,9621420,766350,347.69,15.61
WE-0362,9621370,766350,356.14,20.43
WE-0361,9621320,766350,367.53,12.43
WE-0364,9621270,766350,375.97,24.52
WE-0363,9621220,766350,393.79,18.49
WE-0366,9621170,766350,417.21,21.33
WE-0365,9621120,766350,432.86,19.97
WE-0384,9621070,766350,428.51,24.29
WE-0383,9621020,766350,422.55,23.94
WE-0386,9620970,766350,414.82,21.04
WE-0385,9620920,766350,406.22,21.59
WE-0388,9620870,766350,407.05,17.86
WE-0387,9620820,766350,405.89,20.1
WE-0390,9620770,766350,407.65,21.7
WE-0389,9620720,766350,404.24,24.75
WE-0376,9620670,766350,376.7,15.53
WE-0375,9620620,766350,343.16,21.43
WE-0378,9620570,766350,305.37,24.52
WE-0377,9620520,766350,282.05,19.41
WE-0380,9620470,766350,253.71,12.49
WE-0379,9620420,766350,235.65,20.26
WE-0382,9620370,766350,216.86,18.05
WE-0381,9620320,766350,203.3,17.39
WE-0336,9620270,766350,200.22,13.52
WE-0335,9620220,766350,202.44,16.85
WE-0338,9620170,766350,194.91,17.12
WE-0337,9620120,766350,177.41,24.11
WE-0340,9620070,766350,145.73,22.98
WE-0339,9620020,766350,114.73,10.75
WE-0342,9619972,766350,86.11,10.13
WE-0341,9622020,766400,289.69,23.76
WE-0328,9621970,766400,301.06,18.34
WE-0327,9621920,766400,294.31,9.96
WE-0330,9621870,766400,308.54,23.49
WE-0329,9621820,766400,326.73,18.8
WE-0332,9621770,766400,333.45,22.7
WE-0331,9621720,766400,320.08,14.94
WE-0334,9621670,766400,319.25,15.08
WE-0333,9621620,766400,310.34,23.37
WE-0352,9621570,766400,303.87,24.94
WE-0351,9621520,766400,318.46,18.1
WE-0354,9621470,766400,334.82,12.15
WE-0353,9621420,766400,335.56,20.36
WE-0356,9621370,766400,344.14,17.0
WE-0355,9621320,766400,357.7,16.88
WE-0358,9621270,766400,367.57,17.9
WE-0357,9621220,766400,391.18,16.07
WE-0344,9621170,766400,408.74,23.07
WE-0343,9621120,766400,408.35,16.95
WE-0346,9621070,766400,399.91,11.39
WE-0345,9621020,766400,397.69,12.46
WE-0348,9620970,766400,390.8,18.2
WE-0347,9620920,766400,388.68,15.05
WE-0350,9620870,766400,383.67,24.54
WE-0349,9620820,766400,388.55,16.21
WE-0304,9620770,766400,378.98,23.06
WE-0303,9620720,766400,380.6,21.22
WE-0306,9620670,766400,359.08,13.08
WE-0305,9620620,766400,335.83,17.78
WE-0308,9620570,766400,304.75,21.25
WE-0307,9620520,766400,284.54,20.12
WE-0310,9620470,766400,261.75,24.41
WE-0309,9620420,766400,246.4,19.37
WE-0296,9620370,766400,238.33,19.67
WE-0295,9620320,766400,227.89,23.46
WE-0298,9620270,766400,228.05,11.22
WE-0297,9620220,766400,230.21,17.97
WE-0300,9620170,766400,209.65,18.11
WE-0299,9620120,766400,179.12,19.46
WE-0302,9620070,766400,146.28,21.54
WE-0301,9620020,766400,116.73,12.22
WE-0320,9619972,766400,88.77,11.18
WE-0319,9622020,766450,265.47,21.55
WE-0322,9621970,766450,273.25,20.38
WE-0321,9621920,766450,261.94,19.4
WE-0324,9621870,766450,283.32,23.63
WE-0323,9621820,766450,304.13,19.66
WE-0326,9621770,766450,314.52,15.61
WE-0325,9621720,766450,296.92,22.99
WE-0312,9621670,766450,293.1,13.1
WE-0311,9621620,766450,282.17,17.43
WE-0314,9621570,766450,282.91,24.02
WE-0313,9621520,766450,296.43,21.6
WE-0316,9621470,766450,313.38,10.32
WE-0315,9621420,766450,331.11,22.44
WE-0318,9621370,766450,339.06,19.32
WE-0317,9621320,766450,349.14,21.84
WE-0272,9621270,766450,359.0,23.56
WE-0271,9621220,766450,370.93,23.08
WE-0274,9621170,766450,385.71,16.94
WE-0273,9621120,766450,383.76,22.59
WE-0276,9621070,766450,377.12,19.96
WE-0275,9621020,766450,376.8,16.8
WE-0278,9620970,766450,366.29,19.24
WE-0277,9620920,766450,350.53,17.67
WE-0264,9620870,766450,356.85,22.93
WE-0263,9620820,766450,362.83,18.82
WE-0266,9620770,766450,349.51,15.58
WE-0265,9620720,766450,350.94,23.07
WE-0268,9620670,766450,344.14,21.26
WE-0267,9620620,766450,322.0,22.59
WE-0270,9620570,766450,307.94,11.41
WE-0269,9620520,766450,291.29,12.2
WE-0288,9620470,766450,274.35,23.23
WE-0287,9620420,766450,266.92,18.06
WE-0290,9620370,766450,263.17,12.48
WE-0289,9620320,766450,257.78,19.24
WE-0292,9620270,766450,261.74,17.86
WE-0291,9620220,766450,245.42,17.81
WE-0294,9620170,766450,215.78,16.07
WE-0293,9620120,766450,184.85,14.35
WE-0280,9620070,766450,150.52,11.72
WE-0279,9620020,766450,125.14,16.66
WE-0282,9619972,766450,95.5,12.1
WE-0281,9622020,766500,239.49,22.02
WE-0284,9621970,766500,240.63,15.87
WE-0283,9621920,766500,246.64,16.36
WE-0286,9621870,766500,267.27,19.28
WE-0285,9621820,766500,281.41,16.32
WE-1264,9621770,766500,292.9,18.18
WE-1263,9621720,766500,281.18,14.11
WE-1266,9621670,766500,258.33,20.67
WE-1265,9621620,766500,247.3,17.21
WE-1268,9621570,766500,255.03,17.76
WE-1267,9621520,766500,278.5,16.7
WE-1270,9621470,766500,297.62,22.78
WE-1269,9621420,766500,312.52,17.06
WE-1256,9621370,766500,327.83,21.43
WE-1255,9621320,766500,342.83,20.0
WE-1258,9621270,766500,339.21,18.86
WE-1257,9621220,766500,354.04,22.81
WE-1260,9621170,766500,361.35,22.21
WE-1259,9621120,766500,359.95,10.79
WE-1262,9621070,766500,361.92,15.22
WE-1261,9621020,766500,359.06,18.93
WE-1280,9620970,766500,340.9,20.38
WE-1279,9620920,766500,323.14,15.93
WE-1282,9620870,766500,328.39,19.84
WE-1281,9620820,766500,332.13,24.19
WE-1284,9620770,766500,325.49,15.96
WE-1283,9620720,766500,324.88,19.08
WE-1286,9620670,766500,303.75,22.81
WE-1285,9620620,766500,303.48,14.51
WE-1272,9620570,766500,303.42,24.23
WE-1271,9620520,766500,302.51,11.46
WE-1274,9620470,766500,291.06,11.1
WE-1273,9620420,766500,287.3,22.91
WE-1276,9620370,766500,290.15,16.93
WE-1275,9620320,766500,291.04,18.87
WE-1278,9620270,766500,289.82,16.44
WE-1277,9620220,766500,265.71,15.5
WE-1232,9620170,766500,227.32,16.92
WE-1231,9620120,766500,195.47,21.47
WE-1234,9620070,766500,158.76,16.92
WE-1233,9620020,766500,129.47,20.22
WE-1236,9619972,766500,101.38,10.02
WE-1235,9622020,766550,218.75,21.76
WE-1238,9621970,766550,221.56,24.45
WE-1237,9621920,766550,235.92,18.33
WE-1224,9621870,766550,246.42,15.27
WE-1223,9621820,766550,262.97,18.54
WE-1226,9621770,766550,280.96,11.18
WE-1225,9621720,766550,266.34,20.4
WE-1228,9621670,766550,233.57,22.09
WE-1227,9621620,766550,224.16,17.68
WE-1230,9621570,766550,235.94,24.75
WE-1229,9621520,766550,252.37,23.31
WE-1248,9621470,766550,269.84,21.91
WE-1247,9621420,766550,292.98,23.38
WE-1250,9621370,766550,309.69,21.28
WE-1249,9621320,766550,327.18,19.75
WE-1252,9621270,766550,324.55,23.57
WE-1251,9621220,766550,333.37,17.14
WE-1254,9621170,766550,334.47,23.03
WE-1253,9621120,766550,331.67,22.35
WE-1240,9621070,766550,337.73,19.03
WE-1239,9621020,766550,322.09,22.84
WE-1242,9620970,766550,313.96,19.85
WE-1241,9620920,766550,302.94,24.96
WE-1244,9620870,766550,306.23,22.14
WE-1243,9620820,766550,306.54,20.77
WE-1246,9620770,766550,304.24,13.23
WE-1245,9620720,766550,298.91,15.27
WE-1200,9620670,766550,294.25,19.01
WE-1199,9620620,766550,291.07,21.56
WE-1202,9620570,766550,297.96,21.98
WE-1201,9620520,766550,313.33,9.35
WE-1204,9620470,766550,309.06,23.24
WE-1203,9620420,766550,313.05,17.48
WE-1206,9620370,766550,320.38,23.01
WE-1205,9620320,766550,321.72,11.28
WE-1192,9620270,766550,311.52,19.58
WE-1191,9620220,766550,283.85,24.99
WE-1194,9620170,766550,249.86,22.55
WE-1193,9620120,766550,217.03,20.81
WE-1196,9620070,766550,164.8,9.68
WE-1195,9620020,766550,131.3,19.75
WE-1198,9619972,766550,106.31,13.42
WE-1197,9622020,766600,204.42,18.97
WE-1216,9621970,766600,217.29,15.12
WE-1215,9621920,766600,217.34,22.51
WE-1218,9621870,766600,229.61,10.78
WE-1217,9621820,766600,247.19,10.96
WE-1220,9621770,766600,263.63,21.6
WE-1219,9621720,766600,261.58,17.61
WE-1222,9621670,766600,230.23,18.79
WE-1221,9621620,766600,203.86,19.95
WE-1208,9621570,766600,221.61,10.08
WE-1207,9621520,766600,227.11,22.15
WE-1210,9621470,766600,245.59,22.47
WE-1209,9621420,766600,264.9,23.2
WE-1212,9621370,766600,287.46,17.0
WE-1211,9621320,766600,305.63,23.16
WE-1214,9621270,766600,313.47,22.67
WE-1213,9621220,766600,309.22,23.58
WE-1168,9621170,766600,308.43,13.94
WE-1167,9621120,766600,301.57,15.42
WE-1170,9621070,766600,307.51,19.52
WE-1169,9621020,766600,298.65,22.67
WE-1172,9620970,766600,282.2,16.18
WE-1171,9620920,766600,279.24,24.78
WE-1174,9620870,766600,277.02,15.97
WE-1173,9620820,766600,282.04,20.11
WE-1160,9620770,766600,288.35,24.06
WE-1159,9620720,766600,283.66,22.78
WE-1162,9620670,766600,277.01,19.88
WE-1161,9620620,766600,277.27,12.35
WE-1164,9620570,766600,293.96,22.05
WE-1163,9620520,766600,314.45,23.45
WE-1166,9620470,766600,327.7,17.02
WE-1165,9620420,766600,331.84,16.62
WE-1184,9620370,766600,349.38,16.02
WE-1183,9620320,766600,345.79,15.1
WE-1186,9620270,766600,317.66,17.95
WE-1185,9620220,766600,292.2,21.26
WE-1188,9620170,766600,261.28,24.32
WE-1187,9620120,766600,213.05,15.53
WE-1190,9620070,766600,176.43,20.28
WE-1189,9620020,766600,149.95,21.11
WE-1176,9619972,766600,122.46,20.13
WE-1175,9622020,766650,184.97,14.53
WE-1178,9621970,766650,197.5,18.42
WE-1177,9621920,766650,200.15,16.84
WE-1180,9621870,766650,214.54,19.79
WE-1179,9621820,766650,231.21,19.0
WE-1182,9621770,766650,246.18,11.55
WE-1181,9621720,766650,250.57,17.91
WE-1136,9621670,766650,218.42,19.24
WE-1135,9621620,766650,186.84,17.09
WE-1138,9621570,766650,197.4,11.47
WE-1137,9621520,766650,206.85,15.84
WE-1140,9621470,766650,225.85,9.3
WE-1139,9621420,766650,245.88,23.78
WE-1142,9621370,766650,268.16,10.89
WE-1141,9621320,766650,279.58,21.99
WE-1128,9621270,766650,296.41,21.05
WE-1127,9621220,766650,286.65,24.4
WE-1130,9621170,766650,275.39,17.42
WE-1129,9621120,766650,270.26,19.02
WE-1132,9621070,766650,263.65,18.72
WE-1131,9621020,766650,256.7,14.73
WE-1134,9620970,766650,247.42,18.51
WE-1133,9620920,766650,241.26,11.21
WE-1152,9620870,766650,249.21,22.4
WE-1151,9620820,766650,264.55,22.38
WE-1154,9620770,766650,272.12,19.0
WE-1153,9620720,766650,268.56,20.23
WE-1156,9620670,766650,267.03,24.92
WE-1155,9620620,766650,284.39,16.29
WE-1158,9620570,766650,301.21,17.28
WE-1157,9620520,766650,320.37,19.4
WE-1144,9620470,766650,339.91,15.67
WE-1143,9620420,766650,357.21,14.0
WE-1146,9620370,766650,369.74,23.02
WE-1145,9620320,766650,357.47,19.14
WE-1148,9620270,766650,332.12,20.86
WE-1147,9620220,766650,295.45,12.31
WE-1150,9620170,766650,263.89,10.8
WE-1149,9620120,766650,217.69,9.55
WE-1104,9620070,766650,196.44,9.71
WE-1103,9620020,766650,166.12,24.57
WE-1106,9619972,766650,141.66,11.24
WE-1105,9622020,766700,157.68,10.48
WE-1108,9621970,766700,172.14,17.39
WE-1107,9621920,766700,176.0,21.04
WE-1110,9621870,766700,195.96,11.86
WE-1109,9621820,766700,212.37,23.22
WE-1096,9621770,766700,235.06,21.53
WE-1095,9621720,766700,238.9,24.71
WE-1098,9621670,766700,203.64,24.96
WE-1097,9621620,766700,173.97,18.92
WE-1100,9621570,766700,181.37,17.62
WE-1099,9621520,766700,193.65,11.27
WE-1102,9621470,766700,215.57,20.58
WE-1101,9621420,766700,230.73,21.33
WE-1120,9621370,766700,240.92,14.16
WE-1119,9621320,766700,251.07,15.6
WE-1122,9621270,766700,269.57,21.22
WE-1121,9621220,766700,260.05,23.83
WE-1124,9621170,766700,244.09,13.26
WE-1123,9621120,766700,235.67,21.63
WE-1126,9621070,766700,231.98,20.71
WE-1125,9621020,766700,222.98,10.7
WE-1112,9620970,766700,226.56,21.55
WE-1111,9620920,766700,219.74,14.38
WE-1114,9620870,766700,233.28,23.18
WE-1113,9620820,766700,245.19,17.63
WE-1116,9620770,766700,251.28,23.31
WE-1115,9620720,766700,262.1,11.25
WE-1118,9620670,766700,270.41,22.03
WE-1117,9620620,766700,296.26,16.55
WE-1072,9620570,766700,313.44,22.9
WE-1071,9620520,766700,332.49,16.05
WE-1074,9620470,766700,350.03,19.55
WE-1073,9620420,766700,363.95,20.52
WE-1076,9620370,766700,357.9,16.47
WE-1075,9620320,766700,354.44,24.3
WE-1078,9620270,766700,340.11,22.75
WE-1077,9620220,766700,310.64,11.83
WE-1064,9620170,766700,267.57,15.93
WE-1063,9620120,766700,241.89,20.83
WE-1066,9620070,766700,207.48,20.92
WE-1065,9620020,766700,175.64,20.51
WE-1068,9619972,766700,139.88,16.01
WE-1067,9622020,766750,137.99,18.76
WE-1070,9621970,766750,145.64,23.41
WE-1069,9621920,766750,158.25,24.23
WE-1088,9621870,766750,169.0,15.06
WE-1087,9621820,766750,190.75,19.96
WE-1090,9621770,766750,221.17,18.29
WE-1089,9621720,766750,231.41,21.1
WE-1092,9621670,766750,201.12,12.49
WE-1091,9621620,766750,170.33,18.32
WE-1094,9621570,766750,162.54,20.23
WE-1093,9621520,766750,179.79,22.11
WE-1080,9621470,766750,189.64,20.15
WE-1079,9621420,766750,209.42,18.9
WE-1082,9621370,766750,219.24,15.25
WE-1081,9621320,766750,227.65,21.83
WE-1084,9621270,766750,246.16,20.09
WE-1083,9621220,766750,232.75,15.26
WE-1086,9621170,766750,221.53,18.58
WE-1085,9621120,766750,206.04,16.2
WE-1040,9621070,766750,205.16,12.68
WE-1039,9621020,766750,195.55,12.5
WE-1042,9620970,766750,198.1,20.11
WE-1041,9620920,766750,204.95,22.48
WE-1044,9620870,766750,218.05,13.95
WE-1043,9620820,766750,228.58,22.66
WE-1046,9620770,766750,246.56,24.04
WE-1045,9620720,766750,262.85,24.02
WE-1032,9620670,766750,285.61,23.95
WE-1031,9620620,766750,305.77,16.53
WE-1034,9620570,766750,325.84,16.95
WE-1033,9620520,766750,342.13,13.78
WE-1036,9620470,766750,350.13,18.81
WE-1035,9620420,766750,350.94,22.93
WE-1038,9620370,766750,341.88,23.05
WE-1037,9620320,766750,337.19,23.56
WE-1056,9620270,766750,328.74,19.58
WE-1055,9620220,766750,303.25,22.21
WE-1058,9620170,766750,281.91,14.98
WE-1057,9620120,766750,251.39,24.66
WE-1060,9620070,766750,212.16,10.86
WE-1059,9620020,766750,178.17,20.39
WE-1062,9619972,766750,142.4,21.88
WE-1061,9622020,766800,133.67,22.3
WE-1048,9621970,766800,115.54,9.98
WE-1047,9621920,766800,140.15,13.47
WE-1050,9621870,766800,147.31,19.18
WE-1049,9621820,766800,172.04,22.39
WE-1052,9621770,766800,203.83,19.71
WE-1051,9621720,766800,223.25,23.76
WE-1054,9621670,766800,202.55,24.97
WE-1053,9621620,766800,170.88,23.02
WE-1008,9621570,766800,149.29,17.02
WE-1007,9621520,766800,156.6,16.77
WE-1010,9621470,766800,165.01,19.73
WE-1009,9621420,766800,181.14,20.12
WE-1012,9621370,766800,190.18,10.24
WE-1011,9621320,766800,200.03,18.24
WE-1014,9621270,766800,226.55,23.07
WE-1013,9621220,766800,210.56,15.72
WE-1000,9621170,766800,193.06,17.44
WE-0999,9621120,766800,180.44,17.41
WE-1002,9621070,766800,183.08,20.24
WE-1001,9621020,766800,175.76,9.97
WE-1004,9620970,766800,180.87,18.95
WE-1003,9620920,766800,195.46,17.57
WE-1006,9620870,766800,198.94,23.09
WE-1005,9620820,766800,219.61,23.64
WE-1024,9620770,766800,238.34,19.09
WE-1023,9620720,766800,265.98,18.55
WE-1026,9620670,766800,285.84,23.66
WE-1025,9620620,766800,302.52,20.08
WE-1028,9620570,766800,319.8,13.42
WE-1027,9620520,766800,328.78,10.29
WE-1030,9620470,766800,329.16,20.76
WE-1029,9620420,766800,329.53,23.76
WE-1016,9620370,766800,323.38,20.84
WE-1015,9620320,766800,318.04,24.02
WE-1018,9620270,766800,307.65,17.91
WE-1017,9620220,766800,292.06,24.75
WE-1020,9620170,766800,274.55,18.63
WE-1019,9620120,766800,242.72,20.26
WE-1022,9620070,766800,218.5,21.08
WE-1021,9620020,766800,189.72,16.19
WE-0976,9619972,766800,156.71,15.43
WE-0975,9622020,766850,132.54,20.2
WE-0978,9621970,766850,97.88,9.95
WE-0977,9621920,766850,117.1,10.13
WE-0980,9621870,766850,138.01,15.64
WE-0979,9621820,766850,164.41,19.42
WE-0982,9621770,766850,187.49,23.68
WE-0981,9621720,766850,207.62,21.44
WE-0968,9621670,766850,204.67,23.17
WE-0967,9621620,766850,177.88,24.17
WE-0970,9621570,766850,143.93,19.04
WE-0969,9621520,766850,138.83,18.03
WE-0972,9621470,766850,150.42,16.56
WE-0971,9621420,766850,158.19,13.63
WE-0974,9621370,766850,168.53,24.02
WE-0973,9621320,766850,179.97,19.8
WE-0992,9621270,766850,194.4,24.58
WE-0991,9621220,766850,174.5,15.13
WE-0994,9621170,766850,162.9,15.8
WE-0993,9621120,766850,152.31,24.44
WE-0996,9621070,766850,157.92,19.62
WE-0995,9621020,766850,160.8,18.76
WE-0998,9620970,766850,167.66,23.24
WE-0997,9620920,766850,180.97,18.01
WE-0984,9620870,766850,192.89,16.04
WE-0983,9620820,766850,213.41,16.63
WE-0986,9620770,766850,230.22,12.15
WE-0985,9620720,766850,243.85,20.89
WE-0988,9620670,766850,268.11,16.7
WE-0987,9620620,766850,280.73,21.0
WE-0990,9620570,766850,297.07,18.73
WE-0989,9620520,766850,306.33,21.72
WE-0944,9620470,766850,303.19,22.22
WE-0943,9620420,766850,301.7,11.85
WE-0946,9620370,766850,298.28,23.81
WE-0945,9620320,766850,292.04,14.1
WE-0948,9620270,766850,279.34,19.58
WE-0947,9620220,766850,269.68,24.6
WE-0950,9620170,766850,248.45,18.75
WE-0949,9620120,766850,217.9,18.47
WE-0936,9620070,766850,201.83,17.03
WE-0935,9620020,766850,181.96,24.84
WE-0938,9619972,766850,159.41,16.98
WE-0937,9622020,766900,113.29,10.29
WE-0940,9621970,766900,87.57,10.81
WE-0939,9621920,766900,102.83,11.72
WE-0942,9621870,766900,128.62,20.1
WE-0941,9621820,766900,150.41,13.73
WE-0960,9621770,766900,176.23,21.42
WE-0959,9621720,766900,189.61,17.4
WE-0962,9621670,766900,191.29,23.44
WE-0961,9621620,766900,174.1,17.69
WE-0964,9621570,766900,141.13,22.19
WE-0963,9621520,766900,118.41,4.92
WE-0966,9621470,766900,129.51,14.31
WE-0965,9621420,766900,141.84,20.43
WE-0952,9621370,766900,147.42,17.41
WE-0951,9621320,766900,159.09,23.3
WE-0954,9621270,766900,165.61,20.03
WE-0953,9621220,766900,158.01,21.68
WE-0956,9621170,766900,137.77,24.69
WE-0955,9621120,766900,127.36,22.0
WE-0958,9621070,766900,132.07,18.03
WE-0957,9621020,766900,147.27,21.46
WE-0912,9620970,766900,148.9,20.89
WE-0911,9620920,766900,166.72,22.87
WE-0914,9620870,766900,183.51,23.48
WE-0913,9620820,766900,203.06,20.48
WE-0916,9620770,766900,209.81,24.0
WE-0915,9620720,766900,219.43,17.87
WE-0918,9620670,766900,235.89,15.38
WE-0917,9620620,766900,253.5,17.25
WE-0904,9620570,766900,265.56,22.86
WE-0903,9620520,766900,273.81,9.7
WE-0906,9620470,766900,271.93,13.04
WE-0905,9620420,766900,279.65,17.51
WE-0908,9620370,766900,277.27,18.92
WE-0907,9620320,766900,276.34,23.3
WE-0910,9620270,766900,255.95,23.88
WE-0909,9620220,766900,240.69,16.31
WE-0928,9620170,766900,216.71,21.76
WE-0927,9620120,766900,185.49,21.21
WE-0930,9620070,766900,174.96,16.72
WE-0929,9620020,766900,159.77,19.66
WE-0932,9619972,766900,141.3,16.95
WE-0931,9622020,766950,84.89,10.39
WE-0934,9621970,766950,87.07,10.69
WE-0933,9621920,766950,113.57,9.14
WE-0920,9621870,766950,131.12,21.05
WE-0919,9621820,766950,152.39,19.7
WE-0922,9621770,766950,174.02,17.45
WE-0921,9621720,766950,171.6,22.68
WE-0924,9621670,766950,161.74,19.73
WE-0923,9621620,766950,152.56,17.38
WE-0926,9621570,766950,134.91,24.24
WE-0925,9621520,766950,100.53,11.38
WE-0880,9621470,766950,104.25,7.99
WE-0879,9621420,766950,120.52,16.49
WE-0882,9621370,766950,127.62,15.22
WE-0881,9621320,766950,142.22,21.32
WE-0884,9621270,766950,147.38,20.0
WE-0883,9621220,766950,134.37,17.94
WE-0886,9621170,766950,124.31,15.45
WE-0885,9621120,766950,114.39,10.83
WE-0872,9621070,766950,119.64,12.71
WE-0871,9621020,766950,128.35,16.88
WE-0874,9620970,766950,140.37,17.13
WE-0873,9620920,766950,160.57,18.28
WE-0876,9620870,766950,162.96,15.43
WE-0875,9620820,766950,170.11,18.27
WE-0878,9620770,766950,179.72,13.91
WE-0877,9620720,766950,191.14,16.39
WE-0896,9620670,766950,213.43,21.58
WE-0895,9620620,766950,228.63,12.86
WE-0898,9620570,766950,234.04,13.92
WE-0897,9620520,766950,241.94,22.99
WE-0900,9620470,766950,252.13,24.35
WE-0899,9620420,766950,256.98,18.93
WE-0902,9620370,766950,256.4,24.24
WE-0901,9620320,766950,256.06,17.62
WE-0888,9620270,766950,241.69,21.36
WE-0887,9620220,766950,209.47,20.52
WE-0890,9620170,766950,185.05,23.03
WE-0889,9620120,766950,162.93,23.97
WE-0892,9620070,766950,150.4,24.95
WE-0891,9620020,766950,141.61,23.96
WE-0894,9619972,766950,117.37,10.94
WE-0893,9622020,766997,74.66,6.79
WE-0848,9621970,766997,84.01,8.51
WE-0847,9621920,766997,96.41,8.3
WE-0850,9621870,766997,111.99,10.47
WE-0849,9621820,766997,139.89,16.74
WE-0852,9621770,766997,145.69,21.4
WE-0851,9621720,766997,145.26,18.56
WE-0854,9621670,766997,133.34,11.06
WE-0853,9621620,766997,137.39,22.64
WE-0840,9621570,766997,121.4,18.0
WE-0839,9621520,766997,89.29,4.98
WE-0842,9621470,766997,85.52,13.06
WE-0841,9621420,766997,96.28,10.63
WE-0844,9621370,766997,113.86,8.96
WE-0843,9621320,766997,124.96,16.06
WE-0846,9621270,766997,126.52,11.82
WE-0845,9621220,766997,108.3,12.23
WE-0864,9621170,766997,98.13,7.82
WE-0863,9621120,766997,96.08,13.25
WE-0866,9621070,766997,108.01,13.04
WE-0865,9621020,766997,121.79,21.39
WE-0868,9620970,766997,135.71,15.59
WE-0867,9620920,766997,140.61,10.73
WE-0870,9620870,766997,138.63,16.99
WE-0869,9620820,766997,140.32,13.18
WE-0856,9620770,766997,155.91,12.32
WE-0855,9620720,766997,171.58,12.67
WE-0858,9620670,766997,188.62,19.35
WE-0857,9620620,766997,194.17,20.27
WE-0860,9620570,766997,202.96,16.96
WE-0859,9620520,766997,219.25,18.7
WE-0862,9620470,766997,225.34,19.95
WE-0861,9620420,766997,230.6,22.03
WE-0816,9620370,766997,226.55,11.4
WE-0815,9620320,766997,230.04,24.38
WE-0818,9620270,766997,221.43,16.16
WE-0817,9620220,766997,196.39,12.23
WE-0820,9620170,766997,163.51,17.89
WE-0819,9620120,766997,142.26,19.22
WE-0822,9620070,766997,128.39,24.73
WE-0821,9620020,766997,116.52,12.41
WE-0808,9619972,766997,99.83,11.73
WE-0807,9626367,764002,237.68,18.44
WE-0810,9626117,764001,254.82,19.51
WE-0809,9625867,764001,318.02,23.25
WE-0812,9625617,764001,384.44,10.04
WE-0811,9625367,764000,428.55,17.12
WE-0814,9625117,764000,341.97,11.89
WE-0813,9624867,764000,182.9,20.77
WE-0832,9624617,764000,280.05,15.1
WE-0831,9624367,763999,229.89,16.84
WE-0834,9624117,763999,238.67,10.49
WE-0833,9623867,763999,175.26,20.91
WE-0836,9623617,763998,208.85,16.92
WE-0835,9623367,763998,273.83,17.34
WE-0838,9623117,763998,356.12,19.38
WE-0837,9622867,763998,441.01,13.34
WE-0824,9622617,763997,378.04,18.57
WE-0823,9622367,763997,356.75,23.06
WE-0826,9622117,763997,303.8,24.64
WE-0825,9621867,763996,228.18,22.77
WE-0828,9621617,763996,243.07,17.31
WE-0827,9621367,763996,171.88,19.89
WE-0830,9621117,763996,120.4,17.87
WE-0829,9620867,763995,70.26,8.18
WE-0784,9620716,763995,58.98,12.85
WE-0783,9626367,764245,281.43,22.89
WE-0786,9626117,764245,305.93,15.05
WE-0785,9625867,764245,260.48,18.62
WE-0788,9625617,764245,369.72,17.02
WE-0787,9625367,764245,404.89,20.51
WE-0790,9625117,764245,230.47,15.99
WE-0789,9624867,764245,279.92,24.61
WE-0776,9624617,764245,365.16,10.59
WE-0775,9624367,764245,335.96,15.15
WE-0778,9624117,764245,245.85,21.59
WE-0777,9623867,764245,212.68,20.45
WE-0780,9623617,764245,242.72,15.67
WE-0779,9623367,764245,328.89,17.72
WE-0782,9623117,764245,387.62,23.74
WE-0781,9622867,764245,478.77,13.26
WE-0800,9622617,764245,336.23,22.04
WE-0799,9622367,764245,285.41,23.45
WE-0802,9622117,764245,241.53,22.37
WE-0801,9621867,764245,213.44,22.44
WE-0804,9621617,764245,137.91,22.91
WE-0803,9621367,764245,98.95,10.18
WE-0806,9621117,764245,90.65,8.72
WE-0805,9620867,764245,86.35,12.48
WE-0792,9620716,764245,65.4,11.14
WE-0791,9626367,764495,351.1,14.15
WE-0794,9626117,764495,272.6,17.55
WE-0793,9625867,764495,332.54,22.32
WE-0796,9625617,764495,420.41,15.37
WE-0795,9625367,764495,386.29,23.44
WE-0798,9625117,764495,285.79,11.08
WE-0797,9624867,764495,433.89,19.15
WE-0240,9624617,764495,401.6,15.12
WE-0239,9624367,764495,497.56,15.4
WE-0242,9624117,764495,339.82,19.39
WE-0241,9623867,764495,290.9,24.73
WE-0244,9623617,764495,365.71,24.34
WE-0243,9623367,764495,305.62,22.16
WE-0246,9623117,764495,379.79,12.69
WE-0245,9622867,764495,462.89,15.12
WE-0232,9622617,764495,346.21,24.2
WE-0231,9622367,764495,245.92,24.07
WE-0234,9622131,764488,199.86,19.91
WE-0233,9621867,764423,152.26,22.38
WE-0236,9621617,764423,147.98,24.54
WE-0235,9621367,764423,130.35,15.39
WE-0238,9621112,764493,153.73,21.46
WE-0237,9620867,764495,88.91,11.53
WE-0256,9620630,764531,80.21,11.01
WE-0255,9620367,764548,92.47,13.67
WE-0258,9620117,764548,65.73,5.18
WE-0257,9619867,764548,92.43,9.6
WE-0260,9619617,764548,95.33,13.69
WE-0259,9619468,764548,47.45,11.69
WE-0262,9626367,764745,422.49,15.87
WE-0261,9626117,764745,338.01,20.87
WE-0248,9625867,764745,371.61,20.87
WE-0247,9625617,764745,461.52,17.42
WE-0250,9625367,764745,405.95,13.0
WE-0249,9625117,764745,373.53,24.62
WE-0252,9624867,764745,352.1,20.25
WE-0251,9624617,764745,553.0,24.65
WE-0254,9624367,764745,563.31,24.28
WE-0253,9624117,764745,461.1,15.73
WE-0208,9623867,764745,408.3,18.93
WE-0207,9623617,764745,406.87,20.01
WE-0210,9623367,764745,370.38,17.69
WE-0209,9623117,764745,382.25,20.25
WE-0212,9622867,764745,485.07,17.95
WE-0211,9622617,764745,405.19,13.41
WE-0214,9622367,764745,353.07,24.09
WE-0213,9622143,764745,231.08,16.64
WE-0200,9621108,764701,133.43,22.45
WE-0199,9620867,764701,133.22,16.64
WE-0202,9620617,764701,108.98,9.59
WE-0201,9620367,764701,158.52,22.91
WE-0204,9620117,764701,127.09,17.52
WE-0203,9619860,764740,171.19,22.25
WE-0206,9619617,764745,56.49,8.01
WE-0205,9619468,764745,27.64,10.55
WE-0224,9626367,764995,454.42,24.72
WE-0223,9626117,764995,382.29,10.27
WE-0226,9625867,764995,390.32,23.36
WE-0225,9625617,764995,515.35,17.8
WE-0228,9625367,764995,436.51,18.05
WE-0227,9625117,764995,398.97,21.99
WE-0230,9624867,764995,429.77,24.32
WE-0229,9624617,764995,547.19,19.7
WE-0216,9624367,764995,617.67,23.16
WE-0215,9624117,764995,540.51,23.15
WE-0218,9623867,764995,448.94,16.11
WE-0217,9623617,764995,473.99,14.42
WE-0220,9623367,764995,395.78,18.86
WE-0219,9623117,764995,410.74,22.06
WE-0222,9622867,764995,500.01,23.81
WE-0221,9622617,764995,517.42,14.14
WE-0176,9622367,764995,358.69,19.88
WE-0175,9622143,764995,285.14,18.18
WE-0178,9619845,764995,151.91,22.17
WE-0177,9619617,764995,55.37,12.09
WE-0180,9619468,764995,36.96,9.02
WE-0179,9626367,765245,508.47,23.38
WE-0182,9626117,765245,520.35,15.82
WE-0181,9625867,765245,486.87,20.31
WE-0168,9625617,765245,518.55,17.58
WE-0167,9625367,765245,492.3,15.07
WE-0170,9625117,765245,488.54,19.8
WE-0169,9624867,765245,571.79,17.96
WE-0172,9624617,765245,603.61,23.25
WE-0171,9624367,765245,706.76,9.6
WE-0174,9624117,765245,623.25,16.48
WE-0173,9623867,765245,512.61,24.95
WE-0192,9623617,765245,532.55,21.02
WE-0191,9623367,765245,421.23,18.37
WE-0194,9623117,765245,552.75,21.23
WE-0193,9622867,765245,580.75,15.0
WE-0196,9622617,765245,512.19,10.34
WE-0195,9622367,765245,404.76,19.04
WE-0198,9622143,765245,403.3,17.35
WE-0197,9619845,765245,142.25,21.35
WE-0184,9619617,765245,43.35,12.08
WE-0183,9619468,765245,20.2,12.3
WE-0186,9626367,765495,500.27,18.85
WE-0185,9626117,765495,566.8,14.52
WE-0188,9625867,765495,589.2,17.71
WE-0187,9625617,765495,650.62,24.3
WE-0190,9625367,765495,637.57,24.11
WE-0189,9625117,765495,596.44,18.96
WE-0144,9624867,765495,647.11,18.9
WE-0143,9624617,765495,713.35,13.87
WE-0146,9624367,765495,718.85,17.31
WE-0145,9624117,765495,617.69,24.11
WE-0148,9623867,765495,580.73,19.58
WE-0147,9623617,765495,547.08,24.85
WE-0150,9623367,765495,583.17,21.51
WE-0149,9623117,765495,582.87,24.98
WE-0136,9622867,765495,545.71,16.63
WE-0135,9622617,765495,492.93,20.57
WE-0138,9622367,765495,471.32,21.96
WE-0137,9622143,765495,433.56,20.22
WE-0140,9619845,765495,174.51,21.93
WE-0139,9619617,765495,93.29,11.51
WE-0142,9619468,765495,42.0,8.83
WE-0141,9626367,765745,432.56,23.9
WE-0160,9626117,765745,464.62,24.22
WE-0159,9625867,765745,490.67,11.17
WE-0162,9625617,765745,527.12,22.73
WE-0161,9625367,765745,570.69,17.13
WE-0164,9625117,765745,631.08,17.91
WE-0163,9624867,765745,670.79,15.98
WE-0166,9624617,765745,728.1,22.42
WE-0165,9624367,765745,740.42,22.81
WE-0152,9624117,765745,675.07,21.92
WE-0151,9623867,765745,612.59,16.17
WE-0154,9623617,765745,619.5,21.77
WE-0153,9623367,765745,584.19,11.59
WE-0156,9623117,765745,447.18,20.31
WE-0155,9622867,765745,425.91,21.12
WE-0158,9622617,765745,391.03,21.0
WE-0157,9622367,765745,375.49,19.26
WE-0112,9622143,765745,421.67,16.13
WE-0111,9619864,765734,71.15,10.45
WE-0114,9619617,765663,29.36,5.73
WE-0113,9619468,765663,40.93,7.3
WE-0116,9626367,765995,322.92,9.78
WE-0115,9626117,765995,392.58,17.91
WE-0118,9625867,765995,466.36,20.8
WE-0117,9625617,765995,536.5,15.71
WE-0104,9625367,765995,564.16,14.04
WE-0103,9625117,765995,609.41,17.77
WE-0106,9624867,765995,714.94,14.89
WE-0105,9624617,765995,647.0,16.81
WE-0108,9624367,765995,667.88,14.46
WE-0107,9624117,765995,637.39,22.27
WE-0110,9623867,765995,563.23,22.94
WE-0109,9623617,765995,509.1,24.02
WE-0128,9623367,765995,424.87,20.39
WE-0127,9623117,765995,340.62,23.53
WE-0130,9622867,765995,335.87,24.55
WE-0129,9622617,765995,342.78,14.7
WE-0132,9622367,765995,330.4,22.54
WE-0131,9622143,765995,369.36,18.58
WE-0134,9619879,765995,56.06,9.7
WE-0133,9626367,766245,333.27,13.8
WE-0120,9626117,766245,373.72,15.48
WE-0119,9625867,766245,447.66,21.62
WE-0122,9625617,766245,539.29,17.62
WE-0121,9625367,766245,564.67,23.56
WE-0124,9625117,766245,628.02,21.08
WE-0123,9624867,766245,625.57,16.79
WE-0126,9624617,766245,592.0,17.14
WE-0125,9624367,766245,585.25,24.4
WE-0080,9624117,766245,558.53,19.4
WE-0079,9623867,766245,473.09,14.75
WE-0082,9623617,766245,395.63,17.85
WE-0081,9623367,766245,346.6,22.56
WE-0084,9623117,766245,272.65,16.99
WE-0083,9622867,766245,265.23,11.39
WE-0086,9622617,766245,251.78,20.96
WE-0085,9622367,766245,306.21,22.04
WE-0072,9622143,766245,312.92,23.67
WE-0071,9619879,766245,63.53,7.97
WE-0074,9626367,766495,403.11,24.28
WE-0073,9626117,766495,439.82,24.0
WE-0076,9625867,766495,479.64,20.64
WE-0075,9625617,766495,555.07,20.83
WE-0078,9625367,766495,621.75,17.97
WE-0077,9625117,766495,668.8,17.32
WE-0096,9624867,766495,552.88,15.2
WE-0095,9624617,766495,470.03,23.43
WE-0098,9624367,766495,495.39,15.38
WE-0097,9624117,766495,459.22,11.93
WE-0100,9623867,766495,406.05,20.99
WE-0099,9623617,766495,309.26,19.84
WE-0102,9623367,766495,272.18,23.38
WE-0101,9623117,766495,262.64,20.99
WE-0088,9622867,766495,171.16,22.78
WE-0087,9622617,766495,162.28,24.57
WE-0090,9622367,766495,238.85,12.71
WE-0089,9622143,766495,224.05,12.28
WE-0092,9619879,766495,58.08,13.38
WE-0091,9626367,766745,411.22,16.24
WE-0094,9626117,766745,492.38,20.06
WE-0093,9625867,766745,551.25,21.45
WE-0048,9625617,766745,623.95,14.19
WE-0047,9625367,766745,600.95,23.4
WE-0050,9625117,766745,573.48,24.19
WE-0049,9624867,766745,479.0,17.76
WE-0052,9624617,766745,433.32,13.87
WE-0051,9624367,766745,389.77,20.27
WE-0054,9624117,766745,398.33,23.34
WE-0053,9623867,766745,318.42,21.7
WE-0040,9623617,766745,256.32,22.15
WE-0039,9623367,766745,210.79,19.67
WE-0042,9623117,766745,176.74,19.35
WE-0041,9622867,766745,190.73,9.94
WE-0044,9622617,766745,123.18,13.78
WE-0043,9622367,766745,138.09,14.87
WE-0046,9622143,766745,187.18,9.84
WE-0045,9619879,766745,87.44,10.37
WE-0064,9626367,766995,431.79,18.64
WE-0063,9626117,766995,530.78,21.53
WE-0066,9625867,766995,648.64,16.33
WE-0065,9625617,766995,650.99,21.9
WE-0068,9625367,766995,562.83,14.37
WE-0067,9625117,766995,482.23,12.11
WE-0070,9624867,766995,421.44,16.21
WE-0069,9624617,766995,365.83,24.2
WE-0056,9624367,766995,333.67,23.44
WE-0055,9624117,766995,339.86,19.3
WE-0058,9623867,766995,296.48,19.74
WE-0057,9623617,766995,212.84,24.61
WE-0060,9623367,766995,191.15,17.53
WE-0059,9623117,766995,166.18,15.85
WE-0062,9622867,766995,114.54,13.88
WE-0061,9622617,766995,95.98,13.33
WE-0016,9622367,766995,87.96,8.87
WE-0015,9622131,767002,75.23,10.82
WE-0018,9621867,767070,91.04,13.47
WE-0017,9621617,767070,112.14,7.75
WE-0020,9621367,767070,90.55,11.88
WE-0019,9621117,767070,78.2,8.36
WE-0022,9620867,767070,102.52,12.99
WE-0021,9620617,767070,153.96,17.37
WE-0008,9620367,767070,183.69,15.49
WE-0007,9620117,767070,115.22,12.62
WE-0010,9619889,767003,74.81,8.63
WE-0009,9626367,767200,457.84,23.87
WE-0012,9626117,767200,521.85,23.14
WE-0011,9625867,767200,642.56,17.21
WE-0014,9625617,767200,665.42,22.1
WE-0013,9625367,767200,611.63,18.01
WE-0032,9625117,767200,482.0,24.02
WE-0031,9624867,767200,391.86,24.28
WE-0034,9624617,767200,306.49,17.99
WE-0033,9624367,767200,294.39,18.54
WE-0036,9624117,767200,276.72,20.94
WE-0035,9623867,767200,265.1,15.62
WE-0038,9623617,767200,229.99,19.79
WE-0037,9623367,767200,160.05,21.21
WE-0024,9623117,767200,139.46,22.45
WE-0023,9622867,767200,96.76,11.67
WE-0026,9622617,767200,81.65,9.0
WE-0025,9622367,767200,84.51,6.76
WE-0028,9622117,767200,64.6,8.08
WE-0027,9621867,767200,54.29,10.77
WE-0030,9621617,767200,65.71,7.45
WE-0029,9621367,767200,61.52,8.72
WE-0002,9621117,767200,45.42,13.91
WE-0001,9620867,767200,48.93,10.25
WE-0004,9620617,767200,90.79,11.95
WE-0003,9620367,767200,104.95,10.54
WE-0006,9620117,767200,67.08,11.86
WE-0005,9619900,767200,27.36,8.93
CE-2671,9620049,770088,249.73,23.94
CE-2673,9620000,770088,232.97,15.61
CE-2672,9619950,770088,239.11,23.02
CE-2675,9619900,770088,238.32,24.7
CE-2674,9619850,770088,240.29,22.31
CE-2677,9619800,770088,248.94,20.94
CE-2676,9619750,770088,247.03,15.4
CE-2664,9619700,770088,243.33,19.94
CE-2663,9619650,770088,244.97,19.52
CE-2666,9619600,770088,230.82,23.8
CE-2665,9619550,770088,213.48,22.73
CE-2668,9619500,770088,181.92,22.48
CE-2667,9619450,770088,156.19,15.65
CE-2670,9619400,770088,141.37,24.93
CE-2669,9619350,770088,148.65,10.45
CE-2687,9619300,770088,155.05,22.93
CE-2686,9619250,770088,153.92,20.64
CE-2689,9619200,770088,150.62,17.25
CE-2688,9619150,770088,140.82,15.02
CE-2691,9619100,770088,117.9,13.09
CE-2690,9619050,770088,94.88,9.55
CE-2693,9619000,770088,72.76,11.45
CE-2692,9618950,770088,50.02,8.82
CE-2679,9618900,770088,39.77,12.24
CE-2678,9618850,770088,35.76,10.54
CE-2681,9618800,770088,34.1,9.41
CE-2680,9618750,770088,31.16,9.86
CE-2683,9618700,770088,35.57,9.55
CE-2682,9618650,770088,37.09,12.05
CE-2685,9618600,770088,43.91,11.25
CE-2684,9618550,770088,55.45,7.58
CE-2640,9618500,770088,74.25,9.58
CE-2639,9618450,770088,88.51,11.91
CE-2642,9618400,770088,105.05,9.45
CE-2641,9618350,770088,138.13,11.38
CE-2644,9618300,770088,153.03,24.72
CE-2643,9618250,770088,168.22,11.85
CE-2646,9618200,770088,185.81,19.18
CE-2645,9618150,770088,172.24,24.17
CE-2632,9618100,770088,144.14,20.02
CE-2631,9618050,770088,127.77,21.17
CE-2634,9618002,770088,128.19,24.92
CE-2633,9620049,770138,247.88,17.26
CE-2636,9620000,770138,251.5,22.09
CE-2635,9619950,770138,253.99,20.31
CE-2638,9619900,770138,254.47,18.1
CE-2637,9619850,770138,262.07,21.85
CE-2656,9619800,770138,271.23,9.64
CE-2655,9619750,770138,262.22,24.62
CE-2658,9619700,770138,262.89,20.73
CE-2657,9619650,770138,260.72,21.79
CE-2660,9619600,770138,248.83,12.05
CE-2659,9619550,770138,219.05,17.68
CE-2662,9619500,770138,188.13,21.95
CE-2661,9619450,770138,164.96,15.75
CE-2648,9619400,770138,159.96,9.33
CE-2647,9619350,770138,167.7,22.51
CE-2650,9619300,770138,171.84,18.09
CE-2649,9619250,770138,167.8,21.41
CE-2652,9619200,770138,149.62,19.75
CE-2651,9619150,770138,132.59,23.57
CE-2654,9619100,770138,112.24,10.92
CE-2653,9619050,770138,91.62,5.74
CE-2608,9619000,770138,67.54,12.36
CE-2607,9618950,770138,52.12,13.91
CE-2610,9618900,770138,41.9,13.14
CE-2609,9618850,770138,40.56,12.17
CE-2612,9618800,770138,39.03,12.69
CE-2611,9618750,770138,33.97,11.3
CE-2614,9618700,770138,33.06,11.32
CE-2613,9618650,770138,34.89,6.98
CE-2600,9618600,770138,47.2,13.96
CE-2599,9618550,770138,67.63,8.58
CE-2602,9618500,770138,87.81,12.53
CE-2601,9618450,770138,103.85,6.4
CE-2604,9618400,770138,121.92,17.73
CE-2603,9618350,770138,143.93,12.62
CE-2606,9618300,770138,164.53,23.6
CE-2605,9618250,770138,180.95,9.22
CE-2624,9618200,770138,201.53,9.57
CE-2623,9618150,770138,194.37,21.38
CE-2626,9618100,770138,166.02,19.39
CE-2625,9618050,770138,155.24,21.52
CE-2628,9618002,770138,151.77,23.35
CE-2627,9620049,770188,263.39,24.76
CE-2630,9620000,770188,270.53,16.11
CE-2629,9619950,770188,274.17,16.1
CE-2616,9619900,770188,270.5,16.1
CE-2615,9619850,770188,274.2,12.77
CE-2618,9619800,770188,285.2,21.2
CE-2617,9619750,770188,285.69,24.45
CE-2620,9619700,770188,283.11,17.39
CE-2619,9619650,770188,270.37,19.15
CE-2622,9619600,770188,242.79,17.85
CE-2621,9619550,770188,217.24,20.2
CE-2576,9619500,770188,191.23,24.46
CE-2575,9619450,770188,179.54,19.33
CE-2578,9619400,770188,177.59,22.88
CE-2577,9619350,770188,178.73,20.63
CE-2580,9619300,770188,181.96,15.22
CE-2579,9619250,770188,182.13,13.09
CE-2582,9619200,770188,162.73,21.66
CE-2581,9619150,770188,138.52,17.29
CE-2568,9619100,770188,112.97,9.01
CE-2567,9619050,770188,89.18,8.35
CE-2570,9619000,770188,73.14,11.13
CE-2569,9618950,770188,57.4,7.14
CE-2572,9618900,770188,49.57,9.24
CE-2571,9618850,770188,46.88,9.94
CE-2574,9618800,770188,43.55,10.06
CE-2573,9618750,770188,39.75,11.52
CE-2592,9618700,770188,39.76,9.65
CE-2591,9618650,770188,37.89,12.26
CE-2594,9618600,770188,50.03,13.47
CE-2593,9618550,770188,71.36,9.18
CE-2596,9618500,770188,94.15,13.54
CE-2595,9618450,770188,115.39,9.66
CE-2598,9618400,770188,134.96,22.04
CE-2597,9618350,770188,156.6,17.48
CE-2584,9618300,770188,171.32,24.7
CE-2583,9618250,770188,181.04,23.22
CE-2586,9618200,770188,201.73,18.47
CE-2585,9618150,770188,207.01,24.79
CE-2588,9618100,770188,184.71,19.19
CE-2587,9618050,770188,165.5,21.68
CE-2590,9618002,770188,138.15,22.32
CE-2589,9620049,770238,280.7,11.95
CE-2544,9620000,770238,286.95,19.53
CE-2543,9619950,770238,297.39,24.12
CE-2546,9619900,770238,291.45,15.19
CE-2545,9619850,770238,295.95,18.97
CE-2548,9619800,770238,300.18,19.37
CE-2547,9619750,770238,302.83,17.59
CE-2550,9619700,770238,287.48,18.72
CE-2549,9619650,770238,267.59,17.65
CE-2536,9619600,770238,246.53,20.47
CE-2535,9619550,770238,223.66,16.07
CE-2538,9619500,770238,204.04,17.11
CE-2537,9619450,770238,194.95,21.59
CE-2540,9619400,770238,186.85,15.95
CE-2539,9619350,770238,192.2,19.95
CE-2542,9619300,770238,194.36,24.56
CE-2541,9619250,770238,197.87,14.19
CE-2560,9619200,770238,171.54,17.22
CE-2559,9619150,770238,146.45,21.65
CE-2562,9619100,770238,118.39,9.34
CE-2561,9619050,770238,105.41,13.71
CE-2564,9619000,770238,83.52,12.64
CE-2563,9618950,770238,66.73,11.43
CE-2566,9618900,770238,64.67,8.22
CE-2565,9618850,770238,59.63,10.66
CE-2552,9618800,770238,55.53,13.83
CE-2551,9618750,770238,51.28,10.23
CE-2554,9618700,770238,55.44,10.14
CE-2553,9618650,770238,51.72,12.39
CE-2556,9618600,770238,52.91,12.65
CE-2555,9618550,770238,65.26,12.73
CE-2558,9618500,770238,82.67,11.13
CE-2557,9618450,770238,105.8,13.37
CE-2512,9618400,770238,133.19,23.63
CE-2511,9618350,770238,149.57,18.52
CE-2514,9618300,770238,165.14,9.69
CE-2513,9618250,770238,187.85,23.74
CE-2516,9618200,770238,203.46,17.22
CE-2515,9618150,770238,199.17,17.13
CE-2518,9618100,770238,179.51,21.03
CE-2517,9618050,770238,148.43,18.05
CE-2504,9618002,770238,120.21,21.96
CE-2503,9620049,770288,297.63,20.56
CE-2506,9620000,770288,308.85,21.37
CE-2505,9619950,770288,323.55,24.29
CE-2508,9619900,770288,313.81,17.99
CE-2507,9619850,770288,321.86,20.1
CE-2510,9619800,770288,323.24,23.21
CE-2509,9619750,770288,314.2,10.56
CE-2528,9619700,770288,295.63,23.95
CE-2527,9619650,770288,279.98,20.31
CE-2530,9619600,770288,261.56,13.36
CE-2529,9619550,770288,240.97,23.83
CE-2532,9619500,770288,218.53,22.06
CE-2531,9619450,770288,202.54,23.99
CE-2534,9619400,770288,203.97,21.36
CE-2533,9619350,770288,206.97,16.2
CE-2520,9619300,770288,209.72,15.79
CE-2519,9619250,770288,206.35,14.53
CE-2522,9619200,770288,176.12,21.23
CE-2521,9619150,770288,156.24,14.76
CE-2524,9619100,770288,135.18,9.39
CE-2523,9619050,770288,129.42,17.07
CE-2526,9619000,770288,96.29,12.58
CE-2525,9618950,770288,86.95,11.14
CE-2480,9618900,770288,88.15,9.24
CE-2479,9618850,770288,80.3,10.37
CE-2482,9618800,770288,71.24,7.11
CE-2481,9618750,770288,71.37,12.76
CE-2484,9618700,770288,74.53,8.99
CE-2483,9618650,770288,66.71,10.67
CE-2486,9618600,770288,67.11,11.9
CE-2485,9618550,770288,80.42,10.48
CE-2472,9618500,770288,93.68,10.06
CE-2471,9618450,770288,113.9,9.91
CE-2474,9618400,770288,140.65,21.56
CE-2473,9618350,770288,163.66,21.43
CE-2476,9618300,770288,183.13,17.69
CE-2475,9618250,770288,199.41,18.56
CE-2478,9618200,770288,202.39,18.36
CE-2477,9618150,770288,180.59,9.33
CE-2496,9618100,770288,161.87,12.24
CE-2495,9618050,770288,137.96,17.83
CE-2498,9618002,770288,116.11,13.16
CE-2497,9620049,770338,312.5,16.7
CE-2500,9620000,770338,326.78,15.75
CE-2499,9619950,770338,341.55,19.42
CE-2502,9619900,770338,339.16,20.99
CE-2501,9619850,770338,343.75,15.93
CE-2488,9619800,770338,347.25,22.24
CE-2487,9619750,770338,332.07,17.27
CE-2490,9619700,770338,312.2,22.06
CE-2489,9619650,770338,299.01,12.34
CE-2492,9619600,770338,279.98,18.6
CE-2491,9619550,770338,253.46,12.0
CE-2494,9619500,770338,231.46,15.71
CE-2493,9619450,770338,224.64,22.08
CE-2448,9619400,770338,231.46,19.64
CE-2447,9619350,770338,233.54,12.27
CE-2450,9619300,770338,232.49,24.36
CE-2449,9619250,770338,218.39,17.57
CE-2452,9619200,770338,190.48,16.81
CE-2451,9619150,770338,167.56,24.35
CE-2454,9619100,770338,158.37,20.93
CE-2453,9619050,770338,154.02,23.83
CE-2440,9619000,770338,117.47,13.51
CE-2439,9618950,770338,114.25,7.6
CE-2442,9618900,770338,112.6,9.35
CE-2441,9618850,770338,104.77,12.36
CE-2444,9618800,770338,98.35,8.74
CE-2443,9618750,770338,99.13,5.42
CE-2446,9618700,770338,98.02,11.36
CE-2445,9618650,770338,78.97,11.69
CE-2464,9618600,770338,79.89,8.29
CE-2463,9618550,770338,97.48,12.88
CE-2466,9618500,770338,114.81,10.62
CE-2465,9618450,770338,128.32,19.34
CE-2468,9618400,770338,151.69,24.49
CE-2467,9618350,770338,172.52,23.85
CE-2470,9618300,770338,190.95,20.07
CE-2469,9618250,770338,198.03,21.58
CE-2456,9618200,770338,183.37,13.52
CE-2455,9618150,770338,171.96,22.31
CE-2458,9618100,770338,146.99,9.64
CE-2457,9618050,770338,120.13,15.4
CE-2460,9618002,770338,97.57,10.37
CE-2459,9620049,770388,317.99,15.4
CE-2462,9620000,770388,335.23,19.15
CE-2461,9619950,770388,352.48,20.06
CE-2416,9619900,770388,359.72,19.29
CE-2415,9619850,770388,365.5,15.72
CE-2418,9619800,770388,366.13,20.84
CE-2417,9619750,770388,349.66,23.03
CE-2420,9619700,770388,334.33,11.97
CE-2419,9619650,770388,317.48,16.04
CE-2422,9619600,770388,292.0,21.22
CE-2421,9619550,770388,265.92,18.93
CE-2408,9619500,770388,242.05,24.66
CE-2407,9619450,770388,244.97,24.07
CE-2410,9619400,770388,254.02,16.74
CE-2409,9619350,770388,264.38,16.75
CE-2412,9619300,770388,259.38,19.32
CE-2411,9619250,770388,233.61,18.35
CE-2414,9619200,770388,204.82,11.14
CE-2413,9619150,770388,189.43,19.62
CE-2432,9619100,770388,183.75,21.43
CE-2431,9619050,770388,175.39,17.74
CE-2434,9619000,770388,144.42,15.27
CE-2433,9618950,770388,145.66,21.7
CE-2436,9618900,770388,139.07,22.95
CE-2435,9618850,770388,130.29,15.23
CE-2438,9618800,770388,122.64,20.91
CE-2437,9618750,770388,123.57,20.46
CE-2424,9618700,770388,119.04,12.7
CE-2423,9618650,770388,100.77,10.21
CE-2426,9618600,770388,97.59,12.34
CE-2425,9618550,770388,115.89,8.11
CE-2428,9618500,770388,135.26,24.69
CE-2427,9618450,770388,153.83,23.65
CE-2430,9618400,770388,171.48,16.98
CE-2429,9618350,770388,179.85,20.32
CE-2384,9618300,770388,186.2,23.69
CE-2383,9618250,770388,176.95,16.48
CE-2386,9618200,770388,161.19,18.7
CE-2385,9618150,770388,147.08,18.86
CE-2388,9618100,770388,135.02,20.43
CE-2387,9618050,770388,101.46,9.09
CE-2390,9618002,770388,75.71,10.78
CE-2389,9620049,770438,324.18,17.34
CE-2376,9620000,770438,340.33,12.91
CE-2375,9619950,770438,357.74,21.43
CE-2378,9619900,770438,376.87,24.37
CE-2377,9619850,770438,388.76,24.21
CE-2380,9619800,770438,387.6,22.4
CE-2379,9619750,770438,369.11,24.38
CE-2382,9619700,770438,353.26,20.69
CE-2381,9619650,770438,329.17,20.27
CE-2400,9619600,770438,305.19,23.26
CE-2399,9619550,770438,283.5,21.83
CE-2402,9619500,770438,259.76,23.21
CE-2401,9619450,770438,265.51,14.01
CE-2404,9619400,770438,278.83,19.08
CE-2403,9619350,770438,288.39,16.59
CE-2406,9619300,770438,290.37,13.22
CE-2405,9619250,770438,258.55,15.85
CE-2392,9619200,770438,232.3,18.99
CE-2391,9619150,770438,206.97,16.48
CE-2394,9619100,770438,208.34,22.46
CE-2393,9619050,770438,198.3,24.69
CE-2396,9619000,770438,172.88,18.81
CE-2395,9618950,770438,175.89,15.71
CE-2398,9618900,770438,165.43,24.15
CE-2397,9618850,770438,151.61,19.93
CE-2352,9618800,770438,147.5,24.04
CE-2351,9618750,770438,145.15,15.39
CE-2354,9618700,770438,148.0,13.3
CE-2353,9618650,770438,123.64,16.57
CE-2356,9618600,770438,117.77,11.23
CE-2355,9618550,770438,137.68,20.82
CE-2358,9618500,770438,155.99,13.46
CE-2357,9618450,770438,175.29,24.59
CE-2344,9618400,770438,194.66,16.43
CE-2343,9618350,770438,178.36,10.0
CE-2346,9618300,770438,172.89,21.93
CE-2345,9618250,770438,153.34,13.65
CE-2348,9618200,770438,140.23,14.07
CE-2347,9618150,770438,121.23,16.4
CE-2350,9618100,770438,105.07,9.14
CE-2349,9618050,770438,87.96,10.72
CE-2368,9618002,770438,64.44,9.02
CE-2367,9620049,770488,333.21,18.84
CE-2370,9620000,770488,353.49,17.13
CE-2369,9619950,770488,374.63,23.72
CE-2372,9619900,770488,389.71,18.54
CE-2371,9619850,770488,403.04,20.4
CE-2374,9619800,770488,396.96,17.51
CE-2373,9619750,770488,375.22,22.99
CE-2360,9619700,770488,354.14,18.93
CE-2359,9619650,770488,338.88,22.31
CE-2362,9619600,770488,323.5,23.51
CE-2361,9619550,770488,299.73,23.39
CE-2364,9619500,770488,278.71,23.4
CE-2363,9619450,770488,284.87,20.52
CE-2366,9619400,770488,302.69,20.52
CE-2365,9619350,770488,303.08,11.63
CE-2320,9619300,770488,318.04,15.61
CE-2319,9619250,770488,289.5,9.74
CE-2322,9619200,770488,251.71,17.27
CE-2321,9619150,770488,228.87,13.69
CE-2324,9619100,770488,229.11,11.74
CE-2323,9619050,770488,222.56,13.62
CE-2326,9619000,770488,197.35,21.24
CE-2325,9618950,770488,201.56,20.32
CE-2312,9618900,770488,191.34,12.59
CE-2311,9618850,770488,173.59,10.07
CE-2314,9618800,770488,175.62,21.8
CE-2313,9618750,770488,169.92,15.12
CE-2316,9618700,770488,163.0,20.16
CE-2315,9618650,770488,136.43,15.16
CE-2318,9618600,770488,134.91,21.92
CE-2317,9618550,770488,157.01,20.93
CE-2336,9618500,770488,178.59,23.32
CE-2335,9618450,770488,195.14,14.08
CE-2338,9618400,770488,194.22,12.72
CE-2337,9618350,770488,166.05,22.86
CE-2340,9618300,770488,148.36,24.77
CE-2339,9618250,770488,124.93,20.0
CE-2342,9618200,770488,114.74,9.74
CE-2341,9618150,770488,105.5,6.16
CE-2328,9618100,770488,78.7,11.29
CE-2327,9618050,770488,72.77,13.91
CE-2330,9618002,770488,55.84,10.55
CE-2329,9620049,770538,356.22,16.24
CE-2332,9620000,770538,372.01,18.57
CE-2331,9619950,770538,388.82,19.3
CE-2334,9619900,770538,401.88,20.96
CE-2333,9619850,770538,399.52,18.09
CE-2288,9619800,770538,393.05,21.98
CE-2287,9619750,770538,374.46,16.88
CE-2290,9619700,770538,366.67,21.1
CE-2289,9619650,770538,361.9,11.54
CE-2292,9619600,770538,330.91,9.7
CE-2291,9619550,770538,302.91,20.41
CE-2294,9619500,770538,297.17,22.43
CE-2293,9619450,770538,306.27,18.97
CE-2280,9619400,770538,317.89,10.78
CE-2279,9619350,770538,323.01,19.58
CE-2282,9619300,770538,333.41,22.74
CE-2281,9619250,770538,310.64,14.71
CE-2284,9619200,770538,270.67,20.49
CE-2283,9619150,770538,255.13,13.75
CE-2286,9619100,770538,248.98,16.07
CE-2285,9619050,770538,236.32,16.76
CE-2304,9619000,770538,218.36,19.91
CE-2303,9618950,770538,224.66,23.84
CE-2306,9618900,770538,214.09,23.66
CE-2305,9618850,770538,201.1,22.03
CE-2308,9618800,770538,194.39,22.59
CE-2307,9618750,770538,187.16,9.03
CE-2310,9618700,770538,177.82,19.84
CE-2309,9618650,770538,161.96,22.55
CE-2296,9618600,770538,155.31,18.38
CE-2295,9618550,770538,175.28,24.6
CE-2298,9618500,770538,198.16,22.19
CE-2297,9618450,770538,206.34,19.74
CE-2300,9618400,770538,184.28,21.7
CE-2299,9618350,770538,153.21,23.08
CE-2302,9618300,770538,120.95,24.58
CE-2301,9618250,770538,101.17,13.23
CE-2256,9618200,770538,87.98,9.28
CE-2255,9618150,770538,87.09,8.85
CE-2258,9618100,770538,68.85,9.87
CE-2257,9618050,770538,62.73,10.37
CE-2260,9618002,770538,51.87,13.58
CE-2259,9620049,770588,380.64,20.38
CE-2262,9620000,770588,388.83,24.34
CE-2261,9619950,770588,400.57,18.9
CE-2248,9619900,770588,408.55,17.58
CE-2247,9619850,770588,405.73,19.71
CE-2250,9619800,770588,402.02,21.42
CE-2249,9619750,770588,391.25,10.27
CE-2252,9619700,770588,382.43,19.34
CE-2251,9619650,770588,369.59,15.37
CE-2254,9619600,770588,335.65,20.77
CE-2253,9619550,770588,314.01,9.68
CE-2272,9619500,770588,318.85,23.02
CE-2271,9619450,770588,330.28,19.24
CE-2274,9619400,770588,330.52,18.33
CE-2273,9619350,770588,340.19,18.29
CE-2276,9619300,770588,346.67,18.5
CE-2275,9619250,770588,328.07,13.46
CE-2278,9619200,770588,299.28,17.28
CE-2277,9619150,770588,279.73,11.94
CE-2264,9619100,770588,261.46,24.44
CE-2263,9619050,770588,247.57,23.7
CE-2266,9619000,770588,240.5,21.77
CE-2265,9618950,770588,239.91,15.76
CE-2268,9618900,770588,232.43,24.08
CE-2267,9618850,770588,228.36,20.64
CE-2270,9618800,770588,217.44,15.26
CE-2269,9618750,770588,209.36,12.14
CE-2224,9618700,770588,205.36,23.4
CE-2223,9618650,770588,191.71,22.01
CE-2226,9618600,770588,180.93,23.95
CE-2225,9618550,770588,192.66,23.1
CE-2228,9618500,770588,195.91,13.7
CE-2227,9618450,770588,189.95,19.39
CE-2230,9618400,770588,165.33,23.48
CE-2229,9618350,770588,138.79,19.93
CE-2216,9618300,770588,115.7,12.52
CE-2215,9618250,770588,86.88,7.33
CE-2218,9618200,770588,71.56,10.54
CE-2217,9618150,770588,67.64,11.06
CE-2220,9618100,770588,58.5,13.88
CE-2219,9618050,770588,48.35,8.18
CE-2222,9618002,770588,45.94,12.59
CE-2221,9620049,770638,384.72,17.27
CE-2240,9620000,770638,391.14,19.29
CE-2239,9619950,770638,388.18,20.13
CE-2242,9619900,770638,407.41,24.13
CE-2241,9619850,770638,413.72,15.61
CE-2244,9619800,770638,412.66,21.49
CE-2243,9619750,770638,401.65,21.53
CE-2246,9619700,770638,377.22,16.66
CE-2245,9619650,770638,360.41,19.33
CE-2232,9619600,770638,344.43,15.82
CE-2231,9619550,770638,330.04,11.13
CE-2234,9619500,770638,335.96,21.44
CE-2233,9619450,770638,350.95,12.76
CE-2236,9619400,770638,347.86,18.44
CE-2235,9619350,770638,353.31,20.16
CE-2238,9619300,770638,356.1,19.44
CE-2237,9619250,770638,339.59,10.23
CE-2192,9619200,770638,312.51,10.81
CE-2191,9619150,770638,287.5,12.84
CE-2194,9619100,770638,274.71,20.1
CE-2193,9619050,770638,266.79,21.39
CE-2196,9619000,770638,257.82,15.23
CE-2195,9618950,770638,258.11,18.07
CE-2198,9618900,770638,251.04,18.12
CE-2197,9618850,770638,252.94,18.68
CE-2184,9618800,770638,244.05,19.59
CE-2183,9618750,770638,233.47,17.92
CE-2186,9618700,770638,228.63,17.17
CE-2185,9618650,770638,211.63,9.32
CE-2188,9618600,770638,197.64,19.88
CE-2187,9618550,770638,198.79,13.01
CE-2190,9618500,770638,196.71,21.5
CE-2189,9618450,770638,187.65,23.09
CE-2208,9618400,770638,170.46,15.25
CE-2207,9618350,770638,140.41,22.77
CE-2210,9618300,770638,115.18,11.09
CE-2209,9618250,770638,84.47,11.52
CE-2212,9618200,770638,70.51,7.62
CE-2211,9618150,770638,66.48,10.31
CE-2214,9618100,770638,59.14,11.18
CE-2213,9618050,770638,44.72,13.02
CE-2200,9618002,770638,38.84,8.56
CE-2199,9620049,770688,373.68,21.32
CE-2202,9620000,770688,374.31,23.31
CE-2201,9619950,770688,391.6,24.19
CE-2204,9619900,770688,415.48,18.02
CE-2203,9619850,770688,426.46,18.9
CE-2206,9619800,770688,432.14,10.19
CE-2205,9619750,770688,424.65,19.11
CE-3183,9619700,770688,396.25,23.39
CE-3182,9619650,770688,374.43,18.77
CE-3185,9619600,770688,356.57,20.75
CE-3184,9619550,770688,351.85,20.01
CE-3187,9619500,770688,351.8,15.83
CE-3186,9619450,770688,367.32,23.47
CE-3189,9619400,770688,367.2,23.77
CE-3188,9619350,770688,359.55,14.92
CE-3175,9619300,770688,361.83,20.31
CE-3174,9619250,770688,341.0,18.3
CE-3177,9619200,770688,314.56,21.77
CE-3176,9619150,770688,296.37,23.47
CE-3179,9619100,770688,290.87,17.16
CE-3178,9619050,770688,285.18,23.0
CE-3181,9619000,770688,283.26,22.64
CE-3180,9618950,770688,276.8,20.4
CE-3199,9618900,770688,273.4,24.25
CE-3198,9618850,770688,277.11,15.75
CE-3201,9618800,770688,264.27,17.46
CE-3200,9618750,770688,252.12,9.35
CE-3203,9618700,770688,232.18,20.95
CE-3202,9618650,770688,222.08,24.86
CE-3205,9618600,770688,214.92,10.09
CE-3204,9618550,770688,211.12,24.81
CE-3191,9618500,770688,211.0,20.16
CE-3190,9618450,770688,207.43,23.5
CE-3193,9618400,770688,182.56,17.66
CE-3192,9618350,770688,150.21,15.86
CE-3195,9618300,770688,128.19,11.71
CE-3194,9618250,770688,101.76,9.24
CE-3197,9618200,770688,90.42,13.22
CE-3196,9618150,770688,80.82,13.55
CE-3151,9618100,770688,62.52,10.37
CE-3150,9618050,770688,45.88,5.76
CE-3153,9618002,770688,34.98,12.31
CE-3152,9620049,770738,374.3,24.82
CE-3155,9620000,770738,384.68,16.41
CE-3154,9619950,770738,398.38,22.04
CE-3157,9619900,770738,416.51,23.97
CE-3156,9619850,770738,438.63,23.55
CE-3143,9619800,770738,449.44,16.43
CE-3142,9619750,770738,449.34,23.93
CE-3145,9619700,770738,427.95,18.53
CE-3144,9619650,770738,406.7,18.76
CE-3147,9619600,770738,378.42,21.81
CE-3146,9619550,770738,380.28,18.75
CE-3149,9619500,770738,378.66,18.95
CE-3148,9619450,770738,386.9,15.68
CE-3167,9619400,770738,379.88,17.33
CE-3166,9619350,770738,368.89,20.9
CE-3169,9619300,770738,380.19,20.93
CE-3168,9619250,770738,358.89,15.99
CE-3171,9619200,770738,335.04,15.77
CE-3170,9619150,770738,316.16,22.39
CE-3173,9619100,770738,303.86,24.37
CE-3172,9619050,770738,300.7,24.6
CE-3159,9619000,770738,308.27,19.95
CE-3158,9618950,770738,298.9,17.53
CE-3161,9618900,770738,301.17,15.82
CE-3160,9618850,770738,306.32,16.22
CE-3163,9618800,770738,289.1,16.73
CE-3162,9618750,770738,264.06,24.89
CE-3165,9618700,770738,253.98,24.66
CE-3164,9618650,770738,250.84,22.75
CE-3119,9618600,770738,250.8,13.83
CE-3118,9618550,770738,236.06,18.99
CE-3121,9618500,770738,235.36,16.14
CE-3120,9618450,770738,229.83,23.63
CE-3123,9618400,770738,197.13,15.59
CE-3122,9618350,770738,173.79,23.42
CE-3125,9618300,770738,148.07,24.6
CE-3124,9618250,770738,118.74,8.5
CE-3111,9618200,770738,100.3,13.85
CE-3110,9618150,770738,84.98,7.92
CE-3113,9618100,770738,67.37,11.42
CE-3112,9618050,770738,47.4,13.76
CE-3115,9618002,770738,37.2,9.66
CE-3114,9620049,770788,379.95,14.96
CE-3117,9620000,770788,395.86,21.34
CE-3116,9619950,770788,408.81,20.96
CE-3135,9619900,770788,418.27,23.47
CE-3134,9619850,770788,440.74,17.65
CE-3137,9619800,770788,464.58,20.43
CE-3136,9619750,770788,464.98,16.25
CE-3139,9619700,770788,450.1,24.4
CE-3138,9619650,770788,424.01,11.15
CE-3141,9619600,770788,398.93,22.1
CE-3140,9619550,770788,405.74,12.63
CE-3127,9619500,770788,407.3,21.6
CE-3126,9619450,770788,405.46,10.6
CE-3129,9619400,770788,394.98,21.39
CE-3128,9619350,770788,391.22,21.35
CE-3131,9619300,770788,397.83,15.91
CE-3130,9619250,770788,374.17,10.23
CE-3133,9619200,770788,345.28,19.46
CE-3132,9619150,770788,328.97,23.98
CE-3087,9619100,770788,323.28,16.5
CE-3086,9619050,770788,321.12,16.66
CE-3089,9619000,770788,328.23,15.88
CE-3088,9618950,770788,320.19,16.78
CE-3091,9618900,770788,323.45,19.37
CE-3090,9618850,770788,322.19,18.11
CE-3093,9618800,770788,301.76,15.34
CE-3092,9618750,770788,288.14,16.69
CE-3079,9618700,770788,286.3,12.23
CE-3078,9618650,770788,280.11,14.03
CE-3081,9618600,770788,275.24,18.89
CE-3080,9618550,770788,254.77,15.69
CE-3083,9618500,770788,239.88,24.83
CE-3082,9618450,770788,223.68,21.4
CE-3085,9618400,770788,201.17,21.86
CE-3084,9618350,770788,173.8,15.97
CE-3103,9618300,770788,138.09,14.98
CE-3102,9618250,770788,111.87,10.52
CE-3105,9618200,770788,91.11,9.71
CE-3104,9618150,770788,75.9,10.38
CE-3107,9618100,770788,60.01,13.48
CE-3106,9618050,770788,45.52,13.33
CE-3109,9618002,770788,36.73,11.46
CE-3108,9620049,770838,382.49,18.29
CE-3095,9620000,770838,387.25,10.89
CE-3094,9619950,770838,394.78,19.22
CE-3097,9619900,770838,413.81,17.18
CE-3096,9619850,770838,438.61,19.38
CE-3099,9619800,770838,453.92,24.08
CE-3098,9619750,770838,456.94,23.32
CE-3101,9619700,770838,436.89,11.72
CE-3100,9619650,770838,417.91,23.36
CE-3055,9619600,770838,414.47,21.02
CE-3054,9619550,770838,430.08,24.69
CE-3057,9619500,770838,432.22,23.07
CE-3056,9619450,770838,420.87,17.13
CE-3059,9619400,770838,412.42,22.68
CE-3058,9619350,770838,408.62,21.47
CE-3061,9619300,770838,409.81,10.73
CE-3060,9619250,770838,382.35,21.66
CE-3047,9619200,770838,369.36,24.02
CE-3046,9619150,770838,353.24,21.35
CE-3049,9619100,770838,345.46,18.43
CE-3048,9619050,770838,345.99,19.4
CE-3051,9619000,770838,350.68,14.01
CE-3050,9618950,770838,339.67,20.57
CE-3053,9618900,770838,329.47,15.49
CE-3052,9618850,770838,317.49,16.43
CE-3071,9618800,770838,311.77,19.7
CE-3070,9618750,770838,309.51,17.05
CE-3073,9618700,770838,308.18,18.3
CE-3072,9618650,770838,300.31,13.94
CE-3075,9618600,770838,288.48,13.57
CE-3074,9618550,770838,257.32,22.03
CE-3077,9618500,770838,231.79,21.03
CE-3076,9618450,770838,209.75,24.22
CE-3063,9618400,770838,188.01,21.05
CE-3062,9618350,770838,161.51,12.37
CE-3065,9618300,770838,140.88,17.95
CE-3064,9618250,770838,120.24,24.9
CE-3067,9618200,770838,102.76,11.1
CE-3066,9618150,770838,80.21,11.19
CE-3069,9618100,770838,71.71,9.23
CE-3068,9618050,770838,61.53,10.04
CE-3023,9618002,770838,50.03,10.78
CE-3022,9620049,770888,380.06,23.95
CE-3025,9620000,770888,380.26,12.97
CE-3024,9619950,770888,393.23,22.51
CE-3027,9619900,770888,410.59,23.86
CE-3026,9619850,770888,423.05,22.7
CE-3029,9619800,770888,425.66,23.74
CE-3028,9619750,770888,438.93,19.52
CE-3015,9619700,770888,441.83,21.01
CE-3014,9619650,770888,426.94,14.6
CE-3017,9619600,770888,421.89,12.86
CE-3016,9619550,770888,440.94,10.26
CE-3019,9619500,770888,430.95,18.51
CE-3018,9619450,770888,421.18,17.51
CE-3021,9619400,770888,419.09,24.99
CE-3020,9619350,770888,419.53,17.84
CE-3039,9619300,770888,421.56,15.96
CE-3038,9619250,770888,409.24,15.42
CE-3041,9619200,770888,396.94,16.93
CE-3040,9619150,770888,381.78,21.79
CE-3043,9619100,770888,374.51,15.8
CE-3042,9619050,770888,368.73,20.67
CE-3045,9619000,770888,365.68,15.22
CE-3044,9618950,770888,342.94,20.01
CE-3031,9618900,770888,340.6,16.13
CE-3030,9618850,770888,338.27,21.45
CE-3033,9618800,770888,336.41,20.35
CE-3032,9618750,770888,331.29,16.05
CE-3035,9618700,770888,323.73,20.5
CE-3034,9618650,770888,309.39,20.82
CE-3037,9618600,770888,287.11,24.16
CE-3036,9618550,770888,250.67,24.71
CE-2991,9618500,770888,226.94,10.26
CE-2990,9618450,770888,209.71,16.83
CE-2993,9618400,770888,190.95,17.24
CE-2992,9618350,770888,171.51,9.19
CE-2995,9618300,770888,158.26,18.3
CE-2994,9618250,770888,136.48,18.33
CE-2997,9618200,770888,117.22,9.01
CE-2996,9618150,770888,94.55,10.57
CE-2983,9618100,770888,91.11,13.54
CE-2982,9618050,770888,81.71,8.51
CE-2985,9618002,770888,71.78,9.72
CE-2984,9620049,770938,390.33,16.35
CE-2987,9620000,770938,389.72,20.32
CE-2986,9619950,770938,384.29,18.46
CE-2989,9619900,770938,397.53,24.78
CE-2988,9619850,770938,407.88,21.44
CE-3007,9619800,770938,413.85,17.79
CE-3006,9619750,770938,425.04,11.69
CE-3009,9619700,770938,429.87,16.2
CE-3008,9619650,770938,439.04,21.54
CE-3011,9619600,770938,428.58,24.14
CE-3010,9619550,770938,443.93,18.69
CE-3013,9619500,770938,438.61,16.94
CE-3012,9619450,770938,424.35,22.61
CE-2999,9619400,770938,427.36,16.82
CE-2998,9619350,770938,438.46,18.33
CE-3001,9619300,770938,441.93,9.36
CE-3000,9619250,770938,427.58,19.14
CE-3003,9619200,770938,422.46,9.46
CE-3002,9619150,770938,406.95,16.63
CE-3005,9619100,770938,397.83,20.59
CE-3004,9619050,770938,388.52,16.97
CE-2959,9619000,770938,373.59,23.57
CE-2958,9618950,770938,359.65,20.78
CE-2961,9618900,770938,358.4,21.45
CE-2960,9618850,770938,351.38,15.92
CE-2963,9618800,770938,341.7,17.97
CE-2962,9618750,770938,323.53,22.08
CE-2965,9618700,770938,308.37,15.16
CE-2964,9618650,770938,291.59,18.01
CE-2951,9618600,770938,272.59,17.65
CE-2950,9618550,770938,248.53,20.42
CE-2953,9618500,770938,231.03,24.95
CE-2952,9618450,770938,215.29,22.77
CE-2955,9618400,770938,197.68,17.81
CE-2954,9618350,770938,183.23,16.47
CE-2957,9618300,770938,175.8,18.06
CE-2956,9618250,770938,157.05,20.16
CE-2975,9618200,770938,133.96,17.33
CE-2974,9618150,770938,113.23,12.03
CE-2977,9618100,770938,106.22,13.68
CE-2976,9618050,770938,94.44,12.48
CE-2979,9618002,770938,80.47,8.3
CE-2978,9620049,770988,407.98,20.31
CE-2981,9620000,770988,411.08,23.05
CE-2980,9619950,770988,398.39,18.71
CE-2967,9619900,770988,397.47,19.17
CE-2966,9619850,770988,403.7,17.36
CE-2969,9619800,770988,406.76,21.98
CE-2968,9619750,770988,411.44,11.79
CE-2971,9619700,770988,429.76,17.77
CE-2970,9619650,770988,451.32,21.08
CE-2973,9619600,770988,448.67,11.05
CE-2972,9619550,770988,448.77,24.01
CE-2927,9619500,770988,448.25,17.4
CE-2926,9619450,770988,435.08,22.3
CE-2929,9619400,770988,441.71,10.41
CE-2928,9619350,770988,455.75,15.65
CE-2931,9619300,770988,460.72,22.86
CE-2930,9619250,770988,449.5,9.46
CE-2933,9619200,770988,444.11,17.72
CE-2932,9619150,770988,420.16,21.67
CE-2919,9619100,770988,399.08,14.12
CE-2918,9619050,770988,387.51,18.69
CE-2921,9619000,770988,375.82,14.74
CE-2920,9618950,770988,365.61,23.41
CE-2923,9618900,770988,351.39,22.65
CE-2922,9618850,770988,327.75,23.18
CE-2925,9618800,770988,320.69,15.61
CE-2924,9618750,770988,293.48,16.45
CE-2943,9618700,770988,271.89,10.65
CE-2942,9618650,770988,257.2,20.48
CE-2945,9618600,770988,245.68,15.86
CE-2944,9618550,770988,231.16,21.05
CE-2947,9618500,770988,215.37,16.14
CE-2946,9618450,770988,206.8,17.49
CE-2949,9618400,770988,199.36,15.33
CE-2948,9618350,770988,192.79,20.5
CE-2935,9618300,770988,185.1,15.78
CE-2934,9618250,770988,169.11,15.73
CE-2937,9618200,770988,147.96,22.12
CE-2936,9618150,770988,128.13,22.97
CE-2939,9618100,770988,113.95,13.62
CE-2938,9618050,770988,94.33,10.37
CE-2941,9618002,770988,69.99,10.87
CE-2940,9620049,771038,405.21,22.5
CE-2895,9620000,771038,419.3,15.13
CE-2894,9619950,771038,418.52,15.77
CE-2897,9619900,771038,416.56,21.02
CE-2896,9619850,771038,419.25,9.42
CE-2899,9619800,771038,422.57,16.03
CE-2898,9619750,771038,421.59,20.78
CE-2901,9619700,771038,428.66,22.72
CE-2900,9619650,771038,450.94,24.37
CE-2887,9619600,771038,465.41,19.4
CE-2886,9619550,771038,460.44,14.49
CE-2889,9619500,771038,464.68,24.69
CE-2888,9619450,771038,458.68,22.33
CE-2891,9619400,771038,462.57,22.59
CE-2890,9619350,771038,472.4,23.09
CE-2893,9619300,771038,464.44,12.41
CE-2892,9619250,771038,451.12,23.34
CE-2911,9619200,771038,440.09,17.79
CE-2910,9619150,771038,415.69,22.16
CE-2913,9619100,771038,391.88,17.98
CE-2912,9619050,771038,374.52,24.92
CE-2915,9619000,771038,356.3,20.68
CE-2914,9618950,771038,339.24,17.36
CE-2917,9618900,771038,325.84,18.77
CE-2916,9618850,771038,296.6,20.78
CE-2903,9618800,771038,282.76,16.59
CE-2902,9618750,771038,251.48,16.8
CE-2905,9618700,771038,240.9,12.58
CE-2904,9618650,771038,229.65,18.67
CE-2907,9618600,771038,223.39,16.26
CE-2906,9618550,771038,215.47,19.42
CE-2909,9618500,771038,195.65,11.55
CE-2908,9618450,771038,189.03,14.11
CE-2863,9618400,771038,194.62,18.5
CE-2862,9618350,771038,183.07,19.12
CE-2865,9618300,771038,171.32,21.57
CE-2864,9618250,771038,155.42,13.5
CE-2867,9618200,771038,138.28,16.16
CE-2866,9618150,771038,121.1,21.08
CE-2869,9618100,771038,110.02,10.88
CE-2868,9618050,771038,89.85,12.15
CE-2855,9618002,771038,65.67,11.88
CE-2854,9620049,771088,392.21,24.09
CE-2857,9620000,771088,397.04,22.85
CE-2856,9619950,771088,404.69,21.53
CE-2859,9619900,771088,408.64,17.34
CE-2858,9619850,771088,413.33,23.85
CE-2861,9619800,771088,420.67,22.94
CE-2860,9619750,771088,433.98,16.6
CE-2879,9619700,771088,447.69,24.8
CE-2878,9619650,771088,453.36,20.62
CE-2881,9619600,771088,477.86,16.06
CE-2880,9619550,771088,481.54,24.17
CE-2883,9619500,771088,488.77,15.61
CE-2882,9619450,771088,482.88,15.22
CE-2885,9619400,771088,472.36,13.53
CE-2884,9619350,771088,457.27,18.38
CE-2871,9619300,771088,443.36,24.19
CE-2870,9619250,771088,434.39,24.82
CE-2873,9619200,771088,425.34,21.11
CE-2872,9619150,771088,407.52,18.22
CE-2875,9619100,771088,381.84,23.49
CE-2874,9619050,771088,361.71,18.4
CE-2877,9619000,771088,331.91,18.55
CE-2876,9618950,771088,297.34,23.93
CE-2831,9618900,771088,282.32,22.9
CE-2830,9618850,771088,257.61,15.01
CE-2833,9618800,771088,248.72,15.64
CE-2832,9618750,771088,228.08,23.81
CE-2835,9618700,771088,209.32,15.69
CE-2834,9618650,771088,208.39,13.81
CE-2837,9618600,771088,205.0,22.88
CE-2836,9618550,771088,198.97,13.72
CE-2823,9618500,771088,177.3,10.1
CE-2822,9618450,771088,168.42,21.5
CE-2825,9618400,771088,171.54,15.58
CE-2824,9618350,771088,156.36,20.64
CE-2827,9618300,771088,140.51,24.56
CE-2826,9618250,771088,133.22,22.21
CE-2829,9618200,771088,121.11,13.25
CE-2828,9618150,771088,100.62,12.96
CE-2847,9618100,771088,92.66,13.74
CE-2846,9618050,771088,78.08,9.99
CE-2849,9618002,771088,54.61,9.83
CE-2848,9620049,771138,386.57,17.88
CE-2851,9620000,771138,387.32,9.7
CE-2850,9619950,771138,390.01,17.69
CE-2853,9619900,771138,393.27,21.31
CE-2852,9619850,771138,399.64,22.76
CE-2839,9619800,771138,404.33,18.25
CE-2838,9619750,771138,423.5,15.08
CE-2841,9619700,771138,459.06,19.81
CE-2840,9619650,771138,470.14,16.6
CE-2843,9619600,771138,485.84,21.95
CE-2842,9619550,771138,504.73,19.92
CE-2845,9619500,771138,490.35,15.97
CE-2844,9619450,771138,467.58,17.58
CE-2799,9619400,771138,445.48,23.91
CE-2798,9619350,771138,427.62,17.2
CE-2801,9619300,771138,422.6,18.42
CE-2800,9619250,771138,419.55,21.82
CE-2803,9619200,771138,410.69,16.3
CE-2802,9619150,771138,394.52,17.26
CE-2805,9619100,771138,370.93,23.56
CE-2804,9619050,771138,343.44,23.23
CE-2791,9619000,771138,306.73,22.99
CE-2790,9618950,771138,272.96,16.32
CE-2793,9618900,771138,243.67,22.82
CE-2792,9618850,771138,223.8,22.63
CE-2795,9618800,771138,218.2,22.59
CE-2794,9618750,771138,209.32,21.9
CE-2797,9618700,771138,187.01,16.74
CE-2796,9618650,771138,179.34,21.14
CE-2815,9618600,771138,177.55,23.82
CE-2814,9618550,771138,180.61,20.06
CE-2817,9618500,771138,159.61,20.82
CE-2816,9618450,771138,147.39,16.97
CE-2819,9618400,771138,138.7,24.84
CE-2818,9618350,771138,126.79,24.67
CE-2821,9618300,771138,111.85,13.5
CE-2820,9618250,771138,106.0,13.68
CE-2807,9618200,771138,95.88,12.06
CE-2806,9618150,771138,86.86,12.97
CE-2809,9618100,771138,79.13,10.25
CE-2808,9618050,771138,72.47,7.45
CE-2811,9618002,771138,69.19,13.61
CE-2810,9620049,771188,397.83,24.13
CE-2813,9620000,771188,396.04,10.57
CE-2812,9619950,771188,391.69,13.81
CE-2767,9619900,771188,392.55,19.44
CE-2766,9619850,771188,398.34,22.2
CE-2769,9619800,771188,406.98,15.05
CE-2768,9619750,771188,418.93,21.08
CE-2771,9619700,771188,440.7,18.38
CE-2770,9619650,771188,464.64,17.05
CE-2773,9619600,771188,489.59,9.16
CE-2772,9619550,771188,486.9,14.62
CE-2759,9619500,771188,466.12,17.21
CE-2758,9619450,771188,441.66,18.27
CE-2761,9619400,771188,424.11,14.58
CE-2760,9619350,771188,412.18,23.78
CE-2763,9619300,771188,407.96,18.96
CE-2762,9619250,771188,408.26,21.99
CE-2765,9619200,771188,395.74,22.34
CE-2764,9619150,771188,384.16,20.18
CE-2783,9619100,771188,357.67,20.32
CE-2782,9619050,771188,318.44,17.42
CE-2785,9619000,771188,279.58,20.37
CE-2784,9618950,771188,247.91,23.99
CE-2787,9618900,771188,226.79,19.29
CE-2786,9618850,771188,211.89,15.28
CE-2789,9618800,771188,190.39,15.37
CE-2788,9618750,771188,183.44,14.77
CE-2775,9618700,771188,172.43,16.97
CE-2774,9618650,771188,160.81,23.06
CE-2777,9618600,771188,155.55,19.15
CE-2776,9618550,771188,155.75,19.94
CE-2779,9618500,771188,140.38,19.04
CE-2778,9618450,771188,129.84,17.88
CE-2781,9618400,771188,116.96,13.79
CE-2780,9618350,771188,108.08,11.52
CE-2735,9618300,771188,95.73,12.83
CE-2734,9618250,771188,91.61,8.07
CE-2737,9618200,771188,92.29,10.68
CE-2736,9618150,771188,93.93,11.65
CE-2739,9618100,771188,91.86,11.54
CE-2738,9618050,771188,91.31,8.12
CE-2741,9618002,771188,94.24,11.84
CE-2740,9620049,771238,386.2,16.31
CE-2727,9620000,771238,383.64,15.35
CE-2726,9619950,771238,373.58,16.39
CE-2729,9619900,771238,368.68,21.86
CE-2728,9619850,771238,386.21,11.98
CE-2731,9619800,771238,397.59,21.64
CE-2730,9619750,771238,408.73,22.98
CE-2733,9619700,771238,440.18,18.6
CE-2732,9619650,771238,465.51,17.21
CE-2751,9619600,771238,479.6,12.84
CE-2750,9619550,771238,460.48,23.42
CE-2753,9619500,771238,441.34,16.89
CE-2752,9619450,771238,423.18,24.66
CE-2755,9619400,771238,403.9,16.08
CE-2754,9619350,771238,390.82,23.4
CE-2757,9619300,771238,388.26,16.7
CE-2756,9619250,771238,390.72,19.75
CE-2743,9619200,771238,377.67,24.27
CE-2742,9619150,771238,368.18,22.08
CE-2745,9619100,771238,336.77,19.18
CE-2744,9619050,771238,295.69,12.08
CE-2747,9619000,771238,258.46,15.06
CE-2746,9618950,771238,236.8,17.8
CE-2749,9618900,771238,214.38,17.47
CE-2748,9618850,771238,197.87,20.79
CE-2703,9618800,771238,178.82,19.71
CE-2702,9618750,771238,167.63,12.02
CE-2705,9618700,771238,159.77,18.49
CE-2704,9618650,771238,149.94,13.26
CE-2707,9618600,771238,144.13,24.04
CE-2706,9618550,771238,134.04,21.0
CE-2709,9618500,771238,128.96,17.47
CE-2708,9618450,771238,125.09,20.02
CE-2695,9618400,771238,122.55,24.21
CE-2694,9618350,771238,117.55,10.98
CE-2697,9618300,771238,103.42,9.9
CE-2696,9618250,771238,111.03,10.13
CE-2699,9618200,771238,112.63,10.74
CE-2698,9618150,771238,115.47,13.02
CE-2701,9618100,771238,111.87,10.87
CE-2700,9618050,771238,117.1,13.49
CE-2719,9618002,771238,123.59,20.36
CE-2718,9620049,771288,364.01,14.21
CE-2721,9620000,771288,355.53,22.18
CE-2720,9619950,771288,350.12,20.43
CE-2723,9619900,771288,351.33,17.21
CE-2722,9619850,771288,365.83,22.42
CE-2725,9619800,771288,372.15,17.42
CE-2724,9619750,771288,388.27,21.62
CE-2711,9619700,771288,424.18,18.07
CE-2710,9619650,771288,444.3,22.97
CE-2713,9619600,771288,459.38,24.55
CE-2712,9619550,771288,438.87,24.89
CE-2715,9619500,771288,415.93,18.84
CE-2714,9619450,771288,397.23,21.13
CE-2717,9619400,771288,383.5,23.32
CE-2716,9619350,771288,370.06,17.92
CE-1648,9619300,771288,370.01,24.33
CE-1647,9619250,771288,364.94,15.61
CE-1650,9619200,771288,350.16,21.86
CE-1649,9619150,771288,334.4,12.39
CE-1652,9619100,771288,308.46,22.66
CE-1651,9619050,771288,277.84,14.53
CE-1654,9619000,771288,248.66,21.7
CE-1653,9618950,771288,223.81,24.01
CE-1640,9618900,771288,202.63,16.57
CE-1639,9618850,771288,184.36,15.51
CE-1642,9618800,771288,167.13,23.5
CE-1641,9618750,771288,154.83,24.93
CE-1644,9618700,771288,148.33,17.92
CE-1643,9618650,771288,141.16,22.22
CE-1646,9618600,771288,139.35,18.2
CE-1645,9618550,771288,144.5,20.06
CE-1664,9618500,771288,141.72,10.53
CE-1663,9618450,771288,141.72,20.78
CE-1666,9618400,771288,139.11,22.39
CE-1665,9618350,771288,128.17,17.28
CE-1668,9618300,771288,114.25,8.7
CE-1667,9618250,771288,130.42,20.99
CE-1670,9618200,771288,136.42,13.92
CE-1669,9618150,771288,132.11,23.57
CE-1656,9618100,771288,122.83,11.55
CE-1655,9618050,771288,132.08,9.17
CE-1658,9618002,771288,135.15,18.21
CE-1657,9620049,771338,349.44,15.69
CE-1660,9620000,771338,338.69,20.85
CE-1659,9619950,771338,339.12,20.96
CE-1662,9619900,771338,342.29,20.74
CE-1661,9619850,771338,349.03,10.91
CE-1616,9619800,771338,358.9,21.11
CE-1615,9619750,771338,377.07,21.8
CE-1618,9619700,771338,396.83,19.46
CE-1617,9619650,771338,429.04,23.9
CE-1620,9619600,771338,454.01,19.58
CE-1619,9619550,771338,439.59,23.25
CE-1622,9619500,771338,411.21,24.46
CE-1621,9619450,771338,386.19,23.44
CE-1608,9619400,771338,363.66,19.17
CE-1607,9619350,771338,347.45,24.93
CE-1610,9619300,771338,334.76,22.99
CE-1609,9619250,771338,325.33,20.75
CE-1612,9619200,771338,318.1,12.36
CE-1611,9619150,771338,301.96,23.55
CE-1614,9619100,771338,282.78,22.41
CE-1613,9619050,771338,262.86,19.64
CE-1632,9619000,771338,238.74,23.44
CE-1631,9618950,771338,216.16,21.23
CE-1634,9618900,771338,194.09,16.43
CE-1633,9618850,771338,174.82,12.13
CE-1636,9618800,771338,160.97,23.03
CE-1635,9618750,771338,158.72,10.46
CE-1638,9618700,771338,162.03,13.81
CE-1637,9618650,771338,153.01,19.85
CE-1624,9618600,771338,154.68,18.15
CE-1623,9618550,771338,160.67,24.16
CE-1626,9618500,771338,163.16,22.05
CE-1625,9618450,771338,160.97,21.52
CE-1628,9618400,771338,144.5,14.29
CE-1627,9618350,771338,126.7,16.42
CE-1630,9618300,771338,131.05,23.42
CE-1629,9618250,771338,151.12,22.58
CE-1584,9618200,771338,149.39,9.99
CE-1583,9618150,771338,136.4,24.53
CE-1586,9618100,771338,141.01,20.78
CE-1585,9618050,771338,143.31,20.16
CE-1588,9618002,771338,147.44,19.69
CE-1587,9620049,771388,333.98,24.8
CE-1590,9620000,771388,329.33,20.95
CE-1589,9619950,771388,333.41,9.34
CE-1576,9619900,771388,337.73,18.7
CE-1575,9619850,771388,351.37,23.88
CE-1578,9619800,771388,364.82,16.3
CE-1577,9619750,771388,379.61,20.86
CE-1580,9619700,771388,408.02,19.62
CE-1579,9619650,771388,437.76,23.87
CE-1582,9619600,771388,462.37,18.65
CE-1581,9619550,771388,448.83,21.66
CE-1600,9619500,771388,422.02,16.35
CE-1599,9619450,771388,392.94,23.85
CE-1602,9619400,771388,354.6,13.12
CE-1601,9619350,771388,327.64,16.96
CE-1604,9619300,771388,309.97,24.39
CE-1603,9619250,771388,296.78,15.54
CE-1606,9619200,771388,288.41,18.66
CE-1605,9619150,771388,277.97,19.06
CE-1592,9619100,771388,265.62,16.21
CE-1591,9619050,771388,247.29,22.77
CE-1594,9619000,771388,225.68,19.21
CE-1593,9618950,771388,206.25,21.9
CE-1596,9618900,771388,188.71,20.82
CE-1595,9618850,771388,172.74,9.86
CE-1598,9618800,771388,163.23,23.42
CE-1597,9618750,771388,169.59,20.68
CE-1552,9618700,771388,181.07,14.52
CE-1551,9618650,771388,166.45,18.9
CE-1554,9618600,771388,170.96,23.9
CE-1553,9618550,771388,185.39,18.21
CE-1556,9618500,771388,182.8,21.38
CE-1555,9618450,771388,165.81,24.24
CE-1558,9618400,771388,147.24,18.13
CE-1557,9618350,771388,133.43,15.94
CE-1544,9618300,771388,143.26,21.81
CE-1543,9618250,771388,155.1,14.39
CE-1546,9618200,771388,160.57,23.13
CE-1545,9618150,771388,152.43,23.99
CE-1548,9618100,771388,148.66,18.16
CE-1547,9618050,771388,153.69,20.62
CE-1550,9618002,771388,146.22,17.92
CE-1549,9617950,771411,143.71,23.96
CE-1568,9617900,771411,137.82,20.83
CE-1567,9617850,771411,131.48,21.85
CE-1570,9617800,771411,137.12,9.07
CE-1569,9617750,771411,134.23,12.19
CE-1572,9617700,771411,134.66,22.48
CE-1571,9617650,771411,144.01,19.28
CE-1574,9617600,771411,161.68,10.84
CE-1573,9617550,771411,170.45,19.51
CE-1560,9617500,771411,159.78,15.58
CE-1559,9617450,771411,145.57,24.87
CE-1562,9617400,771411,139.63,20.17
CE-1561,9617350,771411,139.71,9.77
CE-1564,9617300,771411,126.56,13.9
CE-1563,9617250,771411,119.06,12.18
CE-1566,9617200,771411,100.63,10.05
CE-1565,9617150,771411,84.97,12.74
CE-1520,9617100,771411,72.4,9.83
CE-1519,9617050,771411,63.85,8.37
CE-1522,9617000,771411,56.5,11.8
CE-1521,9616950,771411,37.74,12.7
CE-1524,9616915,771411,27.46,8.89
CE-1523,9620049,771438,323.67,21.28
CE-1526,9620000,771438,328.27,16.26
CE-1525,9619950,771438,339.07,18.15
CE-1512,9619900,771438,349.96,18.25
CE-1511,9619850,771438,367.19,20.39
CE-1514,9619800,771438,382.59,16.68
CE-1513,9619750,771438,403.47,15.99
CE-1516,9619700,771438,432.14,12.28
CE-1515,9619650,771438,450.63,17.83
CE-1518,9619600,771438,464.17,23.43
CE-1517,9619550,771438,442.29,12.4
CE-1536,9619500,771438,407.51,19.05
CE-1535,9619450,771438,384.26,12.86
CE-1538,9619400,771438,339.95,16.42
CE-1537,9619350,771438,315.23,22.22
CE-1540,9619300,771438,296.38,10.75
CE-1539,9619250,771438,282.67,15.0
CE-1542,9619200,771438,268.31,16.95
CE-1541,9619150,771438,257.21,23.69
CE-1528,9619100,771438,250.22,21.5
CE-1527,9619050,771438,231.41,21.03
CE-1530,9619000,771438,214.75,23.97
CE-1529,9618950,771438,196.23,16.16
CE-1532,9618900,771438,187.18,20.89
CE-1531,9618850,771438,182.16,15.28
CE-1534,9618800,771438,185.11,22.06
CE-1533,9618750,771438,191.78,23.77
CE-1488,9618700,771438,192.02,15.98
CE-1487,9618650,771438,178.68,12.54
CE-1490,9618600,771438,187.72,10.34
CE-1489,9618550,771438,195.86,23.1
CE-1492,9618500,771438,179.93,19.26
CE-1491,9618450,771438,166.64,15.89
CE-1494,9618400,771438,148.93,16.16
CE-1493,9618350,771438,146.16,16.02
CE-1480,9618300,771438,149.43,21.21
CE-1479,9618250,771438,163.37,16.83
CE-1482,9618200,771438,172.86,16.34
CE-1481,9618150,771438,171.11,18.33
CE-1484,9618100,771438,162.91,20.04
CE-1483,9618050,771438,167.83,19.86
CE-1486,9618000,771438,158.74,15.16
CE-1485,9617950,771438,157.72,18.92
CE-1504,9617900,771438,152.15,19.38
CE-1503,9617850,771438,137.47,24.84
CE-1506,9617800,771438,141.5,17.04
CE-1505,9617750,771438,146.54,11.64
CE-1508,9617700,771438,143.11,22.18
CE-1507,9617650,771438,156.85,22.07
CE-1510,9617600,771438,173.2,22.6
CE-1509,9617550,771438,170.11,18.18
CE-1496,9617500,771438,160.48,20.66
CE-1495,9617450,771438,148.75,18.94
CE-1498,9617400,771438,142.07,21.52
CE-1497,9617350,771438,140.12,21.15
CE-1500,9617300,771438,127.55,17.65
CE-1499,9617250,771438,121.0,18.76
CE-1502,9617200,771438,113.7,5.3
CE-1501,9617150,771438,97.76,10.91
CE-1456,9617100,771438,83.98,7.92
CE-1455,9617050,771438,73.03,12.38
CE-1458,9617000,771438,58.53,9.14
CE-1457,9616950,771438,40.93,8.78
CE-1460,9616915,771438,30.43,9.63
CE-1459,9620049,771488,322.4,24.37
CE-1462,9620000,771488,334.06,20.94
CE-1461,9619950,771488,342.86,20.36
CE-1448,9619900,771488,352.92,19.15
CE-1447,9619850,771488,374.47,16.46
CE-1450,9619800,771488,398.0,12.35
CE-1449,9619750,771488,424.92,18.06
CE-1452,9619700,771488,434.2,10.34
CE-1451,9619650,771488,438.35,15.19
CE-1454,9619600,771488,449.16,22.58
CE-1453,9619550,771488,438.2,17.77
CE-1472,9619500,771488,397.94,17.39
CE-1471,9619450,771488,364.04,15.56
CE-1474,9619400,771488,331.39,20.48
CE-1473,9619350,771488,319.89,22.77
CE-1476,9619300,771488,313.57,21.07
CE-1475,9619250,771488,301.18,22.06
CE-1478,9619200,771488,283.06,16.03
CE-1477,9619150,771488,260.65,22.74
CE-1464,9619100,771488,239.37,12.68
CE-1463,9619050,771488,225.87,13.85
CE-1466,9619000,771488,215.61,17.52
CE-1465,9618950,771488,215.35,21.76
CE-1468,9618900,771488,213.1,18.13
CE-1467,9618850,771488,216.12,18.03
CE-1470,9618800,771488,217.58,17.73
CE-1469,9618750,771488,211.46,20.61
CE-1424,9618700,771488,192.56,22.99
CE-1423,9618650,771488,198.91,20.28
CE-1426,9618600,771488,204.05,10.15
CE-1425,9618550,771488,190.5,17.67
CE-1428,9618500,771488,182.6,16.57
CE-1427,9618450,771488,175.38,12.99
CE-1430,9618400,771488,154.76,16.74
CE-1429,9618350,771488,158.81,17.34
CE-1416,9618300,771488,157.49,17.78
CE-1415,9618250,771488,165.35,9.69
CE-1418,9618200,771488,181.14,19.16
CE-1417,9618150,771488,185.39,20.56
CE-1420,9618100,771488,174.3,16.76
CE-1419,9618050,771488,179.92,22.58
CE-1422,9618000,771488,172.75,21.0
CE-1421,9617950,771488,175.09,20.72
CE-1440,9617900,771488,168.4,14.89
CE-1439,9617850,771488,144.94,12.76
CE-1442,9617800,771488,156.6,16.17
CE-1441,9617750,771488,168.7,24.28
CE-1444,9617700,771488,164.77,20.41
CE-1443,9617650,771488,179.23,10.93
CE-1446,9617600,771488,178.22,17.2
CE-1445,9617550,771488,169.66,24.78
CE-1432,9617500,771488,162.65,21.21
CE-1431,9617450,771488,156.85,18.48
CE-1434,9617400,771488,140.91,24.19
CE-1433,9617350,771488,131.77,18.21
CE-1436,9617300,771488,125.8,22.47
CE-1435,9617250,771488,124.15,23.5
CE-1438,9617200,771488,114.16,9.53
CE-1437,9617150,771488,102.84,6.58
CE-1392,9617100,771488,84.08,5.16
CE-1391,9617050,771488,73.37,13.6
CE-1394,9617000,771488,74.62,12.05
CE-1393,9616950,771488,61.56,12.07
CE-1396,9616915,771488,48.17,6.22
CE-1395,9620049,771538,330.57,22.92
CE-1398,9620000,771538,335.47,15.08
CE-1397,9619950,771538,348.52,18.22
CE-1384,9619900,771538,363.14,16.45
CE-1383,9619850,771538,382.99,19.89
CE-1386,9619800,771538,411.86,20.48
CE-1385,9619750,771538,423.89,12.17
CE-1388,9619700,771538,414.51,20.68
CE-1387,9619650,771538,418.88,19.65
CE-1390,9619600,771538,441.3,11.73
CE-1389,9619550,771538,452.27,21.81
CE-1408,9619500,771538,421.78,24.36
CE-1407,9619450,771538,383.9,24.43
CE-1410,9619400,771538,358.86,17.4
CE-1409,9619350,771538,341.08,17.26
CE-1412,9619300,771538,321.89,23.75
CE-1411,9619250,771538,304.66,12.8
CE-1414,9619200,771538,286.79,22.66
CE-1413,9619150,771538,261.09,21.55
CE-1400,9619100,771538,238.94,24.29
CE-1399,9619050,771538,227.05,12.56
CE-1402,9619000,771538,234.45,24.33
CE-1401,9618950,771538,233.43,15.84
CE-1404,9618900,771538,242.2,21.39
CE-1403,9618850,771538,249.12,16.1
CE-1406,9618800,771538,244.7,18.63
CE-1405,9618750,771538,219.94,15.49
CE-1360,9618700,771538,210.32,14.18
CE-1359,9618650,771538,213.66,21.98
CE-1362,9618600,771538,209.17,9.84
CE-1361,9618550,771538,204.82,22.62
CE-1364,9618500,771538,198.93,20.59
CE-1363,9618450,771538,182.68,21.64
CE-1366,9618400,771538,161.46,23.05
CE-1365,9618350,771538,172.39,18.7
CE-1352,9618300,771538,170.22,20.51
CE-1351,9618250,771538,176.09,18.53
CE-1354,9618200,771538,189.02,18.11
CE-1353,9618150,771538,189.71,22.99
CE-1356,9618100,771538,182.43,20.03
CE-1355,9618050,771538,188.42,10.6
CE-1358,9618000,771538,183.06,24.95
CE-1357,9617950,771538,188.73,11.33
CE-1376,9617900,771538,177.03,19.75
CE-1375,9617850,771538,159.86,19.04
CE-1378,9617800,771538,175.3,21.87
CE-1377,9617750,771538,194.89,16.44
CE-1380,9617700,771538,195.03,16.16
CE-1379,9617650,771538,193.39,19.05
CE-1382,9617600,771538,188.54,15.94
CE-1381,9617550,771538,180.09,16.73
CE-1368,9617500,771538,172.4,21.45
CE-1367,9617450,771538,161.53,21.19
CE-1370,9617400,771538,147.6,18.31
CE-1369,9617350,771538,141.08,15.73
CE-1372,9617300,771538,132.93,18.93
CE-1371,9617250,771538,128.05,24.14
CE-1374,9617200,771538,118.11,11.89
CE-1373,9617150,771538,109.87,10.79
CE-1328,9617100,771538,100.16,10.56
CE-1327,9617050,771538,102.74,13.64
CE-1330,9617000,771538,108.61,11.37
CE-1329,9616950,771538,84.77,8.79
CE-1332,9616915,771538,70.78,7.23
CE-1331,9620049,771588,322.07,9.98
CE-1334,9620000,771588,329.3,23.44
CE-1333,9619950,771588,348.49,19.36
CE-1320,9619900,771588,373.15,16.55
CE-1319,9619850,771588,398.75,17.15
CE-1322,9619800,771588,403.88,9.17
CE-1321,9619750,771588,402.39,23.23
CE-1324,9619700,771588,399.66,14.14
CE-1323,9619650,771588,420.13,19.11
CE-1326,9619600,771588,438.07,17.31
CE-1325,9619550,771588,467.36,18.13
CE-1344,9619500,771588,430.6,14.59
CE-1343,9619450,771588,392.71,15.31
CE-1346,9619400,771588,353.17,15.16
CE-1345,9619350,771588,330.05,21.77
CE-1348,9619300,771588,307.43,16.4
CE-1347,9619250,771588,292.21,22.33
CE-1350,9619200,771588,273.52,14.69
CE-1349,9619150,771588,260.43,14.9
CE-1336,9619100,771588,240.66,23.66
CE-1335,9619050,771588,247.66,22.49
CE-1338,9619000,771588,263.02,24.75
CE-1337,9618950,771588,255.92,24.59
CE-1340,9618900,771588,272.61,19.63
CE-1339,9618850,771588,281.25,19.16
CE-1342,9618800,771588,261.6,19.33
CE-1341,9618750,771588,239.78,19.25
CE-1296,9618700,771588,231.64,22.67
CE-1295,9618650,771588,225.98,22.19
CE-1298,9618600,771588,234.61,23.95
CE-1297,9618550,771588,233.1,22.97
CE-1300,9618500,771588,219.41,9.29
CE-1299,9618450,771588,199.0,15.53
CE-1302,9618400,771588,177.95,16.09
CE-1301,9618350,771588,187.75,16.89
CE-1288,9618300,771588,191.61,23.14
CE-1287,9618250,771588,200.86,19.64
CE-1290,9618200,771588,209.2,21.51
CE-1289,9618150,771588,201.08,24.35
CE-1292,9618100,771588,196.35,20.55
CE-1291,9618050,771588,204.76,24.98
CE-1294,9618000,771588,203.51,17.96
CE-1293,9617950,771588,210.42,20.58
CE-1312,9617900,771588,201.1,15.64
CE-1311,9617850,771588,184.04,20.95
CE-1314,9617800,771588,199.99,16.14
CE-1313,9617750,771588,218.42,24.7
CE-1316,9617700,771588,223.21,23.24
CE-1315,9617650,771588,217.45,24.14
CE-1318,9617600,771588,217.51,23.89
CE-1317,9617550,771588,202.93,20.57
CE-1304,9617500,771588,189.45,19.16
CE-1303,9617450,771588,178.47,15.63
CE-1306,9617400,771588,169.41,21.32
CE-1305,9617350,771588,159.74,10.89
CE-1308,9617300,771588,155.97,24.32
CE-1307,9617250,771588,150.69,11.68
CE-1310,9617200,771588,145.74,9.42
CE-1309,9617150,771588,137.84,9.54
CE-1264,9617100,771588,133.86,20.08
CE-1263,9617050,771588,138.57,19.32
CE-1266,9617000,771588,138.29,23.81
CE-1265,9616950,771588,107.41,12.48
CE-1268,9616915,771588,97.06,12.56
CE-1267,9620049,771638,324.65,23.06
CE-1270,9620000,771638,334.14,19.49
CE-1269,9619950,771638,348.63,16.59
CE-1256,9619900,771638,371.75,15.62
CE-1255,9619850,771638,374.15,18.15
CE-1258,9619800,771638,375.75,17.12
CE-1257,9619750,771638,381.82,11.56
CE-1260,9619700,771638,391.2,15.06
CE-1259,9619650,771638,402.92,18.59
CE-1262,9619600,771638,427.44,22.1
CE-1261,9619550,771638,459.7,21.63
CE-1280,9619500,771638,426.53,20.49
CE-1279,9619450,771638,397.01,18.05
CE-1282,9619400,771638,359.09,17.32
CE-1281,9619350,771638,333.58,20.67
CE-1284,9619300,771638,315.77,24.05
CE-1283,9619250,771638,295.16,23.66
CE-1286,9619200,771638,272.96,17.02
CE-1285,9619150,771638,267.57,20.72
CE-1272,9619100,771638,255.1,15.28
CE-1271,9619050,771638,278.31,22.22
CE-1274,9619000,771638,292.52,11.41
CE-1273,9618950,771638,282.19,20.24
CE-1276,9618900,771638,299.12,21.23
CE-1275,9618850,771638,306.24,9.83
CE-1278,9618800,771638,285.89,22.7
CE-1277,9618750,771638,263.72,15.08
CE-1232,9618700,771638,245.45,19.2
CE-1231,9618650,771638,244.6,15.22
CE-1234,9618600,771638,256.12,9.77
CE-1233,9618550,771638,260.35,17.91
CE-1236,9618500,771638,239.65,15.3
CE-1235,9618450,771638,217.28,24.36
CE-1238,9618400,771638,191.94,19.67
CE-1237,9618350,771638,204.87,18.44
CE-1224,9618300,771638,215.96,21.27
CE-1223,9618250,771638,225.27,15.29
CE-1226,9618200,771638,229.19,19.12
CE-1225,9618150,771638,214.39,20.23
CE-1228,9618100,771638,210.37,24.71
CE-1227,9618050,771638,228.19,20.78
CE-1230,9618000,771638,228.9,17.01
CE-1229,9617950,771638,235.29,24.14
CE-1248,9617900,771638,224.51,21.91
CE-1247,9617850,771638,207.84,14.06
CE-1250,9617800,771638,223.01,24.38
CE-1249,9617750,771638,243.45,18.04
CE-1252,9617700,771638,254.4,15.89
CE-1251,9617650,771638,248.25,15.3
CE-1254,9617600,771638,252.0,11.3
CE-1253,9617550,771638,234.47,14.15
CE-1240,9617500,771638,217.09,20.72
CE-1239,9617450,771638,205.66,24.92
CE-1242,9617400,771638,198.32,16.77
CE-1241,9617350,771638,190.11,22.42
CE-1244,9617300,771638,183.62,17.12
CE-1243,9617250,771638,183.06,15.62
CE-1246,9617200,771638,180.29,15.62
CE-1245,9617150,771638,172.59,23.81
CE-1200,9617100,771638,169.76,19.62
CE-1199,9617050,771638,175.11,22.59
CE-1202,9617000,771638,171.46,9.62
CE-1201,9616950,771638,139.91,20.64
CE-1204,9616915,771638,127.12,9.8
CE-1203,9620049,771688,334.6,12.59
CE-1206,9620000,771688,347.32,19.82
CE-1205,9619950,771688,351.47,21.01
CE-1192,9619900,771688,348.96,23.33
CE-1191,9619850,771688,342.39,20.51
CE-1194,9619800,771688,358.71,23.85
CE-1193,9619750,771688,366.22,24.18
CE-1196,9619700,771688,380.6,22.81
CE-1195,9619650,771688,403.9,24.58
CE-1198,9619600,771688,436.14,24.69
CE-1197,9619550,771688,449.03,18.26
CE-1216,9619500,771688,427.43,17.68
CE-1215,9619450,771688,390.09,13.81
CE-1218,9619400,771688,351.97,18.91
CE-1217,9619350,771688,327.79,16.31
CE-1220,9619300,771688,313.34,22.58
CE-1219,9619250,771688,297.28,19.42
CE-1222,9619200,771688,285.9,10.68
CE-1221,9619150,771688,292.97,17.58
CE-1208,9619100,771688,277.48,22.53
CE-1207,9619050,771688,301.27,16.56
CE-1210,9619000,771688,325.55,21.25
CE-1209,9618950,771688,318.55,15.0
CE-1212,9618900,771688,327.02,12.22
CE-1211,9618850,771688,330.21,23.26
CE-1214,9618800,771688,300.73,20.72
CE-1213,9618750,771688,269.56,21.74
CE-1168,9618700,771688,259.76,19.26
CE-1167,9618650,771688,271.18,21.71
CE-1170,9618600,771688,275.17,13.81
CE-1169,9618550,771688,282.69,19.05
CE-1172,9618500,771688,261.01,15.61
CE-1171,9618450,771688,222.26,24.89
CE-1174,9618400,771688,206.97,12.19
CE-1173,9618350,771688,222.36,16.47
CE-1160,9618300,771688,236.99,24.23
CE-1159,9618250,771688,243.36,21.59
CE-1162,9618200,771688,236.19,24.32
CE-1161,9618150,771688,226.66,16.46
CE-1164,9618100,771688,227.38,17.41
CE-1163,9618050,771688,243.3,18.74
CE-1166,9618000,771688,255.57,20.66
CE-1165,9617950,771688,251.21,15.91
CE-1184,9617900,771688,239.01,16.89
CE-1183,9617850,771688,229.57,24.12
CE-1186,9617800,771688,250.07,15.44
CE-1185,9617750,771688,270.04,24.32
CE-1188,9617700,771688,289.95,22.19
CE-1187,9617650,771688,279.89,21.39
CE-1190,9617600,771688,286.47,20.63
CE-1189,9617550,771688,267.97,22.61
CE-1176,9617500,771688,247.11,11.18
CE-1175,9617450,771688,236.89,20.23
CE-1178,9617400,771688,229.15,18.06
CE-1177,9617350,771688,224.35,22.96
CE-1180,9617300,771688,218.62,18.19
CE-1179,9617250,771688,218.41,18.53
CE-1182,9617200,771688,215.52,21.42
CE-1181,9617150,771688,209.78,9.8
CE-2160,9617100,771688,209.33,15.82
CE-2159,9617050,771688,216.74,20.49
CE-2162,9617000,771688,205.74,16.75
CE-2161,9616950,771688,172.95,15.02
CE-2164,9616915,771688,152.62,17.36
CE-2163,9620049,771738,320.66,21.06
CE-2166,9620000,771738,326.95,24.92
CE-2165,9619950,771738,320.08,15.13
CE-2152,9619900,771738,320.75,19.74
CE-2151,9619850,771738,327.16,21.57
CE-2154,9619800,771738,356.41,15.17
CE-2153,9619750,771738,358.5,16.23
CE-2156,9619700,771738,384.53,24.7
CE-2155,9619650,771738,409.89,19.45
CE-2158,9619600,771738,426.33,10.46
CE-2157,9619550,771738,431.96,17.3
CE-2176,9619500,771738,431.04,17.81
CE-2175,9619450,771738,395.19,22.65
CE-2178,9619400,771738,365.22,19.51
CE-2177,9619350,771738,345.79,17.32
CE-2180,9619300,771738,333.21,16.23
CE-2179,9619250,771738,308.04,9.4
CE-2182,9619200,771738,304.02,16.25
CE-2181,9619150,771738,315.16,24.96
CE-2168,9619100,771738,304.65,18.71
CE-2167,9619050,771738,317.52,24.27
CE-2170,9619000,771738,349.87,14.26
CE-2169,9618950,771738,357.93,18.56
CE-2172,9618900,771738,355.43,20.78
CE-2171,9618850,771738,319.93,15.84
CE-2174,9618800,771738,295.2,22.3
CE-2173,9618750,771738,276.38,9.02
CE-2128,9618700,771738,282.96,20.37
CE-2127,9618650,771738,290.64,23.77
CE-2130,9618600,771738,290.36,15.16
CE-2129,9618550,771738,298.38,19.04
CE-2132,9618500,771738,269.36,20.29
CE-2131,9618450,771738,231.62,20.5
CE-2134,9618400,771738,223.82,15.23
CE-2133,9618350,771738,243.38,10.59
CE-2120,9618300,771738,257.12,22.02
CE-2119,9618250,771738,262.67,21.71
CE-2122,9618200,771738,247.25,18.47
CE-2121,9618150,771738,240.25,21.88
CE-2124,9618100,771738,246.37,22.62
CE-2123,9618050,771738,260.83,21.89
CE-2126,9618000,771738,276.27,9.76
CE-2125,9617950,771738,274.77,13.87
CE-2144,9617900,771738,256.48,21.77
CE-2143,9617850,771738,256.08,20.69
CE-2146,9617800,771738,283.47,17.85
CE-2145,9617750,771738,295.58,20.22
CE-2148,9617700,771738,321.08,23.14
CE-2147,9617650,771738,314.57,16.16
CE-2150,9617600,771738,317.37,15.17
CE-2149,9617550,771738,296.55,17.86
CE-2136,9617500,771738,282.33,15.22
CE-2135,9617450,771738,273.42,17.85
CE-2138,9617400,771738,267.36,24.03
CE-2137,9617350,771738,263.17,17.49
CE-2140,9617300,771738,258.92,15.29
CE-2139,9617250,771738,255.37,18.49
CE-2142,9617200,771738,253.06,16.76
CE-2141,9617150,771738,251.1,20.89
CE-2096,9617100,771738,249.76,17.08
CE-2095,9617050,771738,249.91,22.9
CE-2098,9617000,771738,222.77,15.6
CE-2097,9616950,771738,186.92,17.93
CE-2100,9616915,771738,166.23,23.37
CE-2099,9620049,771788,306.87,19.65
CE-2102,9620000,771788,300.55,18.35
CE-2101,9619950,771788,300.27,18.6
CE-2088,9619900,771788,302.83,19.84
CE-2087,9619850,771788,317.78,13.32
CE-2090,9619800,771788,345.09,19.05
CE-2089,9619750,771788,354.34,22.11
CE-2092,9619700,771788,380.8,19.75
CE-2091,9619650,771788,396.97,17.75
CE-2094,9619600,771788,401.37,23.05
CE-2093,9619550,771788,415.46,11.06
CE-2112,9619500,771788,435.55,21.21
CE-2111,9619450,771788,411.55,24.02
CE-2114,9619400,771788,385.99,17.07
CE-2113,9619350,771788,377.72,10.21
CE-2116,9619300,771788,347.82,24.57
CE-2115,9619250,771788,321.65,14.05
CE-2118,9619200,771788,327.1,20.09
CE-2117,9619150,771788,340.26,15.84
CE-2104,9619100,771788,329.99,21.12
CE-2103,9619050,771788,342.49,19.47
CE-2106,9619000,771788,365.85,16.17
CE-2105,9618950,771788,392.66,15.91
CE-2108,9618900,771788,364.39,22.42
CE-2107,9618850,771788,332.86,9.05
CE-2110,9618800,771788,310.43,20.62
CE-2109,9618750,771788,293.36,18.25
CE-2064,9618700,771788,310.93,20.6
CE-2063,9618650,771788,314.23,19.44
CE-2066,9618600,771788,312.2,13.96
CE-2065,9618550,771788,306.93,20.87
CE-2068,9618500,771788,274.89,15.96
CE-2067,9618450,771788,243.42,17.37
CE-2070,9618400,771788,244.22,16.78
CE-2069,9618350,771788,264.91,19.98
CE-2056,9618300,771788,280.93,10.3
CE-2055,9618250,771788,289.05,9.81
CE-2058,9618200,771788,273.52,24.47
CE-2057,9618150,771788,264.61,17.36
CE-2060,9618100,771788,272.73,10.42
CE-2059,9618050,771788,283.13,22.49
CE-2062,9618000,771788,300.63,22.71
CE-2061,9617950,771788,307.26,24.89
CE-2080,9617900,771788,276.66,14.08
CE-2079,9617850,771788,284.39,9.33
CE-2082,9617800,771788,313.26,21.3
CE-2081,9617750,771788,331.83,15.64
CE-2084,9617700,771788,352.61,24.97
CE-2083,9617650,771788,354.53,16.68
CE-2086,9617600,771788,355.34,21.31
CE-2085,9617550,771788,334.08,20.71
CE-2072,9617500,771788,322.16,19.5
CE-2071,9617450,771788,312.15,21.3
CE-2074,9617400,771788,307.64,14.34
CE-2073,9617350,771788,305.79,22.59
CE-2076,9617300,771788,298.3,15.51
CE-2075,9617250,771788,291.83,20.74
CE-2078,9617200,771788,290.16,23.11
CE-2077,9617150,771788,286.5,15.97
CE-2032,9617100,771788,271.32,24.91
CE-2031,9617050,771788,246.15,21.9
CE-2034,9617000,771788,209.05,9.36
CE-2033,9616950,771788,173.9,20.34
CE-2036,9616915,771788,155.25,18.1
CE-2035,9620049,771838,297.49,23.03
CE-2038,9620000,771838,294.63,15.8
CE-2037,9619950,771838,285.39,9.85
CE-2024,9619900,771838,292.11,20.2
CE-2023,9619850,771838,313.76,9.57
CE-2026,9619800,771838,334.48,20.38
CE-2025,9619750,771838,343.63,23.88
CE-2028,9619700,771838,360.41,20.21
CE-2027,9619650,771838,370.09,22.17
CE-2030,9619600,771838,382.06,13.73
CE-2029,9619550,771838,404.34,9.89
CE-2048,9619500,771838,432.15,20.4
CE-2047,9619450,771838,432.39,15.4
CE-2050,9619400,771838,423.16,14.75
CE-2049,9619350,771838,404.36,19.2
CE-2052,9619300,771838,371.05,16.74
CE-2051,9619250,771838,347.17,19.32
CE-2054,9619200,771838,359.81,20.22
CE-2053,9619150,771838,369.03,17.96
CE-2040,9619100,771838,353.66,17.81
CE-2039,9619050,771838,374.98,16.88
CE-2042,9619000,771838,397.69,18.18
CE-2041,9618950,771838,418.82,22.12
CE-2044,9618900,771838,393.93,13.39
CE-2043,9618850,771838,366.51,20.64
CE-2046,9618800,771838,334.67,16.89
CE-2045,9618750,771838,313.63,23.54
CE-2000,9618700,771838,339.6,22.28
CE-1999,9618650,771838,341.54,23.15
CE-2002,9618600,771838,330.65,24.23
CE-2001,9618550,771838,304.26,20.34
CE-2004,9618500,771838,277.15,20.4
CE-2003,9618450,771838,267.62,21.47
CE-2006,9618400,771838,270.64,12.33
CE-2005,9618350,771838,289.87,19.72
CE-1992,9618300,771838,314.07,20.88
CE-1991,9618250,771838,322.88,22.08
CE-1994,9618200,771838,304.91,18.3
CE-1993,9618150,771838,290.42,19.48
CE-1996,9618100,771838,295.53,16.96
CE-1995,9618050,771838,312.47,19.98
CE-1998,9618000,771838,329.9,14.52
CE-1997,9617950,771838,321.91,22.86
CE-2016,9617900,771838,296.32,24.39
CE-2015,9617850,771838,314.02,23.3
CE-2018,9617800,771838,342.67,23.36
CE-2017,9617750,771838,367.1,21.94
CE-2020,9617700,771838,383.89,16.92
CE-2019,9617650,771838,394.01,17.34
CE-2022,9617600,771838,389.53,19.54
CE-2021,9617550,771838,377.37,12.38
CE-2008,9617500,771838,365.89,12.33
CE-2007,9617450,771838,352.21,17.25
CE-2010,9617400,771838,333.22,24.5
CE-2009,9617350,771838,318.02,21.6
CE-2012,9617300,771838,306.68,24.59
CE-2011,9617250,771838,293.02,15.15
CE-2014,9617200,771838,281.63,18.75
CE-2013,9617150,771838,273.14,20.98
CE-1968,9617100,771838,252.9,22.98
CE-1967,9617050,771838,224.48,21.55
CE-1970,9617000,771838,193.71,13.99
CE-1969,9616950,771838,157.2,19.39
CE-1972,9616915,771838,140.04,23.49
CE-1971,9620049,771888,293.93,15.83
CE-1974,9620000,771888,292.56,18.89
CE-1973,9619950,771888,283.26,22.05
CE-1960,9619900,771888,287.58,21.33
CE-1959,9619850,771888,311.09,23.77
CE-1962,9619800,771888,316.06,15.27
CE-1961,9619750,771888,329.41,24.61
CE-1964,9619700,771888,341.46,16.02
CE-1963,9619650,771888,346.38,15.74
CE-1966,9619600,771888,370.75,19.22
CE-1965,9619550,771888,398.39,19.31
CE-1984,9619500,771888,417.51,17.82
CE-1983,9619450,771888,432.64,17.28
CE-1986,9619400,771888,445.15,24.74
CE-1985,9619350,771888,424.26,10.22
CE-1988,9619300,771888,403.01,15.33
CE-1987,9619250,771888,383.28,24.31
CE-1990,9619200,771888,396.32,16.12
CE-1989,9619150,771888,400.93,16.1
CE-1976,9619100,771888,396.08,17.66
CE-1975,9619050,771888,409.94,11.98
CE-1978,9619000,771888,431.55,13.61
CE-1977,9618950,771888,444.79,11.48
CE-1980,9618900,771888,422.99,23.53
CE-1979,9618850,771888,395.78,22.26
CE-1982,9618800,771888,359.17,21.56
CE-1981,9618750,771888,344.28,23.4
CE-1936,9618700,771888,354.12,21.43
CE-1935,9618650,771888,341.9,17.92
CE-1938,9618600,771888,325.41,17.48
CE-1937,9618550,771888,299.18,24.38
CE-1940,9618500,771888,292.98,19.32
CE-1939,9618450,771888,295.05,23.57
CE-1942,9618400,771888,301.98,18.87
CE-1941,9618350,771888,325.72,19.43
CE-1928,9618300,771888,354.51,21.78
CE-1927,9618250,771888,348.86,10.16
CE-1930,9618200,771888,329.95,18.38
CE-1929,9618150,771888,313.08,17.85
CE-1932,9618100,771888,316.1,15.6
CE-1931,9618050,771888,339.87,17.31
CE-1934,9618000,771888,360.22,24.26
CE-1933,9617950,771888,350.54,19.05
CE-1952,9617900,771888,328.27,18.33
CE-1951,9617850,771888,341.52,10.14
CE-1954,9617800,771888,375.45,18.97
CE-1953,9617750,771888,406.16,16.98
CE-1956,9617700,771888,423.92,20.72
CE-1955,9617650,771888,434.27,17.03
CE-1958,9617600,771888,425.71,23.26
CE-1957,9617550,771888,416.76,22.88
CE-1944,9617500,771888,403.29,20.56
CE-1943,9617450,771888,372.16,24.87
CE-1946,9617400,771888,335.03,18.66
CE-1945,9617350,771888,311.18,18.01
CE-1948,9617300,771888,288.15,15.5
CE-1947,9617250,771888,266.11,24.33
CE-1950,9617200,771888,262.22,10.2
CE-1949,9617150,771888,247.95,17.97
CE-1904,9617100,771888,231.52,21.05
CE-1903,9617050,771888,206.26,9.41
CE-1906,9617000,771888,175.69,20.09
CE-1905,9616950,771888,139.4,21.39
CE-1908,9616915,771888,122.25,20.18
CE-1907,9620049,771938,297.25,18.96
CE-1910,9620000,771938,295.88,18.34
CE-1909,9619950,771938,285.64,17.49
CE-1896,9619900,771938,280.79,24.44
CE-1895,9619850,771938,298.58,18.83
CE-1898,9619800,771938,301.43,17.11
CE-1897,9619750,771938,320.15,23.95
CE-1900,9619700,771938,321.24,22.58
CE-1899,9619650,771938,338.51,16.48
CE-1902,9619600,771938,365.7,20.74
CE-1901,9619550,771938,386.98,18.62
CE-1920,9619500,771938,393.35,10.3
CE-1919,9619450,771938,408.64,12.51
CE-1922,9619400,771938,431.58,21.96
CE-1921,9619350,771938,436.8,22.3
CE-1924,9619300,771938,441.28,23.59
CE-1923,9619250,771938,417.05,23.06
CE-1926,9619200,771938,434.36,13.86
CE-1925,9619150,771938,432.99,20.61
CE-1912,9619100,771938,436.67,21.57
CE-1911,9619050,771938,446.63,13.35
CE-1914,9619000,771938,451.61,13.2
CE-1913,9618950,771938,441.47,24.51
CE-1916,9618900,771938,423.44,23.68
CE-1915,9618850,771938,398.06,16.41
CE-1918,9618800,771938,375.78,24.03
CE-1917,9618750,771938,373.32,17.61
CE-1872,9618700,771938,354.65,17.6
CE-1871,9618650,771938,334.87,15.97
CE-1874,9618600,771938,321.19,22.02
CE-1873,9618550,771938,307.96,17.95
CE-1876,9618500,771938,313.4,15.48
CE-1875,9618450,771938,323.08,23.34
CE-1878,9618400,771938,343.66,24.15
CE-1877,9618350,771938,366.19,16.35
CE-1864,9618300,771938,376.49,19.6
CE-1863,9618250,771938,365.19,10.27
CE-1866,9618200,771938,353.17,21.08
CE-1865,9618150,771938,345.91,18.02
CE-1868,9618100,771938,348.21,20.64
CE-1867,9618050,771938,374.4,16.78
CE-1870,9618000,771938,396.81,22.1
CE-1869,9617950,771938,385.52,24.26
CE-1888,9617900,771938,369.0,21.64
CE-1887,9617850,771938,369.85,24.29
CE-1890,9617800,771938,404.34,18.89
CE-1889,9617750,771938,435.4,23.02
CE-1892,9617700,771938,444.11,18.01
CE-1891,9617650,771938,453.11,11.25
CE-1894,9617600,771938,440.97,21.78
CE-1893,9617550,771938,431.94,17.97
CE-1880,9617500,771938,403.19,11.51
CE-1879,9617450,771938,373.13,21.95
CE-1882,9617400,771938,343.71,9.84
CE-1881,9617350,771938,314.37,13.3
CE-1884,9617300,771938,274.4,24.35
CE-1883,9617250,771938,245.73,9.3
CE-1886,9617200,771938,237.4,22.31
CE-1885,9617150,771938,222.61,21.03
CE-1840,9617100,771938,204.94,22.17
CE-1839,9617050,771938,179.26,18.44
CE-1842,9617000,771938,152.07,20.52
CE-1841,9616950,771938,122.68,11.0
CE-1844,9616915,771938,111.91,9.54
CE-1843,9620049,771988,286.37,18.37
CE-1846,9620000,771988,286.64,20.05
CE-1845,9619950,771988,284.57,23.96
CE-1832,9619900,771988,275.86,19.79
CE-1831,9619850,771988,288.74,23.78
CE-1834,9619800,771988,295.76,24.61
CE-1833,9619750,771988,299.52,16.2
CE-1836,9619700,771988,303.64,23.4
CE-1835,9619650,771988,323.38,9.57
CE-1838,9619600,771988,347.03,9.61
CE-1837,9619550,771988,363.78,18.48
CE-1856,9619500,771988,374.11,9.49
CE-1855,9619450,771988,392.45,16.93
CE-1858,9619400,771988,414.44,16.39
CE-1857,9619350,771988,436.14,18.48
CE-1860,9619300,771988,448.07,18.37
CE-1859,9619250,771988,442.96,22.62
CE-1862,9619200,771988,467.98,18.63
CE-1861,9619150,771988,469.23,20.19
CE-1848,9619100,771988,474.04,21.4
CE-1847,9619050,771988,476.62,23.47
CE-1850,9619000,771988,455.93,22.37
CE-1849,9618950,771988,432.67,22.69
CE-1852,9618900,771988,416.47,18.16
CE-1851,9618850,771988,401.58,15.38
CE-1854,9618800,771988,394.59,9.01
CE-1853,9618750,771988,389.39,22.43
CE-1808,9618700,771988,367.8,20.96
CE-1807,9618650,771988,349.9,21.73
CE-1810,9618600,771988,344.4,18.7
CE-1809,9618550,771988,335.06,18.01
CE-1812,9618500,771988,341.04,18.61
CE-1811,9618450,771988,349.42,9.51
CE-1814,9618400,771988,377.57,22.33
CE-1813,9618350,771988,403.22,11.34
CE-1800,9618300,771988,400.14,19.8
CE-1799,9618250,771988,393.65,24.72
CE-1802,9618200,771988,384.51,23.13
CE-1801,9618150,771988,383.37,15.21
CE-1804,9618100,771988,386.85,19.2
CE-1803,9618050,771988,404.84,16.55
CE-1806,9618000,771988,435.5,23.02
CE-1805,9617950,771988,423.67,17.83
CE-1824,9617900,771988,407.71,18.19
CE-1823,9617850,771988,408.71,24.29
CE-1826,9617800,771988,427.11,9.99
CE-1825,9617750,771988,429.25,20.8
CE-1828,9617700,771988,422.62,24.14
CE-1827,9617650,771988,426.01,15.27
CE-1830,9617600,771988,424.85,19.06
CE-1829,9617550,771988,407.0,15.75
CE-1816,9617500,771988,390.96,22.07
CE-1815,9617450,771988,368.31,20.85
CE-1818,9617400,771988,341.26,24.71
CE-1817,9617350,771988,312.81,10.57
CE-1820,9617300,771988,263.0,15.94
CE-1819,9617250,771988,226.54,19.7
CE-1822,9617200,771988,206.5,15.91
CE-1821,9617150,771988,188.98,19.32
CE-1776,9617100,771988,175.68,13.85
CE-1775,9617050,771988,153.84,17.09
CE-1778,9617000,771988,129.43,11.78
CE-1777,9616950,771988,104.72,10.31
CE-1780,9616915,771988,89.41,9.01
CE-1779,9620049,772038,289.25,23.79
CE-1782,9620000,772038,279.65,12.84
CE-1781,9619950,772038,280.35,23.07
CE-1768,9619900,772038,271.93,22.73
CE-1767,9619850,772038,281.39,17.16
CE-1770,9619800,772038,280.89,15.49
CE-1769,9619750,772038,282.29,15.06
CE-1772,9619700,772038,289.61,22.34
CE-1771,9619650,772038,308.13,22.84
CE-1774,9619600,772038,326.32,15.24
CE-1773,9619550,772038,347.07,21.61
CE-1792,9619500,772038,367.3,24.1
CE-1791,9619450,772038,388.56,21.81
CE-1794,9619400,772038,410.22,23.81
CE-1793,9619350,772038,426.8,24.31
CE-1796,9619300,772038,427.21,20.8
CE-1795,9619250,772038,436.36,24.51
CE-1798,9619200,772038,464.27,15.25
CE-1797,9619150,772038,476.55,23.69
CE-1784,9619100,772038,484.97,20.2
CE-1783,9619050,772038,478.32,9.13
CE-1786,9619000,772038,462.84,18.35
CE-1785,9618950,772038,438.11,12.56
CE-1788,9618900,772038,422.27,16.23
CE-1787,9618850,772038,413.21,19.59
CE-1790,9618800,772038,414.26,24.77
CE-1789,9618750,772038,414.55,20.51
CE-1744,9618700,772038,393.64,21.38
CE-1743,9618650,772038,373.3,21.12
CE-1746,9618600,772038,372.16,15.53
CE-1745,9618550,772038,373.41,16.3
CE-1748,9618500,772038,379.67,17.41
CE-1747,9618450,772038,378.78,19.24
CE-1750,9618400,772038,404.13,22.35
CE-1749,9618350,772038,433.66,19.62
CE-1736,9618300,772038,434.62,23.43
CE-1735,9618250,772038,424.61,21.61
CE-1738,9618200,772038,425.35,21.07
CE-1737,9618150,772038,427.74,15.44
CE-1740,9618100,772038,434.05,23.67
CE-1739,9618050,772038,446.68,23.46
CE-1742,9618000,772038,472.28,22.55
CE-1741,9617950,772038,463.06,22.55
CE-1760,9617900,772038,450.52,16.98
CE-1759,9617850,772038,450.58,16.79
CE-1762,9617800,772038,438.99,18.76
CE-1761,9617750,772038,414.31,19.73
CE-1764,9617700,772038,400.97,24.68
CE-1763,9617650,772038,396.22,13.82
CE-1766,9617600,772038,398.73,15.99
CE-1765,9617550,772038,382.24,20.51
CE-1752,9617500,772038,368.69,19.38
CE-1751,9617450,772038,347.25,18.96
CE-1754,9617400,772038,321.58,18.41
CE-1753,9617350,772038,289.25,21.39
CE-1756,9617300,772038,246.47,21.43
CE-1755,9617250,772038,211.43,23.46
CE-1758,9617200,772038,185.74,15.88
CE-1757,9617150,772038,158.89,23.2
CE-1712,9617100,772038,143.35,16.55
CE-1711,9617050,772038,121.59,13.67
CE-1714,9617000,772038,107.6,9.75
CE-1713,9616950,772038,90.37,11.76
CE-1716,9616915,772038,78.32,10.51
CE-1715,9620050,772088,282.64,22.39
CE-1718,9620000,772088,280.87,18.12
CE-1717,9619950,772088,269.61,17.99
CE-1704,9619900,772088,268.31,16.85
CE-1703,9619850,772088,267.42,10.51
CE-1706,9619800,772088,267.48,22.24
CE-1705,9619750,772088,276.05,10.01
CE-1708,9619700,772088,290.16,20.42
CE-1707,9619650,772088,307.75,15.87
CE-1710,9619600,772088,326.44,19.69
CE-1709,9619550,772088,351.46,15.19
CE-1728,9619500,772088,374.97,19.96
CE-1727,9619450,772088,396.49,18.04
CE-1730,9619400,772088,399.95,20.66
CE-1729,9619350,772088,401.08,23.01
CE-1732,9619300,772088,393.75,19.29
CE-1731,9619250,772088,406.43,24.1
CE-1734,9619200,772088,440.21,22.86
CE-1733,9619150,772088,458.55,15.44
CE-1720,9619100,772088,464.4,15.71
CE-1719,9619050,772088,488.7,22.51
CE-1722,9619000,772088,477.35,20.81
CE-1721,9618950,772088,457.6,17.13
CE-1724,9618900,772088,445.7,18.12
CE-1723,9618850,772088,438.39,15.42
CE-1726,9618800,772088,440.29,22.8
CE-1725,9618750,772088,446.01,20.49
CE-1680,9618700,772088,418.4,18.68
CE-1679,9618650,772088,400.17,22.07
CE-1682,9618600,772088,404.51,20.37
CE-1681,9618550,772088,408.87,21.78
CE-1684,9618500,772088,420.71,18.29
CE-1683,9618450,772088,409.78,15.83
CE-1686,9618400,772088,429.33,23.7
CE-1685,9618350,772088,455.73,24.75
CE-1672,9618300,772088,467.0,15.79
CE-1671,9618250,772088,463.19,16.5
CE-1674,9618200,772088,466.62,23.19
CE-1673,9618150,772088,474.29,21.84
CE-1676,9618100,772088,480.3,24.67
CE-1675,9618050,772088,487.04,11.52
CE-1678,9618000,772088,506.68,16.62
CE-1677,9617950,772088,492.05,21.92
CE-1696,9617900,772088,484.61,13.05
CE-1695,9617850,772088,467.04,19.28
CE-1698,9617800,772088,426.94,17.38
CE-1697,9617750,772088,402.86,22.09
CE-1700,9617700,772088,384.51,18.0
CE-1699,9617650,772088,371.15,18.43
CE-1702,9617600,772088,363.53,15.54
CE-1701,9617550,772088,355.24,20.68
CE-1688,9617500,772088,343.7,15.64
CE-1687,9617450,772088,325.36,12.9
CE-1690,9617400,772088,302.95,22.42
CE-1689,9617350,772088,268.88,22.06
CE-1692,9617300,772088,229.36,24.91
CE-1691,9617250,772088,200.63,24.7
CE-1694,9617200,772088,170.79,22.0
CE-1693,9617150,772088,135.58,17.2
CE-0624,9617100,772088,112.92,8.04
CE-0623,9617050,772088,95.41,12.64
CE-0626,9617000,772088,82.8,9.35
CE-0625,9616950,772088,70.28,13.53
CE-0628,9616915,772088,64.22,5.33
CE-0627,9620050,772138,273.43,16.94
CE-0630,9620000,772138,266.76,17.12
CE-0629,9619950,772138,261.02,17.76
CE-0616,9619900,772138,259.14,18.66
CE-0615,9619850,772138,258.7,10.09
CE-0618,9619800,772138,271.47,15.53
CE-0617,9619750,772138,290.49,16.79
CE-0620,9619700,772138,309.48,10.87
CE-0619,9619650,772138,331.75,17.99
CE-0622,9619600,772138,348.37,15.42
CE-0621,9619550,772138,363.9,9.08
CE-0640,9619500,772138,373.8,21.58
CE-0639,9619450,772138,376.96,15.11
CE-0642,9619400,772138,372.94,19.42
CE-0641,9619350,772138,363.01,22.62
CE-0644,9619300,772138,368.81,23.15
CE-0643,9619250,772138,394.44,19.06
CE-0646,9619200,772138,420.54,23.33
CE-0645,9619150,772138,437.45,24.06
CE-0632,9619100,772138,446.87,24.41
CE-0631,9619050,772138,485.97,23.64
CE-0634,9619000,772138,489.05,17.61
CE-0633,9618950,772138,471.97,23.01
CE-0636,9618900,772138,469.68,22.0
CE-0635,9618850,772138,465.51,17.64
CE-0638,9618800,772138,467.05,18.09
CE-0637,9618750,772138,457.82,19.62
CE-0592,9618700,772138,439.01,19.06
CE-0591,9618650,772138,431.17,18.37
CE-0594,9618600,772138,441.61,20.31
CE-0593,9618550,772138,456.67,15.47
CE-0596,9618500,772138,460.38,15.47
CE-0595,9618450,772138,447.4,23.69
CE-0598,9618400,772138,459.99,17.46
CE-0597,9618350,772138,480.19,19.0
CE-0584,9618300,772138,504.65,22.21
CE-0583,9618250,772138,507.95,24.49
CE-0586,9618200,772138,505.4,23.23
CE-0585,9618150,772138,520.68,20.66
CE-0588,9618100,772138,522.18,15.7
CE-0587,9618050,772138,508.0,17.57
CE-0590,9618000,772138,490.68,21.98
CE-0589,9617950,772138,464.65,18.63
CE-0608,9617900,772138,463.02,17.34
CE-0607,9617850,772138,459.59,23.28
CE-0610,9617800,772138,428.26,15.7
CE-0609,9617750,772138,407.37,23.67
CE-0612,9617700,772138,388.63,22.23
CE-0611,9617650,772138,363.13,13.43
CE-0614,9617600,772138,346.2,18.19
CE-0613,9617550,772138,339.53,15.35
CE-0600,9617500,772138,326.97,20.82
CE-0599,9617450,772138,306.77,20.27
CE-0602,9617400,772138,280.86,16.01
CE-0601,9617350,772138,253.82,18.17
CE-0604,9617300,772138,217.9,14.12
CE-0603,9617250,772138,181.18,15.24
CE-0606,9617200,772138,152.28,21.13
CE-0605,9617150,772138,123.9,9.62
CE-0560,9617100,772138,100.97,10.16
CE-0559,9617050,772138,80.17,13.56
CE-0562,9617000,772138,67.42,13.52
CE-0561,9616950,772138,54.62,5.19
CE-0564,9616915,772138,45.19,10.69
CE-0563,9620050,772188,268.91,16.98
CE-0566,9620000,772188,263.74,21.69
CE-0565,9619950,772188,255.88,13.73
CE-0552,9619900,772188,250.55,24.06
CE-0551,9619850,772188,249.5,13.12
CE-0554,9619800,772188,257.16,17.42
CE-0553,9619750,772188,291.87,24.65
CE-0556,9619700,772188,317.94,19.09
CE-0555,9619650,772188,333.91,16.66
CE-0558,9619600,772188,344.07,17.3
CE-0557,9619550,772188,346.62,18.2
CE-0576,9619500,772188,347.23,19.27
CE-0575,9619450,772188,347.2,16.76
CE-0578,9619400,772188,333.31,22.06
CE-0577,9619350,772188,332.09,21.54
CE-0580,9619300,772188,348.5,16.11
CE-0579,9619250,772188,371.01,23.84
CE-0582,9619200,772188,399.77,24.08
CE-0581,9619150,772188,419.11,23.91
CE-0568,9619100,772188,436.99,15.2
CE-0567,9619050,772188,469.3,17.58
CE-0570,9619000,772188,468.67,19.4
CE-0569,9618950,772188,452.62,22.59
CE-0572,9618900,772188,460.97,20.55
CE-0571,9618850,772188,457.63,22.05
CE-0574,9618800,772188,466.55,10.24
CE-0573,9618750,772188,454.68,10.41
CE-0528,9618700,772188,456.67,11.55
CE-0527,9618650,772188,464.17,21.77
CE-0530,9618600,772188,478.94,19.91
CE-0529,9618550,772188,497.75,16.33
CE-0532,9618500,772188,490.7,22.18
CE-0531,9618450,772188,477.14,14.7
CE-0534,9618400,772188,492.78,16.87
CE-0533,9618350,772188,510.38,16.07
CE-0520,9618300,772188,543.25,20.25
CE-0519,9618250,772188,554.39,21.31
CE-0522,9618200,772188,555.09,23.58
CE-0521,9618150,772188,555.92,18.38
CE-0524,9618100,772188,539.66,16.11
CE-0523,9618050,772188,503.19,19.26
CE-0526,9618000,772188,462.41,16.77
CE-0525,9617950,772188,429.96,24.48
CE-0544,9617900,772188,427.03,20.04
CE-0543,9617850,772188,423.61,22.72
CE-0546,9617800,772188,419.16,17.45
CE-0545,9617750,772188,403.57,16.76
CE-0548,9617700,772188,385.56,21.33
CE-0547,9617650,772188,366.67,19.34
CE-0550,9617600,772188,352.05,21.67
CE-0549,9617550,772188,337.99,13.74
CE-0536,9617500,772188,315.99,22.25
CE-0535,9617450,772188,293.78,11.11
CE-0538,9617400,772188,271.12,12.27
CE-0537,9617350,772188,240.88,24.79
CE-0540,9617300,772188,207.28,18.57
CE-0539,9617250,772188,170.98,20.66
CE-0542,9617200,772188,137.05,21.31
CE-0541,9617150,772188,115.0,8.03
CE-0496,9617100,772188,93.45,10.54
CE-0495,9617050,772188,72.61,7.52
CE-0498,9617000,772188,55.35,6.81
CE-0497,9616950,772188,41.4,8.82
CE-0500,9616915,772188,35.06,11.83
CE-0499,9620050,772238,271.42,15.9
CE-0502,9620000,772238,259.42,16.77
CE-0501,9619950,772238,245.04,19.06
CE-0488,9619900,772238,240.71,16.56
CE-0487,9619850,772238,241.54,10.44
CE-0490,9619800,772238,245.66,15.96
CE-0489,9619750,772238,276.32,19.39
CE-0492,9619700,772238,307.83,20.79
CE-0491,9619650,772238,319.27,21.83
CE-0494,9619600,772238,324.45,21.07
CE-0493,9619550,772238,319.89,9.18
CE-0512,9619500,772238,316.08,23.46
CE-0511,9619450,772238,309.1,15.84
CE-0514,9619400,772238,302.1,23.23
CE-0513,9619350,772238,305.69,15.85
CE-0516,9619300,772238,333.8,24.5
CE-0515,9619250,772238,364.7,21.38
CE-0518,9619200,772238,397.88,21.92
CE-0517,9619150,772238,421.48,17.36
CE-0504,9619100,772238,434.87,14.66
CE-0503,9619050,772238,456.62,11.16
CE-0506,9619000,772238,444.53,18.96
CE-0505,9618950,772238,424.65,24.37
CE-0508,9618900,772238,426.28,17.53
CE-0507,9618850,772238,435.76,24.24
CE-0510,9618800,772238,443.68,23.0
CE-0509,9618750,772238,433.08,12.85
CE-0464,9618700,772238,452.42,23.46
CE-0463,9618650,772238,475.34,21.12
CE-0466,9618600,772238,492.24,21.71
CE-0465,9618550,772238,516.03,21.12
CE-0468,9618500,772238,518.9,15.83
CE-0467,9618450,772238,516.94,10.79
CE-0470,9618400,772238,524.65,20.67
CE-0469,9618350,772238,541.04,11.97
CE-0456,9618300,772238,569.9,16.0
CE-0455,9618250,772238,597.3,20.22
CE-0458,9618200,772238,585.4,17.04
CE-0457,9618150,772238,564.04,17.33
CE-0460,9618100,772238,534.38,24.37
CE-0459,9618050,772238,498.46,23.11
CE-0462,9618000,772238,455.08,18.84
CE-0461,9617950,772238,421.74,20.56
CE-0480,9617900,772238,405.87,24.98
CE-0479,9617850,772238,392.18,13.96
CE-0482,9617800,772238,390.67,22.38
CE-0481,9617750,772238,382.53,16.7
CE-0484,9617700,772238,368.66,9.59
CE-0483,9617650,772238,355.04,9.21
CE-0486,9617600,772238,350.34,18.75
CE-0485,9617550,772238,338.82,18.67
CE-0472,9617500,772238,318.28,10.58
CE-0471,9617450,772238,293.6,21.96
CE-0474,9617400,772238,273.56,14.69
CE-0473,9617350,772238,242.83,16.05
CE-0476,9617300,772238,204.3,17.17
CE-0475,9617250,772238,173.56,13.88
CE-0478,9617200,772238,138.16,18.05
CE-0477,9617150,772238,116.35,11.86
CE-0432,9617100,772238,96.03,12.73
CE-0431,9617050,772238,76.97,12.68
CE-0434,9617000,772238,60.98,9.32
CE-0433,9616950,772238,53.27,9.11
CE-0436,9616915,772238,43.77,12.39
CE-0435,9620050,772288,280.31,19.16
CE-0438,9620000,772288,256.89,21.09
CE-0437,9619950,772288,243.46,20.02
CE-0424,9619900,772288,235.35,9.87
CE-0423,9619850,772288,234.39,20.69
CE-0426,9619800,772288,243.9,9.96
CE-0425,9619750,772288,268.51,15.11
CE-0428,9619700,772288,298.39,13.89
CE-0427,9619650,772288,304.36,18.54
CE-0430,9619600,772288,304.16,18.13
CE-0429,9619550,772288,291.14,17.9
CE-0448,9619500,772288,275.04,22.64
CE-0447,9619450,772288,271.01,21.11
CE-0450,9619400,772288,282.84,21.46
CE-0449,9619350,772288,295.33,16.73
CE-0452,9619300,772288,334.9,15.51
CE-0451,9619250,772288,375.61,19.37
CE-0454,9619200,772288,399.66,16.4
CE-0453,9619150,772288,416.7,17.81
CE-0440,9619100,772288,433.42,20.08
CE-0439,9619050,772288,436.92,22.54
CE-0442,9619000,772288,429.38,15.99
CE-0441,9618950,772288,407.3,13.49
CE-0444,9618900,772288,394.94,17.77
CE-0443,9618850,772288,414.49,14.31
CE-0446,9618800,772288,419.54,21.94
CE-0445,9618750,772288,411.79,15.45
CE-0400,9618700,772288,435.39,13.42
CE-0399,9618650,772288,452.62,11.27
CE-0402,9618600,772288,476.37,21.58
CE-0401,9618550,772288,495.66,11.47
CE-0404,9618500,772288,524.2,23.95
CE-0403,9618450,772288,541.68,20.26
CE-0406,9618400,772288,559.26,22.17
CE-0405,9618350,772288,576.71,24.29
CE-0392,9618300,772288,591.13,15.24
CE-0391,9618250,772288,605.32,9.47
CE-0394,9618200,772288,572.22,17.41
CE-0393,9618150,772288,547.32,16.91
CE-0396,9618100,772288,521.82,9.71
CE-0395,9618050,772288,478.01,16.25
CE-0398,9618000,772288,443.78,20.45
CE-0397,9617950,772288,420.21,17.81
CE-0416,9617900,772288,402.72,20.03
CE-0415,9617850,772288,381.45,21.6
CE-0418,9617800,772288,369.87,10.04
CE-0417,9617750,772288,361.12,18.29
CE-0420,9617700,772288,353.0,19.88
CE-0419,9617650,772288,339.94,22.82
CE-0422,9617600,772288,332.55,19.7
CE-0421,9617550,772288,330.75,19.92
CE-0408,9617500,772288,308.71,18.89
CE-0407,9617450,772288,275.55,16.75
CE-0410,9617400,772288,261.16,23.82
CE-0409,9617350,772288,235.55,19.57
CE-0412,9617300,772288,205.93,15.18
CE-0411,9617250,772288,178.92,21.76
CE-0414,9617200,772288,145.54,12.74
CE-0413,9617150,772288,132.72,21.18
CE-0368,9617100,772288,119.16,8.17
CE-0367,9617050,772288,98.11,12.33
CE-0370,9617000,772288,82.98,9.14
CE-0369,9616950,772288,65.46,12.13
CE-0372,9616915,772288,59.33,6.01
CE-0371,9620050,772338,276.41,10.72
CE-0374,9620000,772338,254.51,16.87
CE-0373,9619950,772338,240.09,23.96
CE-0360,9619900,772338,226.82,19.72
CE-0359,9619850,772338,229.58,16.8
CE-0362,9619800,772338,246.42,21.63
CE-0361,9619750,772338,267.07,19.93
CE-0364,9619700,772338,283.77,9.82
CE-0363,9619650,772338,282.78,20.21
CE-0366,9619600,772338,276.42,22.95
CE-0365,9619550,772338,265.62,17.13
CE-0384,9619500,772338,248.24,15.17
CE-0383,9619450,772338,250.18,21.45
CE-0386,9619400,772338,279.01,17.26
CE-0385,9619350,772338,303.83,15.12
CE-0388,9619300,772338,333.8,21.42
CE-0387,9619250,772338,375.09,15.63
CE-0390,9619200,772338,398.93,11.41
CE-0389,9619150,772338,433.39,15.41
CE-0376,9619100,772338,444.11,17.2
CE-0375,9619050,772338,425.57,11.64
CE-0378,9619000,772338,408.99,15.78
CE-0377,9618950,772338,394.82,17.95
CE-0380,9618900,772338,385.51,21.13
CE-0379,9618850,772338,396.55,16.23
CE-0382,9618800,772338,401.11,16.47
CE-0381,9618750,772338,406.44,18.46
CE-0336,9618700,772338,426.58,21.71
CE-0335,9618650,772338,441.4,15.35
CE-0338,9618600,772338,453.79,17.37
CE-0337,9618550,772338,471.13,20.12
CE-0340,9618500,772338,498.78,19.79
CE-0339,9618450,772338,533.96,22.48
CE-0342,9618400,772338,554.74,15.28
CE-0341,9618350,772338,592.91,15.27
CE-0328,9618300,772338,604.13,19.14
CE-0327,9618250,772338,599.58,10.64
CE-0330,9618200,772338,572.47,22.5
CE-0329,9618150,772338,537.79,20.93
CE-0332,9618100,772338,509.82,24.3
CE-0331,9618050,772338,463.54,15.39
CE-0334,9618000,772338,433.54,9.43
CE-0333,9617950,772338,408.41,22.0
CE-0352,9617900,772338,394.28,17.84
CE-0351,9617850,772338,376.37,18.92
CE-0354,9617800,772338,359.03,18.06
CE-0353,9617750,772338,347.22,24.57
CE-0356,9617700,772338,336.93,17.68
CE-0355,9617650,772338,323.37,18.43
CE-0358,9617600,772338,306.39,16.02
CE-0357,9617550,772338,289.51,16.53
CE-0344,9617500,772338,274.01,19.68
CE-0343,9617450,772338,255.49,17.11
CE-0346,9617400,772338,231.13,24.04
CE-0345,9617350,772338,214.2,20.37
CE-0348,9617300,772338,198.3,17.77
CE-0347,9617250,772338,177.48,15.19
CE-0350,9617200,772338,166.2,16.83
CE-0349,9617150,772338,163.65,21.83
CE-0304,9617100,772338,142.19,20.78
CE-0303,9617050,772338,120.33,23.0
CE-0306,9617000,772338,103.01,10.58
CE-0305,9616950,772338,89.19,11.08
CE-0308,9616915,772338,82.49,12.22
CE-0307,9620050,772388,269.18,15.59
CE-0310,9620000,772388,248.53,15.93
CE-0309,9619950,772388,229.98,23.74
CE-0296,9619900,772388,220.44,24.34
CE-0295,9619850,772388,225.85,16.69
CE-0298,9619800,772388,246.65,23.08
CE-0297,9619750,772388,265.72,21.05
CE-0300,9619700,772388,270.26,16.03
CE-0299,9619650,772388,255.68,20.73
CE-0302,9619600,772388,244.38,18.1
CE-0301,9619550,772388,239.77,22.75
CE-0320,9619500,772388,236.96,22.77
CE-0319,9619450,772388,255.97,21.26
CE-0322,9619400,772388,276.84,16.6
CE-0321,9619350,772388,291.5,21.44
CE-0324,9619300,772388,314.19,13.04
CE-0323,9619250,772388,359.25,18.16
CE-0326,9619200,772388,398.08,22.94
CE-0325,9619150,772388,440.51,24.9
CE-0312,9619100,772388,436.29,21.34
CE-0311,9619050,772388,420.17,15.27
CE-0314,9619000,772388,394.83,20.98
CE-0313,9618950,772388,376.78,21.87
CE-0316,9618900,772388,363.55,22.04
CE-0315,9618850,772388,383.52,18.52
CE-0318,9618800,772388,395.22,24.54
CE-0317,9618750,772388,401.44,17.93
CE-0272,9618700,772388,405.83,19.77
CE-0271,9618650,772388,414.05,15.28
CE-0274,9618600,772388,431.11,13.13
CE-0273,9618550,772388,449.56,21.14
CE-0276,9618500,772388,480.65,22.69
CE-0275,9618450,772388,523.67,22.73
CE-0278,9618400,772388,555.88,15.69
CE-0277,9618350,772388,598.98,22.34
CE-0264,9618300,772388,608.9,15.4
CE-0263,9618250,772388,589.01,21.24
CE-0266,9618200,772388,571.18,24.53
CE-0265,9618150,772388,540.53,21.42
CE-0268,9618100,772388,514.97,23.31
CE-0267,9618050,772388,483.16,20.5
CE-0270,9618000,772388,456.61,18.85
CE-0269,9617950,772388,428.68,15.38
CE-0288,9617900,772388,410.74,21.75
CE-0287,9617850,772388,383.59,17.82
CE-0290,9617800,772388,351.02,22.27
CE-0289,9617750,772388,331.44,13.43
CE-0292,9617700,772388,314.08,16.53
CE-0291,9617650,772388,300.96,22.49
CE-0294,9617600,772388,277.38,22.22
CE-0293,9617550,772388,262.11,15.7
CE-0280,9617500,772388,243.84,24.94
CE-0279,9617450,772388,226.66,16.15
CE-0282,9617400,772388,206.67,21.84
CE-0281,9617350,772388,183.94,24.16
CE-0284,9617300,772388,170.11,23.33
CE-0283,9617250,772388,168.35,19.34
CE-0286,9617200,772388,174.64,22.61
CE-0285,9617150,772388,165.42,9.92
CE-0240,9617100,772388,154.81,20.77
CE-0239,9617050,772388,141.18,22.2
CE-0242,9617000,772388,125.0,13.06
CE-0241,9616950,772388,107.51,10.46
CE-0244,9616915,772388,99.21,10.51
CE-0243,9620050,772438,263.1,20.48
CE-0246,9620000,772438,238.42,9.72
CE-0245,9619950,772438,227.53,17.85
CE-0232,9619900,772438,215.07,20.49
CE-0231,9619850,772438,222.28,12.47
CE-0234,9619800,772438,245.19,13.9
CE-0233,9619750,772438,265.51,24.98
CE-0236,9619700,772438,244.22,19.27
CE-0235,9619650,772438,221.18,17.15
CE-0238,9619600,772438,214.08,17.63
CE-0237,9619550,772438,216.39,16.67
CE-0256,9619500,772438,226.99,20.98
CE-0255,9619450,772438,253.23,14.29
CE-0258,9619400,772438,255.16,15.99
CE-0257,9619350,772438,270.95,24.06
CE-0260,9619300,772438,310.42,23.02
CE-0259,9619250,772438,351.27,16.7
CE-0262,9619200,772438,401.46,10.21
CE-0261,9619150,772438,418.78,19.49
CE-0248,9619100,772438,418.22,21.84
CE-0247,9619050,772438,404.12,20.25
CE-0250,9619000,772438,383.54,19.29
CE-0249,9618950,772438,362.55,19.86
CE-0252,9618900,772438,350.72,22.41
CE-0251,9618850,772438,370.29,23.58
CE-0254,9618800,772438,387.36,17.85
CE-0253,9618750,772438,393.3,15.74
CE-0208,9618700,772438,392.33,13.99
CE-0207,9618650,772438,396.84,18.63
CE-0210,9618600,772438,415.08,16.06
CE-0209,9618550,772438,444.33,14.33
CE-0212,9618500,772438,488.18,15.69
CE-0211,9618450,772438,527.17,19.99
CE-0214,9618400,772438,560.49,20.0
CE-0213,9618350,772438,598.54,21.28
CE-0200,9618300,772438,584.09,15.46
CE-0199,9618250,772438,559.64,22.8
CE-0202,9618200,772438,547.27,18.25
CE-0201,9618150,772438,529.27,23.87
CE-0204,9618100,772438,511.98,22.41
CE-0203,9618050,772438,488.01,22.42
CE-0206,9618000,772438,461.27,9.7
CE-0205,9617950,772438,434.71,23.45
CE-0224,9617900,772438,417.46,16.25
CE-0223,9617850,772438,393.07,21.76
CE-0226,9617800,772438,361.24,16.01
CE-0225,9617750,772438,332.49,13.93
CE-0228,9617700,772438,313.72,22.37
CE-0227,9617650,772438,285.03,17.48
CE-0230,9617600,772438,258.89,22.36
CE-0229,9617550,772438,233.09,15.11
CE-0216,9617500,772438,210.19,11.18
CE-0215,9617450,772438,193.54,17.43
CE-0218,9617400,772438,182.0,12.91
CE-0217,9617350,772438,161.31,16.02
CE-0220,9617300,772438,144.63,15.79
CE-0219,9617250,772438,151.64,18.26
CE-0222,9617200,772438,152.1,22.73
CE-0221,9617150,772438,143.68,21.0
CE-0176,9617100,772438,137.58,19.48
CE-0175,9617050,772438,147.35,22.49
CE-0178,9617000,772438,124.11,13.6
CE-0177,9616950,772438,112.5,8.32
CE-0180,9616915,772438,113.35,8.32
CE-0179,9620050,772488,252.94,10.54
CE-0182,9620000,772488,227.48,20.34
CE-0181,9619950,772488,214.9,22.03
CE-0168,9619900,772488,217.38,18.97
CE-0167,9619850,772488,225.35,24.0
CE-0170,9619800,772488,241.55,20.36
CE-0169,9619750,772488,260.52,12.76
CE-0172,9619700,772488,232.82,17.37
CE-0171,9619650,772488,201.97,22.04
CE-0174,9619600,772488,189.55,10.06
CE-0173,9619550,772488,194.34,24.6
CE-0192,9619500,772488,213.93,11.18
CE-0191,9619450,772488,233.48,22.66
CE-0194,9619400,772488,246.89,22.96
CE-0193,9619350,772488,275.53,21.58
CE-0196,9619300,772488,303.42,9.23
CE-0195,9619250,772488,348.84,19.0
CE-0198,9619200,772488,377.89,15.43
CE-0197,9619150,772488,392.17,22.04
CE-0184,9619100,772488,390.15,9.25
CE-0183,9619050,772488,379.03,23.46
CE-0186,9619000,772488,364.09,9.33
CE-0185,9618950,772488,346.28,20.71
CE-0188,9618900,772488,338.0,22.76
CE-0187,9618850,772488,356.54,19.47
CE-0190,9618800,772488,376.18,23.43
CE-0189,9618750,772488,374.18,24.95
CE-0144,9618700,772488,374.7,23.45
CE-0143,9618650,772488,379.87,21.29
CE-0146,9618600,772488,414.51,15.32
CE-0145,9618550,772488,453.29,24.78
CE-0148,9618500,772488,480.65,21.36
CE-0147,9618450,772488,519.31,24.4
CE-0150,9618400,772488,550.38,18.08
CE-0149,9618350,772488,585.83,18.36
CE-0136,9618300,772488,561.51,16.61
CE-0135,9618250,772488,533.43,17.75
CE-0138,9618200,772488,522.27,16.37
CE-0137,9618150,772488,501.45,16.11
CE-0140,9618100,772488,488.4,22.31
CE-0139,9618050,772488,468.31,19.27
CE-0142,9618000,772488,446.88,17.42
CE-0141,9617950,772488,429.24,16.8
CE-0160,9617900,772488,403.49,20.31
CE-0159,9617850,772488,387.69,15.77
CE-0162,9617800,772488,370.81,18.82
CE-0161,9617750,772488,347.13,16.08
CE-0164,9617700,772488,314.14,10.96
CE-0163,9617650,772488,282.7,16.3
CE-0166,9617600,772488,255.74,9.21
CE-0165,9617550,772488,223.29,17.27
CE-0152,9617500,772488,191.45,16.17
CE-0151,9617450,772488,172.51,23.35
CE-0154,9617400,772488,152.99,17.42
CE-0153,9617350,772488,136.27,19.28
CE-0156,9617300,772488,123.97,24.35
CE-0155,9617250,772488,126.46,22.73
CE-0158,9617200,772488,125.46,17.77
CE-0157,9617150,772488,119.42,7.9
CE-1136,9617100,772488,120.34,23.21
CE-1135,9617050,772488,123.33,23.98
CE-1138,9617000,772488,107.85,8.96
CE-1137,9616950,772488,89.19,13.45
CE-1140,9616915,772488,98.85,6.56
CE-1139,9620050,772538,243.11,20.98
CE-1142,9620000,772538,217.46,16.52
CE-1141,9619950,772538,199.54,12.09
CE-1128,9619900,772538,220.08,24.08
CE-1127,9619850,772538,244.26,19.33
CE-1130,9619800,772538,259.16,23.54
CE-1129,9619750,772538,256.11,15.7
CE-1132,9619700,772538,228.28,9.44
CE-1131,9619650,772538,199.09,19.93
CE-1134,9619600,772538,175.71,17.47
CE-1133,9619550,772538,183.25,15.13
CE-1152,9619500,772538,207.62,18.66
CE-1151,9619450,772538,235.36,12.99
CE-1154,9619400,772538,257.76,23.56
CE-1153,9619350,772538,286.95,21.03
CE-1156,9619300,772538,306.03,15.96
CE-1155,9619250,772538,346.14,12.07
CE-1158,9619200,772538,368.84,16.41
CE-1157,9619150,772538,387.54,23.3
CE-1144,9619100,772538,377.31,17.75
CE-1143,9619050,772538,363.65,17.52
CE-1146,9619000,772538,351.91,21.51
CE-1145,9618950,772538,339.24,17.72
CE-1148,9618900,772538,322.77,13.6
CE-1147,9618850,772538,336.19,11.3
CE-1150,9618800,772538,353.92,15.11
CE-1149,9618750,772538,364.19,13.63
CE-1104,9618700,772538,368.43,16.64
CE-1103,9618650,772538,364.87,18.0
CE-1106,9618600,772538,392.58,22.41
CE-1105,9618550,772538,449.69,16.12
CE-1108,9618500,772538,471.46,24.87
CE-1107,9618450,772538,508.32,21.03
CE-1110,9618400,772538,545.18,24.81
CE-1109,9618350,772538,566.58,19.54
CE-1096,9618300,772538,536.67,16.21
CE-1095,9618250,772538,511.22,19.4
CE-1098,9618200,772538,501.56,22.44
CE-1097,9618150,772538,479.02,19.12
CE-1100,9618100,772538,452.93,10.63
CE-1099,9618050,772538,441.69,19.51
CE-1102,9618000,772538,426.54,19.21
CE-1101,9617950,772538,407.4,21.8
CE-1120,9617900,772538,389.14,21.38
CE-1119,9617850,772538,371.22,20.66
CE-1122,9617800,772538,357.27,16.25
CE-1121,9617750,772538,342.77,17.16
CE-1124,9617700,772538,320.52,22.63
CE-1123,9617650,772538,295.79,17.46
CE-1126,9617600,772538,263.78,18.13
CE-1125,9617550,772538,220.68,19.28
CE-1112,9617500,772538,181.99,21.67
CE-1111,9617450,772538,156.19,24.84
CE-1114,9617400,772538,130.96,20.47
CE-1113,9617350,772538,119.48,8.96
CE-1116,9617300,772538,107.89,8.04
CE-1115,9617250,772538,100.98,13.68
CE-1118,9617200,772538,97.53,5.32
CE-1117,9617150,772538,101.34,11.93
CE-1072,9617100,772538,99.43,9.59
CE-1071,9617050,772538,106.42,13.09
CE-1074,9617000,772538,92.35,10.47
CE-1073,9616950,772538,75.68,12.33
CE-1076,9616915,772538,81.19,8.04
CE-1075,9620050,772588,237.53,22.96
CE-1078,9620000,772588,207.84,17.87
CE-1077,9619950,772588,192.23,18.33
CE-1064,9619900,772588,210.44,22.32
CE-1063,9619850,772588,233.91,15.61
CE-1066,9619800,772588,254.06,18.21
CE-1065,9619750,772588,242.0,15.43
CE-1068,9619700,772588,211.15,17.38
CE-1067,9619650,772588,190.82,15.89
CE-1070,9619600,772588,169.34,18.34
CE-1069,9619550,772588,181.46,23.45
CE-1088,9619500,772588,221.8,19.8
CE-1087,9619450,772588,243.9,23.33
CE-1090,9619400,772588,268.39,19.33
CE-1089,9619350,772588,293.87,16.83
CE-1092,9619300,772588,314.71,20.44
CE-1091,9619250,772588,342.65,15.35
CE-1094,9619200,772588,371.07,24.5
CE-1093,9619150,772588,377.3,18.54
CE-1080,9619100,772588,362.49,19.55
CE-1079,9619050,772588,342.46,18.43
CE-1082,9619000,772588,339.07,23.59
CE-1081,9618950,772588,327.9,19.55
CE-1084,9618900,772588,310.23,21.09
CE-1083,9618850,772588,316.01,13.42
CE-1086,9618800,772588,332.28,18.56
CE-1085,9618750,772588,344.87,21.63
CE-1040,9618700,772588,352.97,16.58
CE-1039,9618650,772588,359.02,17.07
CE-1042,9618600,772588,387.01,15.23
CE-1041,9618550,772588,425.52,21.39
CE-1044,9618500,772588,466.79,21.03
CE-1043,9618450,772588,508.6,17.22
CE-1046,9618400,772588,542.89,15.76
CE-1045,9618350,772588,537.75,10.9
CE-1032,9618300,772588,507.98,19.03
CE-1031,9618250,772588,490.43,9.63
CE-1034,9618200,772588,479.48,20.04
CE-1033,9618150,772588,456.98,22.41
CE-1036,9618100,772588,431.8,15.84
CE-1035,9618050,772588,420.1,12.54
CE-1038,9618000,772588,404.22,18.99
CE-1037,9617950,772588,386.49,14.1
CE-1056,9617900,772588,370.96,21.26
CE-1055,9617850,772588,359.42,13.97
CE-1058,9617800,772588,343.29,22.73
CE-1057,9617750,772588,331.84,10.42
CE-1060,9617700,772588,316.59,18.76
CE-1059,9617650,772588,296.2,14.43
CE-1062,9617600,772588,269.08,20.1
CE-1061,9617550,772588,228.17,24.96
CE-1048,9617500,772588,187.08,21.16
CE-1047,9617450,772588,154.7,15.42
CE-1050,9617400,772588,128.72,15.23
CE-1049,9617350,772588,108.34,7.37
CE-1052,9617300,772588,93.11,12.66
CE-1051,9617250,772588,82.37,11.75
CE-1054,9617200,772588,75.69,13.67
CE-1053,9617150,772588,82.57,8.14
CE-1008,9617100,772588,79.84,13.63
CE-1007,9617050,772588,90.25,11.91
CE-1010,9617000,772588,78.95,12.82
CE-1009,9616950,772588,64.65,13.33
CE-1012,9616915,772588,72.68,12.46
CE-1011,9620050,772638,230.63,22.35
CE-1014,9620000,772638,200.97,22.08
CE-1013,9619950,772638,181.31,20.04
CE-1000,9619900,772638,188.77,15.09
CE-0999,9619850,772638,196.63,9.78
CE-1002,9619800,772638,200.88,21.16
CE-1001,9619750,772638,216.19,23.31
CE-1004,9619700,772638,182.7,13.36
CE-1003,9619650,772638,171.8,20.83
CE-1006,9619600,772638,161.38,17.78
CE-1005,9619550,772638,184.53,17.4
CE-1024,9619500,772638,215.54,18.4
CE-1023,9619450,772638,235.12,11.7
CE-1026,9619400,772638,256.94,22.67
CE-1025,9619350,772638,281.05,15.08
CE-1028,9619300,772638,306.71,19.77
CE-1027,9619250,772638,329.28,23.57
CE-1030,9619200,772638,358.36,21.25
CE-1029,9619150,772638,356.16,22.25
CE-1016,9619100,772638,336.67,21.74
CE-1015,9619050,772638,322.06,17.09
CE-1018,9619000,772638,319.7,16.77
CE-1017,9618950,772638,316.79,24.37
CE-1020,9618900,772638,303.07,10.3
CE-1019,9618850,772638,294.87,14.54
CE-1022,9618800,772638,309.75,15.48
CE-1021,9618750,772638,329.23,20.72
CE-0976,9618700,772638,348.29,23.18
CE-0975,9618650,772638,356.39,23.94
CE-0978,9618600,772638,376.85,17.73
CE-0977,9618550,772638,430.05,18.04
CE-0980,9618500,772638,458.59,24.19
CE-0979,9618450,772638,507.3,20.37
CE-0982,9618400,772638,522.01,23.42
CE-0981,9618350,772638,505.46,24.12
CE-0968,9618300,772638,483.32,15.44
CE-0967,9618250,772638,470.69,22.83
CE-0970,9618200,772638,453.64,19.42
CE-0969,9618150,772638,430.06,20.0
CE-0972,9618100,772638,409.22,22.48
CE-0971,9618050,772638,396.07,21.16
CE-0974,9618000,772638,385.89,22.67
CE-0973,9617950,772638,366.3,18.97
CE-0992,9617900,772638,340.43,19.27
CE-0991,9617850,772638,337.83,20.91
CE-0994,9617800,772638,318.24,18.21
CE-0993,9617750,772638,314.09,10.21
CE-0996,9617700,772638,298.98,16.02
CE-0995,9617650,772638,279.36,18.25
CE-0998,9617600,772638,256.88,20.68
CE-0997,9617550,772638,222.75,23.81
CE-0984,9617500,772638,185.87,24.13
CE-0983,9617450,772638,158.38,21.13
CE-0986,9617400,772638,129.28,17.92
CE-0985,9617350,772638,104.71,6.13
CE-0988,9617300,772636,87.24,13.1
CE-0987,9617250,772636,76.88,11.36
CE-0990,9617200,772636,68.37,8.65
CE-0989,9617150,772636,62.67,8.84
CE-0944,9617100,772636,63.86,9.04
CE-0943,9617050,772636,72.54,13.38
CE-0946,9617000,772636,67.08,10.5
CE-0945,9616950,772636,58.88,12.97
CE-0948,9616915,772636,62.26,8.39
CE-0947,9620050,772688,224.76,11.19
CE-0950,9620000,772688,197.11,19.93
CE-0949,9619950,772688,177.49,22.14
CE-0936,9619900,772688,159.83,11.21
CE-0935,9619850,772688,163.92,12.36
CE-0938,9619800,772688,167.23,15.35
CE-0937,9619750,772688,173.99,19.73
CE-0940,9619700,772688,160.12,17.12
CE-0939,9619650,772688,153.84,16.77
CE-0942,9619600,772688,161.1,11.02
CE-0941,9619550,772688,177.09,9.91
CE-0960,9619500,772688,199.45,23.22
CE-0959,9619450,772688,219.83,20.3
CE-0962,9619400,772688,246.44,20.56
CE-0961,9619350,772688,269.84,11.43
CE-0964,9619300,772688,288.17,19.07
CE-0963,9619250,772688,317.39,21.75
CE-0966,9619200,772688,337.61,13.3
CE-0965,9619150,772688,338.43,22.19
CE-0952,9619100,772688,319.2,15.31
CE-0951,9619050,772688,303.15,19.63
CE-0954,9619000,772688,288.29,23.69
CE-0953,9618950,772688,290.47,19.39
CE-0956,9618900,772688,284.53,21.7
CE-0955,9618850,772688,286.15,16.0
CE-0958,9618800,772688,296.09,9.12
CE-0957,9618750,772688,310.37,19.56
CE-0912,9618700,772688,333.45,18.36
CE-0911,9618650,772688,356.57,18.83
CE-0914,9618600,772688,368.07,24.59
CE-0913,9618550,772688,403.93,24.85
CE-0916,9618500,772688,458.33,21.66
CE-0915,9618450,772688,500.52,10.2
CE-0918,9618400,772688,488.83,20.21
CE-0917,9618350,772688,465.4,17.93
CE-0904,9618300,772688,462.62,15.94
CE-0903,9618250,772688,457.73,23.82
CE-0906,9618200,772688,434.82,23.47
CE-0905,9618150,772688,409.15,20.03
CE-0908,9618100,772688,387.81,17.42
CE-0907,9618050,772688,375.03,19.84
CE-0910,9618000,772688,366.17,21.07
CE-0909,9617950,772688,347.32,23.87
CE-0928,9617900,772688,327.96,16.01
CE-0927,9617850,772688,313.31,22.22
CE-0930,9617800,772688,300.14,18.65
CE-0929,9617750,772688,289.84,20.54
CE-0932,9617700,772688,277.32,16.37
CE-0931,9617650,772688,255.44,20.3
CE-0934,9617600,772688,235.72,22.84
CE-0933,9617550,772688,219.42,13.91
CE-0920,9617500,772688,195.53,22.03
CE-0919,9617450,772688,171.81,21.56
CE-0922,9617400,772688,140.21,24.78
CE-0921,9617351,772688,114.31,8.85
CE-0924,9620050,772738,223.09,15.08
CE-0923,9620000,772738,194.19,15.46
CE-0926,9619950,772738,169.14,16.0
CE-0925,9619900,772738,148.44,16.69
CE-0880,9619850,772738,144.8,15.31
CE-0879,9619800,772738,144.12,21.06
CE-0882,9619750,772738,151.26,16.98
CE-0881,9619700,772738,142.18,16.06
CE-0884,9619650,772738,155.43,15.1
CE-0883,9619600,772738,169.01,11.02
CE-0886,9619550,772738,185.06,24.38
CE-0885,9619500,772738,207.88,18.59
CE-0872,9619450,772738,231.76,17.01
CE-0871,9619400,772738,254.13,21.88
CE-0874,9619350,772738,268.6,23.5
CE-0873,9619300,772738,286.23,22.38
CE-0876,9619250,772738,318.43,19.31
CE-0875,9619200,772738,317.93,18.61
CE-0878,9619150,772738,298.62,22.26
CE-0877,9619100,772738,298.45,21.49
CE-0896,9619050,772738,287.45,15.09
CE-0895,9619000,772738,270.31,17.34
CE-0898,9618950,772738,262.3,23.24
CE-0897,9618900,772738,257.61,20.81
CE-0900,9618850,772738,275.71,19.51
CE-0899,9618800,772738,278.48,24.24
CE-0902,9618750,772738,295.67,17.25
CE-0901,9618700,772738,321.17,23.33
CE-0888,9618650,772738,344.16,16.55
CE-0887,9618600,772738,364.31,18.81
CE-0890,9618550,772738,399.63,19.83
CE-0889,9618500,772738,454.84,22.77
CE-0892,9618450,772738,484.59,15.21
CE-0891,9618400,772738,457.9,18.75
CE-0894,9618350,772738,434.02,9.77
CE-0893,9618300,772738,437.82,18.22
CE-0848,9618250,772738,442.0,10.81
CE-0847,9618200,772738,422.4,22.35
CE-0850,9618150,772738,400.1,16.9
CE-0849,9618100,772738,384.18,17.33
CE-0852,9618050,772738,358.31,24.31
CE-0851,9618000,772738,340.42,13.02
CE-0854,9617950,772738,327.89,9.21
CE-0853,9617900,772738,314.65,18.99
CE-0840,9617850,772738,296.54,11.77
CE-0839,9617800,772738,278.78,18.62
CE-0842,9617750,772738,270.99,17.62
CE-0841,9617700,772738,254.38,24.85
CE-0844,9617650,772738,233.72,21.97
CE-0843,9617600,772738,214.79,17.83
CE-0846,9617550,772738,200.96,15.44
CE-0845,9617500,772738,184.66,21.33
CE-0864,9617450,772738,161.99,19.59
CE-0863,9617400,772738,142.65,15.37
CE-0866,9617351,772738,117.6,9.58
CE-0865,9620050,772788,223.51,20.03
CE-0868,9620000,772788,200.94,23.76
CE-0867,9619950,772788,168.44,15.34
CE-0870,9619900,772788,144.16,21.69
CE-0869,9619850,772788,132.79,23.3
CE-0856,9619800,772788,126.74,22.33
CE-0855,9619750,772788,127.22,23.72
CE-0858,9619700,772788,132.7,15.2
CE-0857,9619650,772788,171.35,19.21
CE-0860,9619600,772788,191.49,20.8
CE-0859,9619550,772788,203.14,11.8
CE-0862,9619500,772788,229.77,23.68
CE-0861,9619450,772788,245.86,18.36
CE-0816,9619400,772788,259.09,24.0
CE-0815,9619350,772788,270.67,9.96
CE-0818,9619300,772788,285.19,22.5
CE-0817,9619250,772788,314.11,12.34
CE-0820,9619200,772788,299.16,12.42
CE-0819,9619150,772788,278.66,15.19
CE-0822,9619100,772788,271.21,19.5
CE-0821,9619050,772788,270.61,16.71
CE-0808,9619000,772788,251.03,16.93
CE-0807,9618950,772788,233.37,17.18
CE-0810,9618900,772788,241.88,24.04
CE-0809,9618850,772788,259.59,15.25
CE-0812,9618800,772788,265.38,19.3
CE-0811,9618750,772788,276.56,21.56
CE-0814,9618700,772788,304.64,15.57
CE-0813,9618650,772788,337.62,20.77
CE-0832,9618600,772788,371.75,24.5
CE-0831,9618550,772788,405.53,20.59
CE-0834,9618500,772788,455.32,14.34
CE-0833,9618450,772788,450.17,23.24
CE-0836,9618400,772788,421.26,17.22
CE-0835,9618350,772788,408.47,22.21
CE-0838,9618300,772788,398.61,19.21
CE-0837,9618250,772788,412.33,17.74
CE-0824,9618200,772788,402.67,18.21
CE-0823,9618150,772788,393.34,11.07
CE-0826,9618100,772788,375.31,24.58
CE-0825,9618050,772788,350.75,24.51
CE-0828,9618000,772788,325.59,20.59
CE-0827,9617950,772788,308.7,22.07
CE-0830,9617900,772788,293.71,22.72
CE-0829,9617850,772788,287.4,15.16
CE-0784,9617800,772788,271.09,19.02
CE-0783,9617750,772788,250.22,17.64
CE-0786,9617700,772788,228.16,19.15
CE-0785,9617650,772788,208.77,19.83
CE-0788,9617600,772788,189.97,24.97
CE-0787,9617550,772788,175.26,12.35
CE-0790,9617500,772788,154.1,19.45
CE-0789,9617450,772788,133.93,24.39
CE-0776,9617400,772788,123.54,17.02
CE-0775,9617351,772788,113.07,8.08
CE-0778,9620050,772838,226.7,16.76
CE-0777,9620000,772838,197.61,16.25
CE-0780,9619950,772838,173.44,21.45
CE-0779,9619900,772838,145.7,18.95
CE-0782,9619850,772838,124.49,12.72
CE-0781,9619800,772838,114.44,10.63
CE-0800,9619750,772838,116.89,9.2
CE-0799,9619700,772838,134.19,15.38
CE-0802,9619650,772838,175.23,23.28
CE-0801,9619600,772838,199.99,18.11
CE-0804,9619550,772838,220.01,24.44
CE-0803,9619500,772838,235.12,24.55
CE-0806,9619450,772838,237.59,19.03
CE-0805,9619400,772838,244.76,21.03
CE-0792,9619350,772838,261.82,19.43
CE-0791,9619300,772838,278.41,22.38
CE-0794,9619250,772838,297.02,23.85
CE-0793,9619200,772838,273.3,20.66
CE-0796,9619150,772838,256.06,16.09
CE-0795,9619100,772838,242.87,22.52
CE-0798,9619050,772838,241.17,19.58
CE-0797,9619000,772838,231.8,17.43
CE-0752,9618950,772838,214.18,16.75
CE-0751,9618900,772838,234.0,23.02
CE-0754,9618850,772838,242.93,15.58
CE-0753,9618800,772838,251.56,20.34
CE-0756,9618750,772838,272.51,15.95
CE-0755,9618700,772838,295.94,18.26
CE-0758,9618650,772838,330.85,17.01
CE-0757,9618600,772838,376.25,24.02
CE-0744,9618550,772838,409.41,10.63
CE-0743,9618500,772838,426.51,19.83
CE-0746,9618450,772838,403.54,17.88
CE-0745,9618400,772838,393.79,17.05
CE-0748,9618350,772838,388.19,12.93
CE-0747,9618300,772838,370.19,21.66
CE-0750,9618250,772838,383.41,15.74
CE-0749,9618200,772838,373.36,22.55
CE-0768,9618150,772838,378.09,22.84
CE-0767,9618100,772838,362.49,20.99
CE-0770,9618050,772838,340.3,17.78
CE-0769,9618000,772838,316.79,15.98
CE-0772,9617950,772838,295.14,16.96
CE-0771,9617900,772838,281.48,15.82
CE-0774,9617850,772838,267.16,20.27
CE-0773,9617800,772838,252.44,22.34
CE-0760,9617750,772838,233.57,20.63
CE-0759,9617700,772838,201.69,17.45
CE-0762,9617650,772838,177.7,21.11
CE-0761,9617600,772838,159.44,9.59
CE-0764,9617550,772838,140.05,13.37
CE-0763,9617500,772838,122.95,18.99
CE-0766,9617450,772838,112.36,9.92
CE-0765,9617400,772838,98.85,5.5
CE-0720,9617351,772838,95.29,11.92
CE-0719,9620050,772888,230.36,18.35
CE-0722,9620000,772888,196.82,11.13
CE-0721,9619950,772888,170.04,13.11
CE-0724,9619900,772888,144.33,15.08
CE-0723,9619850,772888,122.74,19.94
CE-0726,9619800,772888,111.63,9.2
CE-0725,9619750,772888,111.81,8.33
CE-0712,9619700,772888,134.45,16.37
CE-0711,9619650,772888,170.61,16.77
CE-0714,9619600,772888,198.53,13.81
CE-0713,9619550,772888,213.56,23.52
CE-0716,9619500,772888,221.82,17.53
CE-0715,9619450,772888,218.86,20.0
CE-0718,9619400,772888,230.64,16.77
CE-0717,9619350,772888,250.87,21.73
CE-0736,9619300,772888,260.62,14.23
CE-0735,9619250,772888,266.8,18.34
CE-0738,9619200,772888,240.43,16.5
CE-0737,9619150,772888,226.52,13.22
CE-0740,9619100,772888,220.72,20.25
CE-0739,9619050,772888,219.03,9.51
CE-0742,9619000,772888,211.43,22.47
CE-0741,9618950,772888,203.5,21.87
CE-0728,9618900,772888,213.98,20.4
CE-0727,9618850,772888,227.07,19.24
CE-0730,9618800,772888,245.13,17.28
CE-0729,9618750,772888,279.2,18.51
CE-0732,9618700,772888,302.49,17.29
CE-0731,9618650,772888,331.62,24.15
CE-0734,9618600,772888,371.66,16.26
CE-0733,9618550,772888,386.12,24.79
CE-0688,9618500,772888,383.56,21.02
CE-0687,9618450,772888,367.4,24.4
CE-0690,9618400,772888,362.47,16.43
CE-0689,9618350,772888,357.43,16.09
CE-0692,9618300,772888,341.02,21.99
CE-0691,9618250,772888,343.02,24.48
CE-0694,9618200,772888,341.26,12.54
CE-0693,9618150,772888,351.22,21.02
CE-0680,9618100,772888,347.75,17.15
CE-0679,9618050,772888,328.55,10.69
CE-0682,9618000,772888,307.35,24.33
CE-0681,9617950,772888,291.26,18.87
CE-0684,9617900,772888,271.83,24.92
CE-0683,9617850,772888,241.59,15.03
CE-0686,9617800,772888,222.96,22.1
CE-0685,9617750,772888,205.56,20.64
CE-0704,9617700,772888,175.24,16.33
CE-0703,9617650,772888,145.85,12.75
CE-0706,9617600,772888,121.68,23.14
CE-0705,9617550,772888,116.09,9.87
CE-0708,9617500,772888,104.38,8.44
CE-0707,9617450,772888,94.8,11.67
CE-0710,9617400,772888,80.69,11.25
CE-0709,9617351,772888,72.61,7.84
CE-0696,9620050,772938,230.56,16.42
CE-0695,9620000,772938,200.74,20.03
CE-0698,9619950,772938,174.63,22.15
CE-0697,9619900,772938,148.06,19.77
CE-0700,9619850,772938,123.79,23.13
CE-0699,9619800,772938,108.44,11.39
CE-0702,9619750,772938,106.27,9.04
CE-0701,9619700,772938,136.07,24.68
CE-0656,9619650,772938,168.65,22.48
CE-0655,9619600,772938,191.62,14.91
CE-0658,9619550,772938,190.71,13.15
CE-0657,9619500,772938,199.74,10.56
CE-0660,9619450,772938,202.37,18.19
CE-0659,9619400,772938,223.1,16.49
CE-0662,9619350,772938,238.37,15.19
CE-0661,9619300,772938,240.9,15.83
CE-0648,9619250,772938,240.48,20.05
CE-0647,9619200,772938,219.16,14.49
CE-0650,9619150,772938,201.27,21.87
CE-0649,9619100,772938,194.65,22.6
CE-0652,9619050,772938,204.67,22.56
CE-0651,9619000,772938,188.81,15.56
CE-0654,9618950,772938,190.26,20.49
CE-0653,9618900,772938,206.62,17.2
CE-0672,9618850,772938,222.84,24.14
CE-0671,9618800,772938,246.37,18.05
CE-0674,9618750,772938,272.79,24.56
CE-0673,9618700,772938,292.88,22.16
CE-0676,9618650,772938,329.27,19.64
CE-0675,9618600,772938,359.04,21.91
CE-0678,9618550,772938,348.58,18.91
CE-0677,9618500,772938,341.98,20.23
CE-0664,9618450,772938,338.61,18.71
CE-0663,9618400,772938,334.25,22.18
CE-0666,9618350,772938,333.4,19.87
CE-0665,9618300,772938,314.6,17.06
CE-0668,9618250,772938,317.09,20.29
CE-0667,9618200,772938,317.56,15.04
CE-0670,9618150,772938,322.18,20.36
CE-0669,9618100,772938,325.95,17.69
CE-3695,9618050,772938,318.94,24.76
CE-3694,9618000,772938,301.61,14.19
CE-3697,9617950,772938,287.21,24.63
CE-3696,9617900,772938,270.4,20.44
CE-3699,9617850,772938,240.63,17.86
CE-3698,9617800,772938,212.98,18.82
CE-3701,9617750,772938,184.05,23.98
CE-3700,9617700,772938,152.22,15.55
CE-3687,9617650,772938,130.09,20.34
CE-3686,9617600,772938,114.97,10.12
CE-3689,9617550,772938,100.82,8.07
CE-3688,9617500,772938,92.34,11.51
CE-3691,9617450,772938,76.32,7.64
CE-3690,9617400,772938,73.09,13.4
CE-3693,9617351,772938,60.56,9.99
CE-3692,9620050,772988,233.67,17.06
CE-3711,9620000,772988,210.27,16.71
CE-3710,9619950,772988,190.74,22.75
CE-3713,9619900,772988,161.06,23.36
CE-3712,9619850,772988,131.3,15.37
CE-3715,9619800,772988,112.49,5.09
CE-3714,9619750,772988,100.48,4.83
CE-3717,9619700,772988,125.02,14.15
CE-3716,9619650,772988,155.22,20.5
CE-3703,9619600,772988,178.21,24.08
CE-3702,9619550,772988,172.37,12.09
CE-3705,9619500,772988,194.11,20.99
CE-3704,9619450,772988,193.43,20.24
CE-3707,9619400,772988,217.76,23.43
CE-3706,9619350,772988,217.91,18.85
CE-3709,9619300,772988,220.34,16.94
CE-3708,9619250,772988,222.94,23.43
CE-3663,9619200,772988,206.16,21.08
CE-3662,9619150,772988,192.44,22.66
CE-3665,9619100,772988,179.04,21.56
CE-3664,9619050,772988,172.35,19.19
CE-3667,9619000,772988,167.38,24.53
CE-3666,9618950,772988,170.9,11.8
CE-3669,9618900,772988,196.63,12.57
CE-3668,9618850,772988,217.75,11.33
CE-3655,9618800,772988,246.7,12.64
CE-3654,9618750,772988,263.27,18.87
CE-3657,9618700,772988,271.02,16.26
CE-3656,9618650,772988,299.9,24.57
CE-3659,9618600,772988,324.39,18.59
CE-3658,9618550,772988,318.39,20.68
CE-3661,9618500,772988,314.78,20.6
CE-3660,9618450,772988,304.54,24.58
CE-3679,9618400,772988,298.36,23.33
CE-3678,9618350,772988,310.43,21.28
CE-3681,9618300,772988,294.23,22.52
CE-3680,9618250,772988,291.41,15.8
CE-3683,9618200,772988,298.09,24.83
CE-3682,9618150,772988,299.16,18.16
CE-3685,9618100,772988,306.43,15.17
CE-3684,9618050,772988,300.47,11.11
CE-3671,9618000,772988,288.41,24.64
CE-3670,9617950,772988,281.69,17.22
CE-3673,9617900,772988,264.66,22.0
CE-3672,9617850,772988,243.2,13.16
CE-3675,9617800,772988,207.49,25.0
CE-3674,9617750,772988,174.16,18.24
CE-3677,9617700,772988,149.89,24.27
CE-3676,9617650,772988,129.48,20.86
CE-3631,9617600,772988,112.78,9.12
CE-3630,9617550,772988,101.31,13.79
CE-3633,9617500,772988,85.34,6.06
CE-3632,9617450,772988,65.15,11.16
CE-3635,9617400,772988,61.59,13.65
CE-3634,9617351,772988,53.69,10.23
CE-3637,9620050,773038,238.63,19.52
CE-3636,9620000,773038,214.34,18.74
CE-3623,9619950,773038,193.6,22.15
CE-3622,9619900,773038,169.79,12.05
CE-3625,9619850,773038,139.36,23.92
CE-3624,9619800,773038,111.38,11.1
CE-3627,9619750,773038,99.31,9.77
CE-3626,9619700,773038,103.89,5.54
CE-3629,9619650,773038,124.67,20.65
CE-3628,9619600,773038,159.58,17.53
CE-3647,9619550,773038,159.99,23.36
CE-3646,9619500,773038,181.13,15.15
CE-3649,9619450,773038,180.24,22.03
CE-3648,9619400,773038,195.16,16.34
CE-3651,9619350,773038,196.51,13.43
CE-3650,9619300,773038,194.57,21.6
CE-3653,9619250,773038,202.6,21.17
CE-3652,9619200,773038,194.91,23.94
CE-3639,9619150,773038,186.97,19.66
CE-3638,9619100,773038,175.11,19.59
CE-3641,9619050,773038,163.67,23.47
CE-3640,9619000,773038,157.52,19.97
CE-3643,9618950,773038,151.27,24.23
CE-3642,9618900,773038,174.31,12.59
CE-3645,9618850,773038,208.64,16.94
CE-3644,9618800,773038,231.26,22.56
CE-3599,9618750,773038,234.43,22.63
CE-3598,9618700,773038,252.31,24.03
CE-3601,9618650,773038,271.73,20.27
CE-3600,9618600,773038,288.72,18.74
CE-3603,9618550,773038,297.52,23.09
CE-3602,9618500,773038,291.57,15.3
CE-3605,9618450,773038,273.58,20.88
CE-3604,9618400,773038,274.67,16.53
CE-3591,9618350,773038,284.61,19.8
CE-3590,9618300,773038,275.78,11.21
CE-3593,9618250,773038,265.91,22.87
CE-3592,9618200,773038,275.66,13.94
CE-3595,9618150,773038,279.96,19.06
CE-3594,9618100,773038,289.53,19.64
CE-3597,9618050,773038,283.6,19.79
CE-3596,9618000,773038,274.39,24.77
CE-3615,9617950,773038,268.88,14.13
CE-3614,9617900,773038,253.62,18.67
CE-3617,9617850,773038,239.01,24.29
CE-3616,9617800,773038,198.79,14.16
CE-3619,9617750,773038,172.26,21.65
CE-3618,9617700,773038,151.24,24.43
CE-3621,9617650,773038,138.89,13.57
CE-3620,9617600,773038,125.2,16.43
CE-3607,9617550,773038,107.6,12.56
CE-3606,9617500,773038,81.98,10.77
CE-3609,9617450,773038,61.13,10.44
CE-3608,9617400,773038,54.71,13.24
CE-3611,9617351,773038,49.79,13.94
CE-3610,9620050,773088,233.95,20.71
CE-3613,9620000,773088,207.95,22.39
CE-3612,9619950,773088,182.13,24.48
CE-3567,9619900,773088,160.56,22.83
CE-3566,9619850,773088,145.44,11.35
CE-3569,9619800,773088,113.48,8.13
CE-3568,9619750,773088,88.71,8.74
CE-3571,9619700,773088,98.6,12.83
CE-3570,9619650,773088,112.75,5.07
CE-3573,9619600,773088,124.81,16.96
CE-3572,9619550,773088,134.98,16.29
CE-3559,9619500,773088,157.09,20.09
CE-3558,9619450,773088,159.2,16.51
CE-3561,9619400,773088,169.74,17.5
CE-3560,9619350,773088,177.51,10.11
CE-3563,9619300,773088,178.82,23.55
CE-3562,9619250,773088,183.73,21.34
CE-3565,9619200,773088,177.1,17.09
CE-3564,9619150,773088,175.24,10.08
CE-3583,9619100,773088,167.08,22.88
CE-3582,9619050,773088,156.74,12.53
CE-3585,9619000,773088,151.68,15.07
CE-3584,9618950,773088,139.83,15.05
CE-3587,9618900,773088,160.61,24.19
CE-3586,9618850,773088,193.53,20.07
CE-3589,9618800,773088,203.05,24.63
CE-3588,9618750,773088,208.39,18.98
CE-3575,9618700,773088,230.78,14.52
CE-3574,9618650,773088,260.83,15.47
CE-3577,9618600,773088,284.22,18.68
CE-3576,9618550,773088,276.48,22.79
CE-3579,9618500,773088,268.52,20.74
CE-3578,9618450,773088,249.96,13.67
CE-3581,9618400,773088,252.32,21.02
CE-3580,9618350,773088,268.19,19.42
CE-3535,9618300,773088,260.56,22.09
CE-3534,9618250,773088,244.74,24.13
CE-3537,9618200,773088,254.47,22.37
CE-3536,9618150,773088,261.55,23.28
CE-3539,9618100,773088,271.93,20.79
CE-3538,9618050,773088,265.06,17.33
CE-3541,9618000,773088,258.3,12.13
CE-3540,9617950,773088,249.93,17.19
CE-3527,9617900,773088,239.21,16.47
CE-3526,9617850,773088,223.84,17.88
CE-3529,9617800,773088,200.74,11.32
CE-3528,9617750,773088,179.27,16.01
CE-3531,9617700,773088,157.01,19.05
CE-3530,9617650,773088,148.65,17.17
CE-3533,9617600,773088,123.51,23.74
CE-3532,9617550,773088,99.04,13.1
CE-3551,9617500,773088,79.04,8.31
CE-3550,9617450,773088,68.59,11.99
CE-3553,9617400,773088,61.22,8.25
CE-3552,9617351,773088,57.87,10.24
CE-3555,9620050,773138,220.02,22.68
CE-3554,9620000,773138,194.47,24.52
CE-3557,9619950,773138,171.76,19.76
CE-3556,9619900,773138,148.51,24.17
CE-3543,9619850,773138,141.56,16.82
CE-3542,9619800,773138,112.57,12.11
CE-3545,9619750,773138,84.28,13.84
CE-3544,9619700,773138,77.77,4.82
CE-3547,9619650,773138,91.22,13.01
CE-3546,9619600,773138,98.93,9.38
CE-3549,9619550,773138,124.42,13.1
CE-3548,9619500,773138,150.26,11.21
CE-3503,9619450,773138,142.74,11.66
CE-3502,9619400,773138,147.53,17.81
CE-3505,9619350,773138,157.56,15.26
CE-3504,9619300,773138,165.66,20.68
CE-3507,9619250,773138,174.18,20.25
CE-3506,9619200,773138,163.92,20.8
CE-3509,9619150,773138,154.39,23.45
CE-3508,9619100,773138,148.27,23.52
CE-3495,9619050,773138,146.59,21.8
CE-3494,9619000,773138,143.23,11.76
CE-3497,9618950,773138,135.99,15.25
CE-3496,9618900,773138,147.76,20.87
CE-3499,9618850,773138,168.84,19.38
CE-3498,9618800,773138,174.3,24.49
CE-3501,9618750,773138,188.79,19.25
CE-3500,9618700,773138,221.45,15.89
CE-3519,9618650,773138,259.75,10.76
CE-3518,9618600,773138,265.07,9.73
CE-3521,9618550,773138,251.21,22.43
CE-3520,9618500,773138,249.15,18.77
CE-3523,9618450,773138,230.3,19.9
CE-3522,9618400,773138,228.69,21.16
CE-3525,9618350,773138,241.85,9.34
CE-3524,9618300,773138,240.41,24.48
CE-3511,9618250,773138,225.03,23.0
CE-3510,9618200,773138,234.88,22.44
CE-3513,9618150,773138,241.42,23.04
CE-3512,9618100,773138,253.07,13.47
CE-3515,9618050,773138,246.54,13.16
CE-3514,9618000,773138,241.49,15.01
CE-3517,9617950,773138,236.42,10.2
CE-3516,9617900,773138,229.57,16.25
CE-3471,9617850,773138,216.29,10.5
CE-3470,9617800,773138,197.05,10.87
CE-3473,9617750,773138,177.14,17.94
CE-3472,9617700,773138,158.29,11.62
CE-3475,9617650,773138,140.6,24.94
CE-3474,9617600,773138,131.52,24.87
CE-3477,9617550,773138,115.28,13.73
CE-3476,9617500,773138,100.4,9.13
CE-3463,9617450,773138,89.86,8.26
CE-3462,9617400,773138,82.8,11.82
CE-3465,9617351,773138,77.16,12.91
CE-3464,9620050,773188,207.93,14.48
CE-3467,9620000,773188,181.75,19.65
CE-3466,9619950,773188,156.55,20.13
CE-3469,9619900,773188,137.78,17.54
CE-3468,9619850,773188,131.36,24.32
CE-3487,9619800,773188,114.87,10.02
CE-3486,9619750,773188,84.25,9.37
CE-3489,9619700,773188,67.31,5.29
CE-3488,9619650,773188,74.36,11.09
CE-3491,9619600,773188,96.67,13.4
CE-3490,9619550,773188,125.92,22.11
CE-3493,9619500,773188,132.2,17.03
CE-3492,9619450,773188,122.85,10.11
CE-3479,9619400,773188,134.68,24.57
CE-3478,9619350,773188,155.11,24.31
CE-3481,9619300,773188,156.15,17.42
CE-3480,9619250,773188,168.27,23.89
CE-3483,9619200,773188,162.37,20.09
CE-3482,9619150,773188,147.47,23.73
CE-3485,9619100,773188,141.8,18.7
CE-3484,9619050,773188,142.04,11.68
CE-3439,9619000,773188,134.13,16.74
CE-3438,9618950,773188,131.27,21.07
CE-3441,9618900,773188,133.47,15.52
CE-3440,9618850,773188,153.98,19.83
CE-3443,9618800,773188,162.79,20.21
CE-3442,9618750,773188,181.48,21.3
CE-3445,9618700,773188,220.5,19.26
CE-3444,9618650,773188,246.11,15.09
CE-3431,9618600,773188,236.89,19.38
CE-3430,9618550,773188,227.31,23.68
CE-3433,9618500,773188,233.92,18.95
CE-3432,9618450,773188,213.96,21.87
CE-3435,9618400,773188,204.91,19.59
CE-3434,9618350,773188,213.7,16.27
CE-3437,9618300,773188,219.06,20.63
CE-3436,9618250,773188,209.64,20.12
CE-3455,9618200,773188,215.58,17.49
CE-3454,9618150,773188,214.59,15.26
CE-3457,9618100,773188,225.36,24.22
CE-3456,9618050,773188,225.21,9.16
CE-3459,9618000,773188,219.78,24.25
CE-3458,9617950,773188,216.33,15.37
CE-3461,9617900,773188,215.99,9.73
CE-3460,9617850,773188,204.25,21.3
CE-3447,9617800,773188,184.24,22.81
CE-3446,9617750,773188,164.02,20.96
CE-3449,9617700,773188,146.81,19.44
CE-3448,9617650,773188,130.0,23.2
CE-3451,9617600,773188,135.04,21.66
CE-3450,9617550,773188,131.26,21.23
CE-3453,9617500,773188,122.98,12.11
CE-3452,9617450,773188,117.59,8.81
CE-3407,9617400,773188,107.96,8.65
CE-3406,9617351,773188,102.89,13.16
CE-3409,9620050,773238,206.74,19.02
CE-3408,9620000,773238,175.07,15.84
CE-3411,9619950,773238,146.97,16.36
CE-3410,9619900,773238,130.18,17.53
CE-3413,9619850,773238,123.87,24.03
CE-3412,9619800,773238,119.78,9.07
CE-3399,9619750,773238,89.31,9.41
CE-3398,9619700,773238,65.58,12.73
CE-3401,9619650,773238,74.69,11.42
CE-3400,9619600,773238,93.72,11.79
CE-3403,9619550,773238,119.98,8.72
CE-3402,9619500,773238,108.76,7.31
CE-3405,9619450,773238,112.75,11.69
CE-3404,9619400,773238,132.45,15.72
CE-3423,9619350,773238,136.13,22.61
CE-3422,9619300,773238,143.24,18.88
CE-3425,9619250,773238,161.44,16.02
CE-3424,9619200,773238,165.32,9.18
CE-3427,9619150,773238,148.0,24.45
CE-3426,9619100,773238,133.13,16.12
CE-3429,9619050,773238,130.95,18.56
CE-3428,9619000,773238,127.53,20.13
CE-3415,9618950,773238,127.38,24.38
CE-3414,9618900,773238,120.07,22.83
CE-3417,9618850,773238,152.28,19.52
CE-3416,9618800,773238,164.71,15.45
CE-3419,9618750,773238,193.01,22.37
CE-3418,9618700,773238,219.67,17.69
CE-3421,9618650,773238,226.81,15.42
CE-3420,9618600,773238,209.61,16.72
CE-3375,9618550,773238,209.42,24.25
CE-3374,9618500,773238,206.89,16.34
CE-3377,9618450,773238,195.19,11.84
CE-3376,9618400,773238,184.82,22.56
CE-3379,9618350,773238,189.82,19.48
CE-3378,9618300,773238,191.17,17.03
CE-3381,9618250,773238,189.05,17.71
CE-3380,9618200,773238,204.67,22.85
CE-3367,9618150,773238,190.68,20.24
CE-3366,9618100,773238,202.74,21.88
CE-3369,9618050,773238,199.61,10.1
CE-3368,9618000,773238,186.17,19.64
CE-3371,9617950,773238,186.57,18.25
CE-3370,9617900,773238,203.87,15.86
CE-3373,9617850,773238,189.5,16.88
CE-3372,9617800,773238,170.26,14.17
CE-3391,9617750,773238,157.2,15.84
CE-3390,9617700,773238,139.38,16.31
CE-3393,9617650,773238,121.72,23.69
CE-3392,9617600,773238,120.81,23.81
CE-3395,9617550,773238,121.68,15.24
CE-3394,9617500,773238,111.52,6.65
CE-3397,9617450,773238,111.71,6.13
CE-3396,9617400,773238,109.79,9.32
CE-3383,9617351,773238,102.05,10.89
CE-3382,9620050,773283,211.3,24.12
CE-3385,9620000,773283,176.17,16.16
CE-3384,9619950,773283,147.85,15.04
CE-3387,9619900,773283,130.54,13.53
CE-3386,9619850,773283,120.37,24.39
CE-3389,9619800,773283,127.58,20.48
CE-3388,9619750,773283,98.81,9.87
CE-3343,9619700,773283,63.2,9.08
CE-3342,9619650,773283,64.98,9.32
CE-3345,9619600,773283,77.49,6.87
CE-3344,9619550,773283,102.57,8.64
CE-3347,9619500,773283,93.56,11.27
CE-3346,9619450,773283,98.01,10.42
CE-3349,9619400,773283,110.36,11.44
CE-3348,9619350,773283,117.64,9.93
CE-3335,9619300,773283,132.14,24.35
CE-3334,9619250,773283,149.48,15.44
CE-3337,9619200,773283,152.34,18.14
CE-3336,9619150,773283,150.95,20.45
CE-3339,9619100,773283,133.82,19.94
CE-3338,9619050,773283,117.66,10.67
CE-3341,9619000,773283,114.93,11.53
CE-3340,9618950,773283,117.67,11.47
CE-3359,9618900,773283,115.48,6.27
CE-3358,9618850,773283,150.63,14.09
CE-3361,9618800,773283,174.0,24.74
CE-3360,9618750,773283,195.69,11.64
CE-3363,9618700,773283,208.13,18.88
CE-3362,9618650,773283,205.01,9.55
CE-3365,9618600,773283,197.2,24.86
CE-3364,9618550,773283,171.24,22.55
CE-3351,9618500,773283,174.58,15.99
CE-3350,9618450,773283,183.65,15.75
CE-3353,9618400,773283,171.62,17.66
CE-3352,9618350,773283,175.2,21.16
CE-3355,9618300,773283,174.12,22.19
CE-3354,9618250,773283,170.1,15.97
CE-3357,9618200,773283,189.54,23.23
CE-3356,9618150,773283,174.52,21.09
CE-3311,9618100,773283,175.22,17.42
CE-3310,9618050,773283,177.8,24.96
CE-3313,9618000,773283,162.69,22.71
CE-3312,9617950,773283,175.92,19.98
CE-3315,9617900,773283,211.0,20.08
CE-3314,9617850,773283,196.6,15.32
CE-3317,9617800,773283,177.5,20.59
CE-3316,9617750,773283,163.79,16.72
CE-3303,9617700,773283,140.44,22.65
CE-3302,9617650,773283,119.25,10.48
CE-3305,9617600,773283,103.85,7.46
CE-3304,9617550,773283,103.97,8.9
CE-3307,9617500,773283,94.35,11.41
CE-3306,9617450,773283,88.6,10.74
CE-3309,9617400,773283,92.23,8.35
CE-3308,9617351,773283,88.05,9.21
CE-3327,9624382,767366,289.8,17.01
CE-3326,9624132,767366,285.45,20.16
CE-3329,9623882,767366,256.51,24.58
CE-3328,9623632,767366,184.06,11.23
CE-3331,9623382,767366,153.95,16.2
CE-3330,9623132,767366,157.1,24.82
CE-3333,9622882,767366,122.92,12.91
CE-3332,9622632,767366,109.28,9.08
CE-3319,9622382,767366,129.21,11.54
CE-3318,9622132,767366,103.03,11.57
CE-3321,9621988,767366,78.87,13.77
CE-3320,9624381,767616,300.9,17.29
CE-3323,9624132,767616,278.37,21.13
CE-3322,9623882,767616,240.76,16.76
CE-3325,9623632,767616,219.06,16.4
CE-3324,9623382,767616,239.34,18.48
CE-3279,9623132,767616,246.59,24.22
CE-3278,9622882,767616,192.84,22.03
CE-3281,9622632,767616,206.6,17.57
CE-3280,9622382,767616,240.29,24.94
CE-3283,9622132,767616,148.08,20.8
CE-3282,9621887,767641,109.5,9.23
CE-3285,9621632,767647,143.8,23.66
CE-3284,9621382,767647,77.84,8.4
CE-3271,9621132,767647,102.11,8.93
CE-3270,9620882,767647,72.2,10.32
CE-3273,9620632,767647,24.54,11.41
CE-3272,9620444,767647,17.8,13.91
CE-3275,9624381,767866,335.0,18.3
CE-3274,9624132,767866,297.7,21.72
CE-3277,9623882,767866,260.06,19.13
CE-3276,9623632,767866,299.86,15.43
CE-3295,9623382,767866,340.21,19.86
CE-3294,9623132,767866,344.77,22.5
CE-3297,9622882,767866,297.81,13.51
CE-3296,9622632,767866,304.4,10.59
CE-3299,9622382,767866,278.44,21.44
CE-3298,9622132,767866,189.9,17.6
CE-3301,9621882,767866,203.45,21.2
CE-3300,9621632,767866,195.23,20.33
CE-3287,9621382,767866,140.63,17.43
CE-3286,9621132,767866,142.6,17.26
CE-3289,9620882,767866,103.73,7.06
CE-3288,9620632,767866,87.69,9.65
CE-3291,9620444,767866,31.28,8.68
CE-3290,9624381,768116,390.77,20.93
CE-3293,9624132,768116,399.64,23.04
CE-3292,9623882,768116,375.32,18.6
CE-3247,9623632,768116,435.31,21.4
CE-3246,9623382,768116,459.36,16.38
CE-3249,9623132,768116,400.63,18.74
CE-3248,9622882,768116,372.97,24.13
CE-3251,9622632,768116,289.63,10.23
CE-3250,9622382,768116,246.04,18.53
CE-3253,9622132,768116,245.03,20.66
CE-3252,9621882,768116,237.87,15.82
CE-3239,9621632,768116,203.64,20.43
CE-3238,9621382,768116,187.61,23.79
CE-3241,9621132,768116,153.4,16.57
CE-3240,9620882,768116,114.76,11.55
CE-3243,9620632,768116,63.85,9.13
CE-3242,9620444,768116,53.87,12.67
CE-3245,9624381,768366,435.4,21.92
CE-3244,9624132,768366,390.23,12.79
CE-3263,9623882,768366,392.05,22.82
CE-3262,9623632,768366,419.88,22.67
CE-3265,9623382,768366,382.58,19.58
CE-3264,9623132,768366,336.49,15.31
CE-3267,9622882,768366,310.86,10.61
CE-3266,9622632,768366,304.78,10.84
CE-3269,9622382,768366,301.84,13.52
CE-3268,9622132,768366,299.64,24.79
CE-3255,9621882,768366,274.34,24.32
CE-3254,9621632,768366,288.52,15.05
CE-3257,9621382,768366,294.53,23.34
CE-3256,9621132,768366,275.38,19.01
CE-3259,9620882,768366,190.16,22.45
CE-3258,9620632,768366,159.85,21.73
CE-3261,9620444,768366,135.93,10.97
CE-3260,9624380,768616,440.82,13.9
CE-3215,9624132,768616,460.32,21.78
CE-3214,9623882,768616,422.24,17.97
CE-3217,9623632,768616,443.12,21.0
CE-3216,9623382,768616,393.78,24.81
CE-3219,9623132,768616,371.91,19.47
CE-3218,9622882,768616,375.36,15.26
CE-3221,9622632,768616,381.55,19.03
CE-3220,9622382,768616,387.79,17.46
CE-3207,9622132,768616,396.93,13.91
CE-3206,9621882,768616,354.03,15.01
CE-3209,9621632,768616,353.33,15.52
CE-3208,9621382,768616,277.9,15.26
CE-3211,9621132,768616,226.98,23.87
CE-3210,9620882,768616,194.29,17.21
CE-3213,9620632,768616,122.68,19.36
CE-3212,9620444,768616,82.9,8.12
CE-3231,9624380,768866,513.86,10.25
CE-3230,9624132,768866,508.08,19.72
CE-3233,9623882,768866,477.02,24.92
CE-3232,9623632,768866,510.14,18.07
CE-3235,9623382,768866,455.7,9.2
CE-3234,9623132,768866,484.51,23.25
CE-3237,9622882,768866,451.97,18.74
CE-3236,9622632,768866,488.33,14.19
CE-3223,9622382,768866,531.42,24.96
CE-3222,9622132,768866,481.65,10.7
CE-3225,9621882,768866,398.39,21.05
CE-3224,9621632,768866,338.61,19.19
CE-3227,9621382,768866,249.54,19.39
CE-3226,9621132,768866,158.59,22.92
CE-3229,9620882,768866,126.41,13.52
CE-3228,9620632,768866,105.89,5.65
CE-0112,9620383,768869,93.41,8.61
CE-0111,9620132,768871,91.33,12.74
CE-0114,9619979,768871,46.57,7.92
CE-0113,9624380,769116,609.81,20.58
CE-0116,9624132,769116,650.76,15.95
CE-0115,9623882,769116,628.55,15.62
CE-0118,9623632,769116,579.19,23.74
CE-0117,9623382,769116,579.63,23.5
CE-0104,9623132,769116,547.2,15.43
CE-0103,9622882,769116,552.37,24.74
CE-0106,9622632,769116,552.73,16.09
CE-0105,9622382,769116,481.7,23.52
CE-0108,9622132,769116,415.92,15.21
CE-0107,9621882,769116,343.96,15.38
CE-0110,9621632,769116,270.65,23.76
CE-0109,9621382,769116,203.1,24.12
CE-0128,9621132,769116,197.05,19.76
CE-0127,9620882,769116,150.63,18.35
CE-0130,9620632,769116,161.1,18.32
CE-0129,9620382,769116,181.58,19.71
CE-0132,9620132,769116,89.01,11.4
CE-0131,9619979,769116,43.41,9.8
CE-0134,9624380,769366,653.31,23.82
CE-0133,9624132,769366,775.21,17.4
CE-0120,9623882,769366,735.89,19.34
CE-0119,9623632,769366,705.69,22.26
CE-0122,9623382,769366,653.82,15.69
CE-0121,9623132,769366,587.23,23.49
CE-0124,9622882,769366,523.36,19.23
CE-0123,9622632,769366,464.5,24.47
CE-0126,9622382,769366,385.3,22.69
CE-0125,9622132,769366,317.88,12.2
CE-0080,9621882,769366,282.71,16.13
CE-0079,9621632,769366,269.18,23.71
CE-0082,9621382,769366,251.0,22.36
CE-0081,9621132,769366,202.07,19.49
CE-0084,9620882,769366,195.73,24.54
CE-0083,9620632,769366,236.84,15.86
CE-0086,9620382,769366,100.4,5.88
CE-0085,9620132,769366,40.33,8.98
CE-0072,9619910,769411,50.18,9.96
CE-0071,9619632,769447,55.28,10.48
CE-0074,9619382,769447,27.11,10.74
CE-0073,9619194,769447,14.14,5.71
CE-0076,9624380,769616,675.06,19.36
CE-0075,9624132,769616,724.4,21.3
CE-0078,9623882,769616,701.92,13.69
CE-0077,9623632,769616,626.9,22.04
CE-0096,9623382,769616,617.36,19.47
CE-0095,9623132,769616,575.47,24.34
CE-0098,9622882,769616,478.65,19.16
CE-0097,9622632,769616,460.6,21.42
CE-0100,9622382,769616,463.04,24.53
CE-0099,9622132,769616,403.71,23.88
CE-0102,9621882,769616,341.31,19.99
CE-0101,9621632,769616,291.57,24.22
CE-0088,9621382,769616,262.04,19.54
CE-0087,9621132,769616,300.34,20.4
CE-0090,9620882,769616,281.55,23.89
CE-0089,9620632,769616,209.56,24.33
CE-0092,9620382,769616,148.57,18.34
CE-0091,9620132,769616,135.55,15.72
CE-0094,9619882,769616,145.9,12.11
CE-0093,9619632,769616,52.08,11.43
CE-0048,9619382,769616,65.4,12.35
CE-0047,9619194,769616,24.5,6.06
CE-0050,9624379,769866,772.47,19.4
CE-0049,9624132,769866,783.86,15.25
CE-0052,9623882,769866,762.92,16.19
CE-0051,9623632,769866,705.45,16.99
CE-0054,9623382,769866,612.73,13.02
CE-0053,9623132,769866,581.77,15.29
CE-0040,9622882,769866,562.01,19.25
CE-0039,9622632,769866,564.39,9.77
CE-0042,9622382,769866,463.89,18.23
CE-0041,9622132,769866,403.37,22.08
CE-0044,9621882,769866,398.92,19.37
CE-0043,9621632,769866,373.41,24.33
CE-0046,9621382,769866,371.8,16.52
CE-0045,9621132,769866,393.52,18.57
CE-0064,9620882,769866,345.12,17.71
CE-0063,9620632,769866,325.57,23.94
CE-0066,9620382,769866,269.33,23.49
CE-0065,9620132,769866,260.93,19.16
CE-0068,9619882,769866,141.56,24.66
CE-0067,9619632,769866,175.42,24.63
CE-0070,9619382,769866,98.26,10.33
CE-0069,9619143,769882,86.89,9.07
CE-0056,9618882,769905,42.24,9.48
CE-0055,9618632,769905,29.51,11.03
CE-0058,9618382,769905,80.39,5.82
CE-0057,9618132,769905,81.8,8.37
CE-0060,9617882,769905,57.35,9.91
CE-0059,9617632,769905,14.07,9.43
CE-0062,9617499,769905,5.7,6.42
CE-0061,9624379,770116,831.96,15.83
CE-0016,9624132,770116,893.42,22.24
CE-0015,9623882,770116,880.35,17.01
CE-0018,9623632,770116,719.58,15.15
CE-0017,9623382,770116,672.85,22.6
CE-0020,9623132,770116,669.22,22.49
CE-0019,9622882,770116,616.15,24.39
CE-0022,9622632,770116,540.26,23.42
CE-0021,9622382,770116,500.85,21.47
CE-0008,9622132,770116,517.81,18.81
CE-0007,9621882,770116,470.99,18.95
CE-0010,9621632,770116,481.82,19.13
CE-0009,9621382,770116,469.41,15.34
CE-0012,9621132,770116,494.57,21.45
CE-0011,9620882,770116,459.39,9.19
CE-0014,9620632,770116,430.76,16.52
CE-0013,9620382,770116,355.3,24.51
CE-0032,9620154,770108,286.65,12.01
CE-0031,9619882,770027,209.47,17.37
CE-0034,9619632,770027,230.24,17.21
CE-0033,9619382,770027,124.55,11.24
CE-0036,9619132,770027,135.66,22.06
CE-0035,9618882,770027,43.75,9.22
CE-0038,9618632,770027,38.69,8.61
CE-0037,9618382,770027,106.74,12.94
CE-0024,9618132,770027,138.6,19.64
CE-0023,9617872,770113,119.21,7.88
CE-0026,9617632,770116,50.51,11.61
CE-0025,9617499,770116,28.28,9.8
CE-0028,9624379,770366,925.71,12.02
CE-0027,9624132,770366,865.51,16.16
CE-0030,9623882,770366,785.93,10.29
CE-0029,9623632,770366,732.2,11.73
CE-4070,9623382,770366,782.51,22.79
CE-4069,9623132,770366,748.92,10.24
CE-4072,9622882,770366,734.61,17.24
CE-4071,9622632,770366,672.31,22.14
CE-4074,9622382,770366,653.7,16.29
CE-4073,9622132,770366,575.84,17.93
CE-4076,9621882,770366,578.19,21.51
CE-4075,9621632,770366,620.15,18.16
CE-4062,9621382,770366,615.07,17.53
CE-4061,9621132,770366,637.57,20.91
CE-4064,9620882,770366,572.37,17.91
CE-4063,9620632,770366,472.8,18.34
CE-4066,9620382,770366,380.29,22.71
CE-4065,9620166,770366,308.92,21.23
CE-4068,9617868,770366,40.33,12.52
CE-4067,9617632,770366,25.86,12.47
CE-4086,9617499,770366,22.24,6.23
CE-4085,9624379,770616,953.46,22.03
CE-0002,9624132,770616,894.79,23.54
CE-0001,9623882,770616,877.58,15.1
CE-0004,9623632,770616,837.9,17.77
CE-0003,9623382,770616,886.0,23.3
CE-0006,9623132,770616,930.74,19.44
CE-0005,9622882,770616,859.62,23.74
CE-4078,9622632,770616,779.72,21.13
CE-4077,9622382,770616,783.8,21.0
CE-4080,9622132,770616,689.62,15.04
CE-4079,9621882,770616,730.13,21.67
CE-4082,9621632,770616,762.45,19.17
CE-4081,9621382,770616,780.33,16.9
CE-4084,9621132,770616,656.63,20.61
CE-4083,9620882,770616,606.17,24.41
CE-4038,9620632,770616,558.63,10.3
CE-4037,9620382,770616,409.59,10.16
CE-4040,9620166,770616,342.42,17.46
CE-4039,9617868,770616,29.9,8.7
CE-4042,9617632,770616,23.31,13.1
CE-4041,9617499,770616,18.84,10.01
CE-4044,9624378,770866,952.99,17.76
CE-4043,9624132,770866,983.79,24.34
CE-4030,9623882,770866,959.4,21.88
CE-4029,9623632,770866,978.38,23.19
CE-4032,9623382,770866,1019.93,10.86
CE-4031,9623132,770866,1025.79,21.26
CE-4034,9622882,770866,980.41,22.5
CE-4033,9622632,770866,913.38,15.5
CE-4036,9622382,770866,882.12,17.51
CE-4035,9622132,770866,824.42,14.61
CE-4054,9621882,770866,872.5,15.83
CE-4053,9621632,770866,862.41,14.69
CE-4056,9621382,770866,763.77,19.08
CE-4055,9621132,770866,704.71,18.19
CE-4058,9620882,770866,588.09,18.13
CE-4057,9620632,770866,492.46,16.52
CE-4060,9620382,770866,383.86,16.86
CE-4059,9620166,770866,369.8,12.31
CE-4046,9617868,770866,37.44,12.16
CE-4045,9617632,770866,29.11,13.53
CE-4048,9617499,770866,22.07,9.81
CE-4047,9624378,771116,940.22,16.66
CE-4050,9624132,771116,994.55,15.24
CE-4049,9623882,771116,1055.68,17.02
CE-4052,9623632,771116,1105.62,15.15
CE-4051,9623382,771116,1131.54,17.13
CE-4006,9623132,771116,1192.24,11.34
CE-4005,9622882,771116,1140.31,17.03
CE-4008,9622632,771116,1092.03,19.24
CE-4007,9622382,771116,995.78,19.25
CE-4010,9622132,771116,963.6,20.49
CE-4009,9621882,771116,897.77,16.78
CE-4012,9621632,771116,794.39,16.11
CE-4011,9621382,771116,706.88,16.46
CE-3998,9621132,771116,602.33,13.09
CE-3997,9620882,771116,517.96,14.6
CE-4000,9620632,771116,497.29,19.52
CE-3999,9620382,771116,407.71,14.59
CE-4002,9620166,771116,393.03,20.28
CE-4001,9617868,771116,65.18,7.19
CE-4004,9617632,771116,83.01,9.06
CE-4003,9617386,771157,108.45,11.93
CE-4022,9617132,771161,33.99,11.97
CE-4021,9616882,771161,25.8,8.46
CE-4024,9616701,771161,11.74,11.62
CE-4023,9624378,771366,922.47,19.68
CE-4026,9624132,771366,952.27,18.21
CE-4025,9623882,771366,967.67,19.49
CE-4028,9623632,771366,996.09,19.31
CE-4027,9623382,771366,1022.65,20.31
CE-4014,9623132,771366,1080.55,20.83
CE-4013,9622882,771366,1110.86,23.04
CE-4016,9622632,771366,1099.83,9.13
CE-4015,9622382,771366,981.53,20.15
CE-4018,9622132,771366,912.46,15.43
CE-4017,9621882,771366,823.56,23.61
CE-4020,9621632,771366,776.57,11.35
CE-4019,9621382,771366,716.22,15.08
CE-3974,9621132,771366,697.64,18.76
CE-3973,9620882,771366,593.98,21.44
CE-3976,9620632,771366,506.38,20.87
CE-3975,9620382,771366,396.63,24.92
CE-3978,9620166,771366,356.54,19.27
CE-3977,9617868,771326,114.44,5.43
CE-3980,9617632,771326,126.48,23.01
CE-3979,9617382,771326,137.84,18.4
CE-3966,9617132,771326,42.19,8.0
CE-3965,9616871,771353,19.79,10.57
CE-3968,9616701,771366,12.06,7.84
CE-3967,9624378,771616,953.19,20.62
CE-3970,9624132,771616,998.71,23.42
CE-3969,9623882,771616,934.35,19.09
CE-3972,9623632,771616,900.41,18.29
CE-3971,9623382,771616,900.91,18.86
CE-3990,9623132,771616,968.93,23.11
CE-3989,9622882,771616,1056.31,11.94
CE-3992,9622632,771616,1055.32,19.62
CE-3991,9622382,771616,1093.17,24.26
CE-3994,9622132,771616,1008.24,11.7
CE-3993,9621882,771616,971.37,16.31
CE-3996,9621632,771616,858.17,23.84
CE-3995,9621382,771616,800.7,10.19
CE-3982,9621132,771616,671.51,22.12
CE-3981,9620882,771616,541.34,20.29
CE-3984,9620632,771616,438.41,23.26
CE-3983,9620382,771616,347.83,13.87
CE-3986,9620166,771616,308.41,14.3
CE-3985,9616831,771616,72.64,8.17
CE-3988,9616701,771616,67.2,9.25
CE-3987,9624377,771866,898.88,20.64
CE-3942,9624132,771866,930.25,22.93
CE-3941,9623882,771866,895.89,16.38
CE-3944,9623632,771866,842.33,18.28
CE-3943,9623382,771866,852.69,16.78
CE-3946,9623132,771866,866.6,24.65
CE-3945,9622882,771866,958.34,21.78
CE-3948,9622632,771866,932.62,15.49
CE-3947,9622382,771866,1059.59,21.62
CE-3934,9622132,771866,993.57,9.06
CE-3933,9621882,771866,897.52,22.17
CE-3936,9621632,771866,770.7,17.72
CE-3935,9621382,771866,677.73,20.53
CE-3938,9621132,771866,625.95,24.05
CE-3937,9620882,771866,518.72,17.81
CE-3940,9620632,771866,386.92,17.46
CE-3939,9620382,771866,341.49,15.83
CE-3958,9620166,771866,310.99,23.29
CE-3957,9616831,771866,104.86,13.57
CE-3960,9616701,771866,80.23,13.71
CE-3959,9624377,772116,836.78,10.98
CE-3962,9624132,772116,817.58,22.91
CE-3961,9623882,772116,778.12,23.47
CE-3964,9623632,772116,812.31,21.14
CE-3963,9623382,772116,803.96,15.53
CE-3950,9623132,772116,777.96,23.79
CE-3949,9622882,772116,782.74,14.42
CE-3952,9622632,772116,833.07,24.16
CE-3951,9622382,772116,951.79,23.13
CE-3954,9622132,772116,1058.26,19.49
CE-3953,9621882,772116,973.71,9.2
CE-3956,9621632,772116,860.47,17.02
CE-3955,9621382,772116,755.36,19.48
CE-3910,9621132,772116,590.59,9.1
CE-3909,9620882,772116,499.85,9.82
CE-3912,9620632,772116,407.39,24.41
CE-3911,9620382,772116,401.63,23.59
CE-3914,9620166,772116,317.34,17.07
CE-3913,9616831,772116,28.85,8.82
CE-3916,9616701,772116,18.53,8.04
CE-3915,9624377,772366,757.11,15.72
CE-3902,9624132,772366,740.32,11.85
CE-3901,9623882,772366,718.08,14.1
CE-3904,9623632,772366,712.1,16.55
CE-3903,9623382,772366,746.61,15.3
CE-3906,9623132,772366,702.0,19.23
CE-3905,9622882,772366,700.0,19.48
CE-3908,9622632,772366,704.9,20.1
CE-3907,9622382,772366,840.57,24.07
CE-3926,9622132,772366,860.16,13.01
CE-3925,9621882,772366,923.62,19.61
CE-3928,9621632,772366,854.96,10.0
CE-3927,9621382,772366,880.63,18.85
CE-3930,9621132,772366,653.75,19.03
CE-3929,9620882,772366,537.29,19.3
CE-3932,9620632,772366,436.49,21.18
CE-3931,9620382,772366,427.58,17.31
CE-3918,9620166,772366,345.31,20.07
CE-3917,9616831,772366,87.93,4.96
CE-3920,9616701,772366,83.91,6.47
CE-3919,9624377,772616,709.71,21.43
CE-3922,9624132,772616,650.25,21.06
CE-3921,9623882,772616,681.44,23.85
CE-3924,9623632,772616,624.37,24.68
CE-3923,9623382,772616,578.31,19.56
CE-3878,9623132,772616,617.41,24.69
CE-3877,9622882,772616,636.84,17.79
CE-3880,9622632,772616,595.56,19.16
CE-3879,9622382,772616,657.38,21.18
CE-3882,9622132,772616,703.79,19.28
CE-3881,9621882,772616,733.74,19.66
CE-3884,9621632,772616,689.56,20.89
CE-3883,9621382,772616,722.33,14.84
CE-3870,9621132,772616,623.69,19.03
CE-3869,9620882,772616,515.62,16.06
CE-3872,9620632,772616,481.32,12.43
CE-3871,9620382,772616,411.03,19.08
CE-3874,9620166,772616,308.53,23.06
CE-3873,9617292,772700,90.19,12.86
CE-3876,9617132,772700,51.62,11.17
CE-3875,9616854,772632,61.25,10.94
CE-3894,9616701,772616,41.32,8.76
CE-3893,9624376,772866,640.92,15.11
CE-3896,9624132,772866,595.51,20.4
CE-3895,9623882,772866,627.19,11.92
CE-3898,9623632,772866,591.49,16.33
CE-3897,9623382,772866,519.86,10.95
CE-3900,9623132,772866,547.93,19.07
CE-3899,9622882,772866,582.17,23.57
CE-3886,9622632,772866,515.13,23.21
CE-3885,9622382,772866,559.29,24.58
CE-3888,9622132,772866,605.67,22.03
CE-3887,9621882,772866,650.79,21.94
CE-3890,9621632,772866,566.69,15.64
CE-3889,9621382,772866,592.53,12.75
CE-3892,9621132,772866,609.4,19.97
CE-3891,9620882,772866,529.69,24.35
CE-3846,9620632,772866,412.82,23.78
CE-3845,9620382,772866,393.0,21.59
CE-3848,9620166,772866,288.15,19.51
CE-3847,9617292,772866,77.13,9.35
CE-3850,9617145,772848,32.29,13.47
CE-3849,9616882,772822,32.32,10.92
CE-3852,9616701,772822,12.34,13.15
CE-3851,9624376,773116,472.9,23.96
CE-3838,9624132,773116,464.11,12.75
CE-3837,9623882,773116,486.39,20.76
CE-3840,9623632,773116,549.25,24.28
CE-3839,9623382,773116,492.46,15.51
CE-3842,9623132,773116,432.87,11.64
CE-3841,9622882,773116,528.17,19.33
CE-3844,9622632,773116,420.63,21.48
CE-3843,9622382,773116,427.09,20.25
CE-3862,9622132,773116,501.33,23.91
CE-3861,9621882,773116,553.16,24.54
CE-3864,9621632,773116,496.45,21.35
CE-3863,9621382,773116,469.2,15.48
CE-3866,9621132,773116,549.47,19.9
CE-3865,9620882,773116,478.41,24.37
CE-3868,9620632,773116,346.88,12.5
CE-3867,9620382,773116,311.21,18.85
CE-3854,9620166,773116,266.11,18.99
CE-3853,9617292,773116,73.92,13.97
CE-3856,9617198,773116,83.44,7.23
CE-3855,9624376,773366,397.1,18.96
CE-3858,9624132,773366,335.13,23.85
CE-3857,9623882,773366,405.84,20.87
CE-3860,9623632,773366,447.1,17.25
CE-3859,9623382,773366,389.83,12.28
CE-3814,9623132,773366,322.2,14.54
CE-3813,9622882,773366,370.78,18.23
CE-3816,9622632,773366,391.75,23.32
CE-3815,9622382,773366,375.31,18.92
CE-3818,9622132,773366,421.12,11.13
CE-3817,9621882,773366,408.8,20.16
CE-3820,9621632,773366,380.31,19.7
CE-3819,9621382,773366,370.59,14.82
CE-3806,9621132,773366,375.36,21.64
CE-3805,9620882,773366,368.25,13.42
CE-3808,9620632,773366,304.46,20.81
CE-3807,9620382,773366,218.62,12.2
CE-3810,9620138,773373,268.66,17.6
CE-3809,9619882,773398,116.67,8.5
CE-3812,9619632,773398,53.32,11.4
CE-3811,9619382,773398,109.23,11.41
CE-3830,9619132,773398,148.17,18.93
CE-3829,9618882,773398,107.21,11.18
CE-3832,9618632,773398,162.68,13.41
CE-3831,9618382,773398,152.24,18.07
CE-3834,9618132,773398,131.95,18.41
CE-3833,9617882,773398,212.94,10.47
CE-3836,9617632,773398,87.34,9.94
CE-3835,9617374,773387,49.43,9.09
CE-3822,9617198,773366,35.46,8.82
CE-3821,9624376,773616,278.07,16.8
CE-3824,9624132,773616,277.66,16.27
CE-3823,9623882,773616,305.91,9.07
CE-3826,9623632,773616,340.12,13.13
CE-3825,9623382,773616,333.43,15.21
CE-3828,9623132,773616,311.51,16.84
CE-3827,9622882,773616,279.89,24.39
CE-3782,9622632,773616,314.22,16.95
CE-3781,9622382,773616,327.31,20.87
CE-3784,9622132,773616,338.12,20.66
CE-3783,9621882,773616,312.8,16.14
CE-3786,9621632,773616,305.2,18.26
CE-3785,9621382,773616,267.05,24.95
CE-3788,9621132,773616,243.33,21.71
CE-3787,9620882,773616,232.56,23.28
CE-3774,9620632,773616,206.49,15.44
CE-3773,9620382,773616,208.47,19.58
CE-3776,9620132,773616,183.39,18.85
CE-3775,9619882,773616,97.38,6.9
CE-3778,9619638,773595,62.5,5.57
CE-3777,9619382,773588,79.04,13.84
CE-3780,9619132,773588,137.9,11.71
CE-3779,9618882,773588,78.6,13.72
CE-3798,9618632,773588,89.36,12.7
CE-3797,9618375,773609,67.63,8.03
CE-3800,9618132,773616,81.74,12.01
CE-3799,9617882,773616,167.08,17.36
CE-3802,9617632,773616,114.7,4.93
CE-3801,9617382,773616,103.63,12.15
CE-3804,9617198,773616,70.16,9.92
CE-3803,9624375,773866,180.25,18.9
CE-3790,9624132,773866,221.11,18.21
CE-3789,9623882,773866,250.71,22.1
CE-3792,9623632,773866,266.76,14.44
CE-3791,9623382,773866,249.9,22.61
CE-3794,9623132,773866,240.71,18.11
CE-3793,9622882,773866,199.71,20.48
CE-3796,9622632,773866,246.91,23.61
CE-3795,9622382,773866,245.47,17.53
CE-3750,9622132,773866,241.63,23.19
CE-3749,9621882,773866,218.23,11.76
CE-3752,9621632,773866,192.23,21.88
CE-3751,9621382,773866,213.34,24.97
CE-3754,9621132,773866,172.72,10.64
CE-3753,9620882,773866,126.4,23.19
CE-3756,9620632,773866,95.26,5.89
CE-3755,9620382,773866,97.37,8.37
CE-3742,9620132,773866,64.02,8.83
CE-3741,9619882,773866,55.26,6.98
CE-3744,9619730,773866,42.09,8.48
CE-3743,9618343,773866,53.36,13.13
CE-3746,9618132,773866,110.63,10.07
CE-3745,9617882,773866,149.69,19.23
CE-3748,9617632,773866,156.25,20.98
CE-3747,9617382,773866,137.08,15.15
CE-3766,9617198,773866,102.19,8.73
CE-3765,9624375,774007,202.51,18.64
CE-3768,9624132,774007,203.28,15.84
CE-3767,9623882,774007,208.73,14.09
CE-3770,9623632,774007,202.4,16.65
CE-3769,9623382,774007,186.81,18.33
CE-3772,9623132,774007,194.67,15.95
CE-3771,9622882,774007,207.49,18.44
CE-3758,9622632,774007,181.44,17.02
CE-3757,9622382,774007,202.53,16.03
CE-3760,9622132,774007,206.19,24.84
CE-3759,9621882,774007,162.87,19.77
CE-3762,9621632,774007,154.38,15.14
CE-3761,9621382,774007,174.43,16.14
CE-3764,9621132,774007,169.21,23.26
CE-3763,9620882,774007,111.95,11.9
CE-3727,9620632,774007,84.65,13.72
CE-3726,9620382,774007,63.56,9.64
CE-3729,9620132,774007,43.57,8.55
CE-3728,9619882,774007,39.16,8.13
CE-3731,9619730,774007,35.83,11.12
CE-3730,9618343,774116,59.44,10.79
CE-3733,9618132,774116,86.6,13.77
CE-3732,9617882,774116,190.02,10.12
CE-3719,9617632,774116,111.05,4.92
CE-3718,9617382,774116,92.0,12.03
CE-3721,9617198,774116,125.15,9.57
CE-3720,9618343,774366,72.1,8.33
CE-3723,9618132,774366,126.07,16.49
CE-3722,9617882,774366,109.42,8.77
CE-3725,9617632,774366,50.91,11.26
CE-3724,9617382,774366,76.64,9.72
CE-3735,9617198,774366,116.54,8.86
CE-3734,9618343,774511,48.99,7.79
CE-3737,9618132,774511,99.71,12.56
CE-3736,9617882,774511,52.09,9.99
CE-3739,9617632,774511,31.77,8.3
CE-3738,9617382,774511,77.79,6.81
CE-3740,9617198,774511,98.68,10.1
EA-0001,9625497,774616,389.56,22.32
EA-0002,9625449,774616,368.93,23.09
EA-0003,9625399,774616,363.97,16.23
EA-0004,9625349,774616,366.16,18.98
EA-0005,9625299,774616,364.87,12.42
EA-0006,9625249,774616,377.87,13.03
EA-0007,9625199,774616,377.77,21.06
EA-0008,9625149,774616,400.11,23.97
EA-0009,9625099,774616,406.3,21.69
EA-0010,9625049,774616,407.38,22.34
EA-0011,9624999,774616,409.86,18.97
EA-0012,9624949,774616,403.89,23.99
EA-0013,9624899,774616,407.3,20.11
EA-0014,9624849,774616,392.28,19.04
EA-0015,9624799,774616,387.82,20.64
EA-0016,9624749,774616,390.86,21.62
EA-0017,9624699,774616,383.08,24.05
EA-0018,9624649,774616,374.8,24.63
EA-0019,9624599,774616,367.02,23.14
EA-0020,9624549,774616,360.89,24.35
EA-0021,9624499,774616,347.83,19.37
EA-0022,9624449,774616,335.06,20.31
EA-0023,9624399,774616,320.23,21.95
EA-0024,9624349,774616,317.67,23.22
EA-0025,9624299,774616,303.97,24.92
EA-0026,9624249,774616,274.53,23.95
EA-0027,9624199,774616,263.4,17.3
EA-0028,9624149,774616,291.63,9.31
EA-0029,9624099,774616,315.56,19.77
EA-0030,9624049,774616,338.2,21.15
EA-0031,9623999,774616,327.15,17.55
EA-0032,9623949,774616,316.38,23.21
EA-0033,9623899,774616,317.57,21.48
EA-0034,9623849,774616,313.98,24.91
EA-0035,9623799,774616,294.4,11.72
EA-0036,9623749,774616,279.33,12.81
EA-0037,9623699,774616,258.12,23.46
EA-0038,9623649,774616,244.21,21.16
EA-0039,9623599,774616,225.6,23.41
EA-0040,9623549,774616,219.81,9.08
EA-0041,9623499,774616,227.12,17.6
EA-0042,9623449,774616,229.06,15.07
EA-0043,9623399,774616,206.81,19.51
EA-0044,9623356,774616,188.22,10.92
EA-0045,9625497,774663,391.51,20.38
EA-0046,9625449,774663,365.55,24.61
EA-0047,9625399,774663,370.99,22.82
EA-0048,9625349,774663,373.89,18.54
EA-0049,9625299,774663,380.21,15.04
EA-0050,9625249,774663,392.01,18.97
EA-0051,9625199,774663,402.11,15.29
EA-0052,9625149,774663,427.78,20.67
EA-0053,9625099,774663,435.05,24.79
EA-0054,9625049,774663,440.44,16.72
EA-0055,9624999,774663,439.28,12.49
EA-0056,9624949,774663,436.58,22.51
EA-0057,9624899,774663,429.96,21.66
EA-0058,9624849,774663,410.27,21.78
EA-0059,9624799,774663,412.1,15.37
EA-0060,9624749,774663,405.6,19.24
EA-0061,9624699,774663,391.83,18.11
EA-0062,9624649,774663,384.96,18.07
EA-0063,9624599,774663,374.26,22.6
EA-0064,9624549,774663,362.07,17.16
EA-0065,9624499,774663,350.32,23.88
EA-0066,9624449,774663,335.22,20.18
EA-0067,9624399,774663,327.12,22.5
EA-0068,9624349,774663,323.78,21.01
EA-0069,9624299,774663,303.8,18.82
EA-0070,9624249,774663,269.14,21.0
EA-0071,9624199,774663,278.27,17.66
EA-0072,9624149,774663,297.46,19.18
EA-0073,9624099,774663,324.32,9.21
EA-0074,9624049,774663,347.88,20.02
EA-0075,9623999,774663,342.79,9.84
EA-0076,9623949,774663,334.58,17.35
EA-0077,9623899,774663,322.85,19.58
EA-0078,9623849,774663,310.81,20.72
EA-0079,9623799,774663,301.97,19.28
EA-0080,9623749,774663,291.9,17.23
EA-0081,9623699,774663,275.78,23.08
EA-0082,9623649,774663,257.59,20.53
EA-0083,9623599,774663,243.6,17.4
EA-0084,9623549,774663,240.01,24.71
EA-0085,9623499,774663,245.82,23.09
EA-0086,9623449,774663,232.59,21.72
EA-0087,9623399,774663,209.34,24.81
EA-0088,9623356,774663,204.73,16.14
EA-0089,9625497,774713,391.56,15.17
EA-0090,9625449,774713,377.47,20.04
EA-0091,9625399,774713,391.89,16.88
EA-0092,9625349,774713,393.85,22.27
EA-0093,9625299,774713,403.05,23.03
EA-0094,9625249,774713,417.87,15.69
EA-0095,9625199,774713,438.35,24.79
EA-0096,9625149,774713,461.9,22.16
EA-0097,9625099,774713,469.6,17.84
EA-0098,9625049,774713,473.78,9.24
EA-0099,9624999,774713,462.7,22.8
EA-0100,9624949,774713,469.15,19.02
EA-0101,9624899,774713,456.6,11.82
EA-0102,9624849,774713,433.77,22.53
EA-0103,9624799,774713,436.07,13.07
EA-0104,9624749,774713,419.37,19.89
EA-0105,9624699,774713,410.66,14.86
EA-0106,9624649,774713,397.17,21.11
EA-0107,9624599,774713,378.41,18.15
EA-0108,9624549,774713,374.26,23.38
EA-0109,9624499,774713,364.43,23.84
EA-0110,9624449,774713,343.55,20.9
EA-0111,9624399,774713,325.18,19.48
EA-0112,9624349,774713,312.22,17.91
EA-0113,9624299,774713,296.29,13.88
EA-0114,9624249,774713,267.82,24.72
EA-0115,9624199,774713,285.19,20.1
EA-0116,9624149,774713,306.3,16.59
EA-0117,9624099,774713,330.34,24.87
EA-0118,9624049,774713,348.91,18.83
EA-0119,9623999,774713,360.41,16.47
EA-0120,9623949,774713,349.11,12.85
EA-0121,9623899,774713,333.41,15.69
EA-0122,9623849,774713,334.0,16.07
EA-0123,9623799,774713,325.21,13.48
EA-0124,9623749,774713,311.37,18.98
EA-0125,9623699,774713,293.14,11.02
EA-0126,9623649,774713,279.85,18.73
EA-0127,9623599,774713,271.68,18.45
EA-0128,9623549,774713,266.9,23.22
EA-0129,9623499,774713,252.69,18.67
EA-0130,9623449,774713,239.32,15.82
EA-0131,9623399,774713,227.9,16.65
EA-0132,9623356,774713,223.52,23.74
EA-0133,9625497,774763,391.23,22.06
EA-0134,9625449,774763,407.14,20.98
EA-0135,9625399,774763,423.06,17.06
EA-0136,9625349,774763,424.72,19.91
EA-0137,9625299,774763,438.52,16.83
EA-0138,9625249,774763,454.72,17.14
EA-0139,9625199,774763,479.75,22.34
EA-0140,9625149,774763,488.81,24.21
EA-0141,9625099,774763,501.23,23.43
EA-0142,9625049,774763,493.61,22.04
EA-0143,9624999,774763,475.67,16.46
EA-0144,9624949,774763,495.98,19.72
EA-0145,9624899,774763,492.71,15.24
EA-0146,9624849,774763,474.17,20.1
EA-0147,9624799,774763,455.94,19.24
EA-0148,9624749,774763,443.83,21.54
EA-0149,9624699,774763,430.43,11.27
EA-0150,9624649,774763,408.38,21.8
EA-0151,9624599,774763,395.76,18.26
EA-0152,9624549,774763,383.61,12.47
EA-0153,9624499,774763,367.58,23.29
EA-0154,9624449,774763,350.73,21.41
EA-0155,9624399,774763,329.84,20.47
EA-0156,9624349,774763,309.35,18.15
EA-0157,9624299,774763,295.99,15.89
EA-0158,9624249,774763,273.03,20.29
EA-0159,9624199,774763,291.06,17.35
EA-0160,9624149,774763,307.38,13.98
EA-0161,9624099,774763,323.83,18.81
EA-0162,9624049,774763,340.3,17.49
EA-0163,9623999,774763,358.69,16.69
EA-0164,9623949,774763,366.14,15.5
EA-0165,9623899,774763,354.97,16.21
EA-0166,9623849,774763,353.33,24.18
EA-0167,9623799,774763,338.97,17.55
EA-0168,9623749,774763,321.76,23.08
EA-0169,9623699,774763,313.32,15.73
EA-0170,9623649,774763,301.52,15.74
EA-0171,9623599,774763,302.21,16.33
EA-0172,9623549,774763,286.5,17.04
EA-0173,9623499,774763,276.45,16.2
EA-0174,9623449,774763,262.28,23.63
EA-0175,9623399,774763,247.34,18.16
EA-0176,9623356,774763,237.32,16.17
EA-0177,9625497,774813,401.83,16.34
EA-0178,9625449,774813,427.46,23.63
EA-0179,9625399,774813,435.75,14.0
EA-0180,9625349,774813,445.84,14.1
EA-0181,9625299,774813,458.93,19.67
EA-0182,9625249,774813,473.64,16.99
EA-0183,9625199,774813,501.83,9.9
EA-0184,9625149,774813,513.64,12.96
EA-0185,9625099,774813,513.93,19.05
EA-0186,9625049,774813,502.93,11.09
EA-0187,9624999,774813,485.78,24.69
EA-0188,9624949,774813,507.59,17.5
EA-0189,9624899,774813,523.43,23.43
EA-0190,9624849,774813,503.55,20.54
EA-0191,9624799,774813,476.56,11.42
EA-0192,9624749,774813,466.54,23.74
EA-0193,9624699,774813,439.81,12.12
EA-0194,9624649,774813,421.6,12.35
EA-0195,9624599,774813,412.87,23.04
EA-0196,9624549,774813,391.85,11.75
EA-0197,9624499,774813,369.11,15.15
EA-0198,9624449,774813,345.52,17.49
EA-0199,9624399,774813,326.87,16.51
EA-0200,9624349,774813,310.62,18.34
EA-0201,9624299,774813,292.29,17.67
EA-0202,9624249,774813,278.76,21.19
EA-0203,9624199,774813,296.29,20.83
EA-0204,9624149,774813,313.26,18.84
EA-0205,9624099,774813,331.14,17.2
EA-0206,9624049,774813,349.73,15.05
EA-0207,9623999,774813,367.67,12.86
EA-0208,9623949,774813,380.92,16.1
EA-0209,9623899,774813,376.07,22.73
EA-0210,9623849,774813,363.14,19.4
EA-0211,9623799,774813,344.96,21.49
EA-0212,9623749,774813,336.3,21.48
EA-0213,9623699,774813,320.63,19.22
EA-0214,9623649,774813,321.12,17.8
EA-0215,9623599,774813,319.13,21.76
EA-0216,9623549,774813,308.75,14.39
EA-0217,9623499,774813,292.56,20.37
EA-0218,9623449,774813,272.78,23.57
EA-0219,9623399,774813,254.96,19.97
EA-0220,9623356,774813,247.27,24.34
EA-0221,9625497,774863,425.5,21.62
EA-0222,9625449,774863,443.32,20.29
EA-0223,9625399,774863,454.38,13.22
EA-0224,9625349,774863,465.13,17.94
EA-0225,9625299,774863,476.48,10.82
EA-0226,9625249,774863,493.26,16.77
EA-0227,9625199,774863,504.51,17.61
EA-0228,9625149,774863,532.54,24.19
EA-0229,9625099,774863,521.31,21.76
EA-0230,9625049,774863,508.8,19.31
EA-0231,9624999,774863,500.53,22.08
EA-0232,9624949,774863,519.65,18.6
EA-0233,9624899,774863,537.7,21.04
EA-0234,9624849,774863,522.29,16.23
EA-0235,9624799,774863,501.12,12.3
EA-0236,9624749,774863,480.45,18.18
EA-0237,9624699,774863,458.39,16.29
EA-0238,9624649,774863,440.34,9.21
EA-0239,9624599,774863,418.09,16.19
EA-0240,9624549,774863,397.18,15.74
EA-0241,9624499,774863,378.69,16.16
EA-0242,9624449,774863,352.14,21.46
EA-0243,9624399,774863,326.47,23.48
EA-0244,9624349,774863,309.97,12.21
EA-0245,9624299,774863,290.09,24.73
EA-0246,9624249,774863,294.93,23.01
EA-0247,9624199,774863,309.94,19.21
EA-0248,9624149,774863,325.72,17.3
EA-0249,9624099,774863,345.28,9.05
EA-0250,9624049,774863,360.46,18.59
EA-0251,9623999,774863,387.6,20.55
EA-0252,9623949,774863,407.11,9.17
EA-0253,9623899,774863,398.63,17.97
EA-0254,9623849,774863,383.05,21.39
EA-0255,9623799,774863,366.34,11.05
EA-0256,9623749,774863,344.36,16.16
EA-0257,9623699,774863,330.14,18.22
EA-0258,9623649,774863,335.01,10.25
EA-0259,9623599,774863,331.37,20.41
EA-0260,9623549,774863,318.81,13.79
EA-0261,9623499,774863,302.11,21.09
EA-0262,9623449,774863,282.13,22.17
EA-0263,9623399,774863,269.6,18.45
EA-0264,9623356,774863,257.87,15.88
EA-0265,9625497,774913,447.03,15.88
EA-0266,9625449,774913,453.33,21.68
EA-0267,9625399,774913,478.58,16.04
EA-0268,9625349,774913,485.8,20.01
EA-0269,9625299,774913,497.32,11.61
EA-0270,9625249,774913,523.37,15.25
EA-0271,9625199,774913,518.14,18.0
EA-0272,9625149,774913,528.0,9.58
EA-0273,9625099,774913,522.38,21.79
EA-0274,9625049,774913,510.35,9.29
EA-0275,9624999,774913,509.67,24.44
EA-0276,9624949,774913,523.05,24.01
EA-0277,9624899,774913,552.84,18.65
EA-0278,9624849,774913,541.76,15.16
EA-0279,9624799,774913,529.2,20.65
EA-0280,9624749,774913,506.06,18.34
EA-0281,9624699,774913,491.17,23.06
EA-0282,9624649,774913,458.55,16.3
EA-0283,9624599,774913,419.44,20.69
EA-0284,9624549,774913,391.28,24.77
EA-0285,9624499,774913,371.66,24.39
EA-0286,9624449,774913,347.27,17.08
EA-0287,9624399,774913,328.33,18.05
EA-0288,9624349,774913,308.5,16.74
EA-0289,9624299,774913,293.44,23.7
EA-0290,9624249,774913,310.66,13.05
EA-0291,9624199,774913,328.62,22.87
EA-0292,9624149,774913,338.91,17.12
EA-0293,9624099,774913,356.3,24.3
EA-0294,9624049,774913,378.14,17.51
EA-0295,9623999,774913,401.61,18.63
EA-0296,9623949,774913,433.65,20.35
EA-0297,9623899,774913,422.0,15.45
EA-0298,9623849,774913,400.76,15.48
EA-0299,9623799,774913,377.45,13.97
EA-0300,9623749,774913,355.14,20.58
EA-0301,9623699,774913,347.14,15.69
EA-0302,9623649,774913,343.52,22.71
EA-0303,9623599,774913,328.96,23.93
EA-0304,9623549,774913,308.83,22.14
EA-0305,9623499,774913,303.38,19.14
EA-0306,9623449,774913,294.48,15.85
EA-0307,9623399,774913,279.67,16.02
EA-0308,9623356,774913,264.25,18.11
EA-0309,9625497,774963,473.05,21.65
EA-0310,9625449,774963,475.83,21.77
EA-0311,9625399,774963,495.62,23.24
EA-0312,9625349,774963,506.91,10.86
EA-0313,9625299,774963,520.22,17.91
EA-0314,9625249,774963,528.45,24.11
EA-0315,9625199,774963,531.35,18.72
EA-0316,9625149,774963,537.93,21.49
EA-0317,9625099,774963,528.15,16.55
EA-0318,9625049,774963,510.94,11.64
EA-0319,9624999,774963,516.45,20.66
EA-0320,9624949,774963,527.64,10.77
EA-0321,9624899,774963,556.23,13.33
EA-0322,9624849,774963,566.21,21.25
EA-0323,9624799,774963,552.52,10.83
EA-0324,9624749,774963,531.61,16.64
EA-0325,9624699,774963,513.76,19.85
EA-0326,9624649,774963,473.39,21.48
EA-0327,9624599,774963,425.61,19.26
EA-0328,9624549,774963,396.66,23.83
EA-0329,9624499,774963,372.79,16.38
EA-0330,9624449,774963,354.83,21.13
EA-0331,9624399,774963,335.34,16.11
EA-0332,9624349,774963,316.49,22.82
EA-0333,9624299,774963,303.76,16.22
EA-0334,9624249,774963,327.63,15.5
EA-0335,9624199,774963,349.22,21.52
EA-0336,9624149,774963,368.06,22.54
EA-0337,9624099,774963,374.41,19.23
EA-0338,9624049,774963,397.27,23.46
EA-0339,9623999,774963,422.63,22.57
EA-0340,9623949,774963,437.24,21.85
EA-0341,9623899,774963,423.72,22.59
EA-0342,9623849,774963,403.63,14.07
EA-0343,9623799,774963,383.42,9.98
EA-0344,9623749,774963,370.83,23.49
EA-0345,9623699,774963,367.54,17.0
EA-0346,9623649,774963,341.44,20.38
EA-0347,9623599,774963,322.72,21.18
EA-0348,9623549,774963,298.93,19.58
EA-0349,9623499,774963,288.43,19.84
EA-0350,9623449,774963,284.33,17.81
EA-0351,9623399,774963,276.93,11.48
EA-0352,9623356,774963,264.47,22.32
EA-0353,9625497,775013,497.46,22.53
EA-0354,9625449,775013,501.53,23.44
EA-0355,9625399,775013,511.6,21.77
EA-0356,9625349,775013,524.65,17.02
EA-0357,9625299,775013,532.35,20.24
EA-0358,9625249,775013,543.56,24.9
EA-0359,9625199,775013,544.0,22.08
EA-0360,9625149,775013,537.86,11.63
EA-0361,9625099,775013,527.47,21.33
EA-0362,9625049,775013,509.53,22.89
EA-0363,9624999,775013,523.13,16.45
EA-0364,9624949,775013,538.82,20.83
EA-0365,9624899,775013,557.31,17.71
EA-0366,9624849,775013,559.37,16.63
EA-0367,9624799,775013,549.5,19.99
EA-0368,9624749,775013,532.39,17.22
EA-0369,9624699,775013,500.98,15.03
EA-0370,9624649,775013,474.31,23.04
EA-0371,9624599,775013,430.65,20.95
EA-0372,9624549,775013,398.11,16.08
EA-0373,9624499,775013,371.65,17.23
EA-0374,9624449,775013,355.93,21.61
EA-0375,9624399,775013,337.29,19.08
EA-0376,9624349,775013,316.35,24.33
EA-0377,9624299,775013,315.39,20.39
EA-0378,9624249,775013,345.54,22.37
EA-0379,9624199,775013,370.35,16.02
EA-0380,9624149,775013,392.07,17.12
EA-0381,9624099,775013,402.42,22.21
EA-0382,9624049,775013,420.99,16.5
EA-0383,9623999,775013,439.43,20.93
EA-0384,9623949,775013,444.96,20.57
EA-0385,9623899,775013,432.61,15.17
EA-0386,9623849,775013,415.89,24.96
EA-0387,9623799,775013,399.13,22.75
EA-0388,9623749,775013,391.25,16.12
EA-0389,9623699,775013,379.77,17.8
EA-0390,9623649,775013,354.01,22.1
EA-0391,9623599,775013,328.36,11.06
EA-0392,9623549,775013,307.11,15.02
EA-0393,9623499,775013,286.99,9.88
EA-0394,9623449,775013,272.2,13.83
EA-0395,9623399,775013,263.62,18.05
EA-0396,9623356,775013,254.45,12.47
EA-0397,9625497,775063,518.33,23.42
EA-0398,9625449,775063,522.59,18.07
EA-0399,9625399,775063,525.81,23.48
EA-0400,9625349,775063,535.04,23.27
EA-0401,9625299,775063,547.83,20.82
EA-0402,9625249,775063,548.04,17.43
EA-0403,9625199,775063,543.45,24.37
EA-0404,9625149,775063,533.9,20.04
EA-0405,9625099,775063,522.18,24.31
EA-0406,9625049,775063,522.25,21.13
EA-0407,9624999,775063,533.43,11.59
EA-0408,9624949,775063,544.77,21.69
EA-0409,9624899,775063,548.73,19.75
EA-0410,9624849,775063,543.06,18.36
EA-0411,9624799,775063,537.6,23.44
EA-0412,9624749,775063,521.62,19.96
EA-0413,9624699,775063,491.73,22.58
EA-0414,9624649,775063,468.27,9.48
EA-0415,9624599,775063,439.89,16.91
EA-0416,9624549,775063,408.34,16.88
EA-0417,9624499,775063,381.47,19.06
EA-0418,9624449,775063,362.6,16.92
EA-0419,9624399,775063,338.45,16.45
EA-0420,9624349,775063,315.82,18.35
EA-0421,9624299,775063,326.26,17.34
EA-0422,9624249,775063,353.42,23.0
EA-0423,9624199,775063,375.42,14.31
EA-0424,9624149,775063,403.02,16.55
EA-0425,9624099,775063,427.91,18.27
EA-0426,9624049,775063,444.22,15.27
EA-0427,9623999,775063,462.59,19.24
EA-0428,9623949,775063,465.23,15.66
EA-0429,9623899,775063,451.55,16.13
EA-0430,9623849,775063,434.43,12.51
EA-0431,9623799,775063,417.34,10.2
EA-0432,9623749,775063,404.04,15.58
EA-0433,9623699,775063,383.94,16.62
EA-0434,9623649,775063,364.02,20.97
EA-0435,9623599,775063,341.49,17.38
EA-0436,9623549,775063,316.04,15.34
EA-0437,9623499,775063,296.84,14.29
EA-0438,9623449,775063,279.63,21.32
EA-0439,9623399,775063,262.42,19.08
EA-0440,9623356,775063,252.23,18.96
EA-0441,9625497,775113,537.0,17.68
EA-0442,9625449,775113,535.88,21.88
EA-0443,9625399,775113,532.72,22.85
EA-0444,9625349,775113,541.78,20.77
EA-0445,9625299,775113,544.44,21.49
EA-0446,9625249,775113,539.09,15.53
EA-0447,9625199,775113,531.13,14.17
EA-0448,9625149,775113,513.6,21.05
EA-0449,9625099,775113,519.12,24.07
EA-0450,9625049,775113,534.53,22.75
EA-0451,9624999,775113,548.18,20.32
EA-0452,9624949,775113,551.64,20.62
EA-0453,9624899,775113,535.87,21.67
EA-0454,9624849,775113,531.33,24.54
EA-0455,9624799,775113,521.5,17.38
EA-0456,9624749,775113,512.02,19.65
EA-0457,9624699,775113,495.47,18.59
EA-0458,9624649,775113,474.1,22.0
EA-0459,9624599,775113,451.86,21.76
EA-0460,9624549,775113,419.8,10.8
EA-0461,9624499,775113,393.78,21.88
EA-0462,9624449,775113,374.1,18.21
EA-0463,9624399,775113,356.05,23.67
EA-0464,9624349,775113,330.8,18.68
EA-0465,9624299,775113,332.61,20.37
EA-0466,9624249,775113,357.27,24.01
EA-0467,9624199,775113,374.08,22.13
EA-0468,9624149,775113,404.85,10.65
EA-0469,9624099,775113,439.35,16.45
EA-0470,9624049,775113,472.19,22.93
EA-0471,9623999,775113,493.5,9.19
EA-0472,9623949,775113,493.63,24.22
EA-0473,9623899,775113,479.32,23.22
EA-0474,9623849,775113,456.7,16.06
EA-0475,9623799,775113,435.56,17.84
EA-0476,9623749,775113,409.76,24.71
EA-0477,9623699,775113,378.81,15.74
EA-0478,9623649,775113,356.22,12.33
EA-0479,9623599,775113,338.56,12.59
EA-0480,9623549,775113,314.61,24.36
EA-0481,9623499,775113,295.53,11.23
EA-0482,9623449,775113,278.91,10.32
EA-0483,9623399,775113,263.72,17.65
EA-0484,9623356,775113,264.5,16.02
EA-0485,9625497,775163,545.9,17.42
EA-0486,9625449,775163,544.07,19.15
EA-0487,9625399,775163,537.68,17.08
EA-0488,9625349,775163,541.08,11.88
EA-0489,9625299,775163,534.97,22.42
EA-0490,9625249,775163,521.13,15.55
EA-0491,9625199,775163,524.28,21.18
EA-0492,9625149,775163,524.48,13.64
EA-0493,9625099,775163,543.51,21.2
EA-0494,9625049,775163,552.98,20.37
EA-0495,9624999,775163,561.03,15.73
EA-0496,9624949,775163,548.61,17.2
EA-0497,9624899,775163,526.93,13.01
EA-0498,9624849,775163,516.65,17.87
EA-0499,9624799,775163,510.99,16.38
EA-0500,9624749,775163,504.6,22.02
EA-0501,9624699,775163,500.17,14.62
EA-0502,9624649,775163,471.98,20.16
EA-0503,9624599,775163,450.88,17.78
EA-0504,9624549,775163,421.91,15.92
EA-0505,9624499,775163,408.8,17.19
EA-0506,9624449,775163,392.05,21.78
EA-0507,9624399,775163,382.91,24.74
EA-0508,9624349,775163,365.22,11.92
EA-0509,9624299,775163,350.71,18.08
EA-0510,9624249,775163,352.23,20.18
EA-0511,9624199,775163,375.56,23.3
EA-0512,9624149,775163,406.33,23.48
EA-0513,9624099,775163,442.62,12.6
EA-0514,9624049,775163,487.61,9.14
EA-0515,9623999,775163,512.45,20.55
EA-0516,9623949,775163,516.68,21.57
EA-0517,9623899,775163,505.34,23.07
EA-0518,9623849,775163,480.44,14.24
EA-0519,9623799,775163,449.74,14.81
EA-0520,9623749,775163,415.67,20.59
EA-0521,9623699,775163,385.48,16.04
EA-0522,9623649,775163,355.2,16.72
EA-0523,9623599,775163,330.75,10.34
EA-0524,9623549,775163,315.33,19.99
EA-0525,9623499,775163,299.22,22.64
EA-0526,9623449,775163,280.36,17.25
EA-0527,9623399,775163,277.03,18.47
EA-0528,9623356,775163,284.11,24.21
EA-0529,9625497,775213,563.36,19.07
EA-0530,9625449,775213,554.65,11.81
EA-0531,9625399,775213,541.34,20.67
EA-0532,9625349,775213,529.43,19.33
EA-0533,9625299,775213,524.8,13.66
EA-0534,9625249,775213,522.17,21.49
EA-0535,9625199,775213,536.7,20.49
EA-0536,9625149,775213,547.09,22.92
EA-0537,9625099,775213,569.13,17.63
EA-0538,9625049,775213,573.32,24.83
EA-0539,9624999,775213,566.79,23.86
EA-0540,9624949,775213,546.55,22.47
EA-0541,9624899,775213,529.24,15.61
EA-0542,9624849,775213,511.14,21.91
EA-0543,9624799,775213,502.07,24.5
EA-0544,9624749,775213,496.52,15.21
EA-0545,9624699,775213,484.99,16.89
EA-0546,9624649,775213,460.94,24.51
EA-0547,9624599,775213,455.86,24.91
EA-0548,9624549,775213,439.15,23.65
EA-0549,9624499,775213,431.32,15.07
EA-0550,9624449,775213,417.61,20.94
EA-0551,9624399,775213,408.28,24.17
EA-0552,9624349,775213,391.13,17.67
EA-0553,9624299,775213,374.41,23.99
EA-0554,9624249,775213,358.74,9.15
EA-0555,9624199,775213,377.78,20.44
EA-0556,9624149,775213,405.21,16.58
EA-0557,9624099,775213,448.72,12.05
EA-0558,9624049,775213,480.67,9.07
EA-0559,9623999,775213,500.86,22.47
EA-0560,9623949,775213,510.32,12.58
EA-0561,9623899,775213,513.06,12.14
EA-0562,9623849,775213,492.51,16.58
EA-0563,9623799,775213,463.78,20.13
EA-0564,9623749,775213,428.57,18.79
EA-0565,9623699,775213,399.03,20.39
EA-0566,9623649,775213,373.95,16.18
EA-0567,9623599,775213,347.26,17.13
EA-0568,9623549,775213,324.06,17.52
EA-0569,9623499,775213,301.1,15.69
EA-0570,9623449,775213,285.75,13.33
EA-0571,9623399,775213,297.22,15.36
EA-0572,9623356,775213,305.42,24.38
EA-0573,9625497,775263,581.25,22.85
EA-0574,9625449,775263,567.68,16.78
EA-0575,9625399,775263,548.48,23.01
EA-0576,9625349,775263,532.72,9.77
EA-0577,9625299,775263,525.93,15.33
EA-0578,9625249,775263,534.14,20.97
EA-0579,9625199,775263,548.27,21.45
EA-0580,9625149,775263,566.66,19.16
EA-0581,9625099,775263,584.68,20.91
EA-0582,9625049,775263,584.68,16.51
EA-0583,9624999,775263,570.72,9.29
EA-0584,9624949,775263,550.91,16.4
EA-0585,9624899,775263,533.69,22.8
EA-0586,9624849,775263,522.84,22.93
EA-0587,9624799,775263,513.05,15.96
EA-0588,9624749,775263,503.76,22.31
EA-0589,9624699,775263,492.38,10.38
EA-0590,9624649,775263,484.55,16.39
EA-0591,9624599,775263,474.42,19.55
EA-0592,9624549,775263,464.83,10.92
EA-0593,9624499,775263,459.62,16.76
EA-0594,9624449,775263,442.14,20.4
EA-0595,9624399,775263,422.98,15.59
EA-0596,9624349,775263,411.3,20.74
EA-0597,9624299,775263,388.23,9.45
EA-0598,9624249,775263,366.25,10.16
EA-0599,9624199,775263,384.53,13.24
EA-0600,9624149,775263,408.32,22.81
EA-0601,9624099,775263,441.35,22.5
EA-0602,9624049,775263,466.94,18.33
EA-0603,9623999,775263,484.54,10.04
EA-0604,9623949,775263,500.64,21.04
EA-0605,9623899,775263,509.2,21.72
EA-0606,9623849,775263,500.55,16.06
EA-0607,9623799,775263,469.41,22.94
EA-0608,9623749,775263,433.5,23.46
EA-0609,9623699,775263,401.51,19.35
EA-0610,9623649,775263,376.36,20.37
EA-0611,9623599,775263,349.96,15.98
EA-0612,9623549,775263,329.53,18.47
EA-0613,9623499,775263,304.61,20.87
EA-0614,9623449,775263,297.61,19.92
EA-0615,9623399,775263,314.18,23.64
EA-0616,9623356,775263,327.45,24.34
EA-0617,9625497,775313,599.19,23.95
EA-0618,9625449,775313,582.41,23.97
EA-0619,9625399,775313,563.84,15.87
EA-0620,9625349,775313,545.55,18.53
EA-0621,9625299,775313,536.79,21.73
EA-0622,9625249,775313,547.34,22.12
EA-0623,9625199,775313,561.86,19.01
EA-0624,9625149,775313,579.42,19.92
EA-0625,9625099,775313,582.01,23.51
EA-0626,9625049,775313,582.55,18.09
EA-0627,9624999,775313,570.65,19.59
EA-0628,9624949,775313,557.41,14.02
EA-0629,9624899,775313,548.64,19.32
EA-0630,9624849,775313,542.81,21.35
EA-0631,9624799,775313,532.05,16.9
EA-0632,9624749,775313,522.65,21.17
EA-0633,9624699,775313,507.7,12.45
EA-0634,9624649,775313,507.23,16.54
EA-0635,9624599,775313,498.5,19.53
EA-0636,9624549,775313,489.12,13.84
EA-0637,9624499,775313,473.15,20.5
EA-0638,9624449,775313,454.07,23.09
EA-0639,9624399,775313,432.42,15.65
EA-0640,9624349,775313,421.59,17.45
EA-0641,9624299,775313,403.9,21.57
EA-0642,9624249,775313,367.95,19.75
EA-0643,9624199,775313,390.81,23.94
EA-0644,9624149,775313,416.58,21.87
EA-0645,9624099,775313,439.11,22.7
EA-0646,9624049,775313,459.69,18.48
EA-0647,9623999,775313,477.91,17.62
EA-0648,9623949,775313,492.8,17.11
EA-0649,9623899,775313,493.28,19.95
EA-0650,9623849,775313,501.63,19.07
EA-0651,9623799,775313,473.56,11.09
EA-0652,9623749,775313,443.79,16.57
EA-0653,9623699,775313,416.27,20.61
EA-0654,9623649,775313,389.29,15.74
EA-0655,9623599,775313,363.89,15.45
EA-0656,9623549,775313,341.21,14.49
EA-0657,9623499,775313,310.12,15.93
EA-0658,9623449,775313,316.41,18.5
EA-0659,9623399,775313,331.38,23.03
EA-0660,9623356,775313,345.88,14.64
EA-0661,9625497,775363,622.83,24.87
EA-0662,9625449,775363,604.5,24.59
EA-0663,9625399,775363,585.4,24.61
EA-0664,9625349,775363,561.11,16.93
EA-0665,9625299,775363,551.08,20.22
EA-0666,9625249,775363,561.01,17.87
EA-0667,9625199,775363,573.63,23.45
EA-0668,9625149,775363,577.62,17.11
EA-0669,9625099,775363,574.14,23.72
EA-0670,9625049,775363,572.13,19.56
EA-0671,9624999,775363,567.36,19.69
EA-0672,9624949,775363,563.72,15.39
EA-0673,9624899,775363,560.83,20.16
EA-0674,9624849,775363,557.47,22.42
EA-0675,9624799,775363,551.19,18.32
EA-0676,9624749,775363,539.82,15.9
EA-0677,9624699,775363,524.42,24.22
EA-0678,9624649,775363,526.65,21.76
EA-0679,9624599,775363,507.13,21.26
EA-0680,9624549,775363,488.67,15.78
EA-0681,9624499,775363,477.05,22.7
EA-0682,9624449,775363,468.82,23.07
EA-0683,9624399,775363,448.15,17.41
EA-0684,9624349,775363,427.06,18.86
EA-0685,9624299,775363,411.48,12.67
EA-0686,9624249,775363,380.72,23.18
EA-0687,9624199,775363,392.73,17.79
EA-0688,9624149,775363,412.03,15.34
EA-0689,9624099,775363,437.76,20.56
EA-0690,9624049,775363,458.29,13.11
EA-0691,9623999,775363,468.72,20.17
EA-0692,9623949,775363,474.72,24.37
EA-0693,9623899,775363,482.51,18.69
EA-0694,9623849,775363,494.9,17.43
EA-0695,9623799,775363,477.8,21.44
EA-0696,9623749,775363,457.4,21.52
EA-0697,9623699,775363,430.91,10.31
EA-0698,9623649,775363,402.32,18.46
EA-0699,9623599,775363,377.92,13.47
EA-0700,9623549,775363,347.52,20.0
EA-0701,9623499,775363,327.31,17.71
EA-0702,9623449,775363,336.72,9.34
EA-0703,9623399,775363,347.0,21.6
EA-0704,9623356,775363,361.73,18.62
EA-0705,9625497,775413,644.2,9.47
EA-0706,9625449,775413,626.43,18.27
EA-0707,9625399,775413,605.81,15.86
EA-0708,9625349,775413,583.36,17.43
EA-0709,9625299,775413,568.7,11.11
EA-0710,9625249,775413,580.21,21.49
EA-0711,9625199,775413,579.64,15.76
EA-0712,9625149,775413,576.22,13.95
EA-0713,9625099,775413,565.6,23.58
EA-0714,9625049,775413,563.05,15.47
EA-0715,9624999,775413,553.54,21.23
EA-0716,9624949,775413,548.92,17.33
EA-0717,9624899,775413,547.18,24.38
EA-0718,9624849,775413,548.26,22.31
EA-0719,9624799,775413,548.63,12.63
EA-0720,9624749,775413,549.55,19.83
EA-0721,9624699,775413,544.9,19.91
EA-0722,9624649,775413,539.56,22.94
EA-0723,9624599,775413,520.19,19.33
EA-0724,9624549,775413,509.64,18.62
EA-0725,9624499,775413,493.36,18.55
EA-0726,9624449,775413,482.11,24.02
EA-0727,9624399,775413,458.61,24.06
EA-0728,9624349,775413,433.8,19.98
EA-0729,9624299,775413,418.53,19.3
EA-0730,9624249,775413,393.37,15.46
EA-0731,9624199,775413,394.72,18.99
EA-0732,9624149,775413,409.06,24.41
EA-0733,9624099,775413,426.94,21.08
EA-0734,9624049,775413,447.06,16.45
EA-0735,9623999,775413,455.43,17.31
EA-0736,9623949,775413,463.29,13.82
EA-0737,9623899,775413,478.02,22.09
EA-0738,9623849,775413,492.45,11.96
EA-0739,9623799,775413,477.91,22.46
EA-0740,9623749,775413,458.56,22.25
EA-0741,9623699,775413,439.97,18.7
EA-0742,9623649,775413,411.55,22.44
EA-0743,9623599,775413,385.3,16.92
EA-0744,9623549,775413,353.28,21.92
EA-0745,9623499,775413,346.32,22.78
EA-0746,9623449,775413,358.21,24.83
EA-0747,9623399,775413,364.98,22.44
EA-0748,9623356,775413,378.33,17.75
EA-0749,9625497,775463,643.04,23.98
EA-0750,9625449,775463,622.12,21.32
EA-0751,9625399,775463,611.06,13.01
EA-0752,9625349,775463,595.16,21.06
EA-0753,9625299,775463,581.21,16.37
EA-0754,9625249,775463,583.6,9.48
EA-0755,9625199,775463,574.44,19.42
EA-0756,9625149,775463,566.47,23.06
EA-0757,9625099,775463,558.63,19.73
EA-0758,9625049,775463,549.79,19.84
EA-0759,9624999,775463,543.42,17.2
EA-0760,9624949,775463,538.2,21.89
EA-0761,9624899,775463,536.69,21.54
EA-0762,9624849,775463,538.61,18.76
EA-0763,9624799,775463,543.1,22.96
EA-0764,9624749,775463,542.14,19.64
EA-0765,9624699,775463,541.77,15.31
EA-0766,9624649,775463,541.09,15.28
EA-0767,9624599,775463,532.69,20.03
EA-0768,9624549,775463,514.7,17.43
EA-0769,9624499,775463,498.38,22.84
EA-0770,9624449,775463,479.61,19.52
EA-0771,9624399,775463,458.04,23.47
EA-0772,9624349,775463,441.02,15.94
EA-0773,9624299,775463,426.75,21.3
EA-0774,9624249,775463,411.7,19.5
EA-0775,9624199,775463,397.48,12.57
EA-0776,9624149,775463,408.03,15.84
EA-0777,9624099,775463,422.67,12.64
EA-0778,9624049,775463,436.83,21.64
EA-0779,9623999,775463,452.03,22.08
EA-0780,9623949,775463,466.63,16.83
EA-0781,9623899,775463,483.84,14.19
EA-0782,9623849,775463,497.44,22.28
EA-0783,9623799,775463,483.52,22.38
EA-0784,9623749,775463,445.5,18.79
EA-0785,9623699,775463,436.62,15.79
EA-0786,9623649,775463,417.05,17.68
EA-0787,9623599,775463,395.39,17.8
EA-0788,9623549,775463,362.19,15.29
EA-0789,9623499,775463,364.93,19.51
EA-0790,9623449,775463,380.11,17.57
EA-0791,9623399,775463,392.94,22.4
EA-0792,9623356,775463,400.51,23.07
EA-0793,9625497,775513,638.95,13.35
EA-0794,9625449,775513,620.14,24.45
EA-0795,9625399,775513,603.3,21.28
EA-0796,9625349,775513,594.55,17.9
EA-0797,9625299,775513,590.62,15.73
EA-0798,9625249,775513,591.09,11.22
EA-0799,9625199,775513,577.7,20.99
EA-0800,9625149,775513,567.16,16.23
EA-0801,9625099,775513,552.62,21.58
EA-0802,9625049,775513,542.67,14.13
EA-0803,9624999,775513,536.75,17.49
EA-0804,9624949,775513,538.18,21.58
EA-0805,9624899,775513,537.83,15.9
EA-0806,9624849,775513,535.04,11.35
EA-0807,9624799,775513,538.79,16.25
EA-0808,9624749,775513,538.56,15.5
EA-0809,9624699,775513,537.73,13.73
EA-0810,9624649,775513,541.94,11.01
EA-0811,9624599,775513,532.37,19.36
EA-0812,9624549,775513,513.68,17.78
EA-0813,9624499,775513,495.96,17.82
EA-0814,9624449,775513,476.23,17.26
EA-0815,9624399,775513,462.03,24.55
EA-0816,9624349,775513,451.59,20.72
EA-0817,9624299,775513,439.03,17.64
EA-0818,9624249,775513,423.21,18.33
EA-0819,9624199,775513,403.71,23.72
EA-0820,9624149,775513,411.65,15.38
EA-0821,9624099,775513,423.17,17.98
EA-0822,9624049,775513,439.01,22.35
EA-0823,9623999,775513,457.01,23.28
EA-0824,9623949,775513,474.19,15.36
EA-0825,9623899,775513,497.18,18.08
EA-0826,9623849,775513,508.25,17.83
EA-0827,9623799,775513,485.14,16.83
EA-0828,9623749,775513,449.33,17.58
EA-0829,9623699,775513,429.65,16.51
EA-0830,9623649,775513,407.46,15.07
EA-0831,9623599,775513,390.87,21.42
EA-0832,9623549,775513,379.69,18.85
EA-0833,9623499,775513,380.07,24.0
EA-0834,9623449,775513,397.51,19.9
EA-0835,9623399,775513,413.47,20.31
EA-0836,9623356,775513,427.88,15.1
EA-0837,9625497,775563,624.67,18.07
EA-0838,9625449,775563,613.45,17.01
EA-0839,9625399,775563,605.28,24.83
EA-0840,9625349,775563,597.82,23.87
EA-0841,9625299,775563,595.99,12.66
EA-0842,9625249,775563,591.74,22.77
EA-0843,9625199,775563,585.81,16.15
EA-0844,9625149,775563,579.49,21.94
EA-0845,9625099,775563,556.46,17.0
EA-0846,9625049,775563,541.34,15.1
EA-0847,9624999,775563,534.56,12.87
EA-0848,9624949,775563,540.04,18.12
EA-0849,9624899,775563,543.49,16.51
EA-0850,9624849,775563,539.94,16.93
EA-0851,9624799,775563,532.94,17.25
EA-0852,9624749,775563,542.15,21.96
EA-0853,9624699,775563,543.33,15.5
EA-0854,9624649,775563,536.93,15.5
EA-0855,9624599,775563,535.98,9.14
EA-0856,9624549,775563,523.74,20.78
EA-0857,9624499,775563,510.42,20.98
EA-0858,9624449,775563,490.47,19.08
EA-0859,9624399,775563,475.78,19.56
EA-0860,9624349,775563,462.79,23.58
EA-0861,9624299,775563,447.91,22.09
EA-0862,9624249,775563,426.81,17.27
EA-0863,9624199,775563,408.66,23.63
EA-0864,9624149,775563,413.93,17.64
EA-0865,9624099,775563,425.0,12.08
EA-0866,9624049,775563,449.16,24.8
EA-0867,9623999,775563,466.45,24.41
EA-0868,9623949,775563,484.74,15.23
EA-0869,9623899,775563,509.94,19.52
EA-0870,9623849,775563,515.5,21.44
EA-0871,9623799,775563,482.97,18.53
EA-0872,9623749,775563,455.87,17.15
EA-0873,9623699,775563,432.12,21.87
EA-0874,9623649,775563,418.04,17.1
EA-0875,9623599,775563,407.03,19.36
EA-0876,9623549,775563,403.91,16.38
EA-0877,9623499,775563,395.15,15.94
EA-0878,9623449,775563,409.58,17.38
EA-0879,9623399,775563,433.07,20.33
EA-0880,9623356,775563,449.67,21.45
EA-0881,9625497,775613,621.62,18.96
EA-0882,9625449,775613,609.66,20.58
EA-0883,9625399,775613,598.71,20.03
EA-0884,9625349,775613,593.56,18.09
EA-0885,9625299,775613,588.4,20.6
EA-0886,9625249,775613,584.91,18.71
EA-0887,9625199,775613,588.25,22.52
EA-0888,9625149,775613,568.21,24.27
EA-0889,9625099,775613,551.4,22.88
EA-0890,9625049,775613,537.69,13.47
EA-0891,9624999,775613,533.74,15.99
EA-0892,9624949,775613,537.59,18.7
EA-0893,9624899,775613,535.23,24.62
EA-0894,9624849,775613,532.23,16.95
EA-0895,9624799,775613,526.85,21.91
EA-0896,9624749,775613,538.65,18.09
EA-0897,9624699,775613,543.68,19.53
EA-0898,9624649,775613,532.83,22.45
EA-0899,9624599,775613,530.99,23.12
EA-0900,9624549,775613,517.02,16.03
EA-0901,9624499,775613,508.41,22.19
EA-0902,9624449,775613,501.96,22.3
EA-0903,9624399,775613,486.85,22.77
EA-0904,9624349,775613,458.5,15.48
EA-0905,9624299,775613,439.43,20.91
EA-0906,9624249,775613,420.25,22.41
EA-0907,9624199,775613,420.91,16.05
EA-0908,9624149,775613,423.04,17.99
EA-0909,9624099,775613,433.61,16.4
EA-0910,9624049,775613,460.67,17.29
EA-0911,9623999,775613,480.86,24.58
EA-0912,9623949,775613,496.36,16.53
EA-0913,9623899,775613,522.27,21.69
EA-0914,9623849,775613,519.81,15.75
EA-0915,9623799,775613,484.07,22.61
EA-0916,9623749,775613,457.73,15.67
EA-0917,9623699,775613,451.21,18.37
EA-0918,9623649,775613,438.96,19.29
EA-0919,9623599,775613,432.96,22.15
EA-0920,9623549,775613,421.95,10.86
EA-0921,9623499,775613,421.23,18.8
EA-0922,9623449,775613,423.31,18.83
EA-0923,9623399,775613,437.99,20.16
EA-0924,9623356,775613,458.83,22.29
EA-0925,9625497,775663,625.42,16.54
EA-0926,9625449,775663,607.81,14.24
EA-0927,9625399,775663,600.96,22.34
EA-0928,9625349,775663,593.38,16.44
EA-0929,9625299,775663,588.7,13.31
EA-0930,9625249,775663,580.46,20.39
EA-0931,9625199,775663,582.1,14.95
EA-0932,9625149,775663,562.09,13.24
EA-0933,9625099,775663,543.72,22.9
EA-0934,9625049,775663,534.07,20.49
EA-0935,9624999,775663,539.51,13.39
EA-0936,9624949,775663,535.4,19.34
EA-0937,9624899,775663,523.48,11.5
EA-0938,9624849,775663,518.51,9.5
EA-0939,9624799,775663,520.1,9.98
EA-0940,9624749,775663,525.57,23.23
EA-0941,9624699,775663,536.46,18.95
EA-0942,9624649,775663,523.83,18.52
EA-0943,9624599,775663,524.11,15.44
EA-0944,9624549,775663,514.61,23.43
EA-0945,9624499,775663,505.87,24.54
EA-0946,9624449,775663,496.85,21.69
EA-0947,9624399,775663,487.96,20.64
EA-0948,9624349,775663,453.55,20.05
EA-0949,9624299,775663,432.15,15.76
EA-0950,9624249,775663,422.56,23.65
EA-0951,9624199,775663,433.26,23.01
EA-0952,9624149,775663,435.72,24.99
EA-0953,9624099,775663,447.53,24.69
EA-0954,9624049,775663,475.94,20.23
EA-0955,9623999,775663,493.01,20.66
EA-0956,9623949,775663,509.38,21.12
EA-0957,9623899,775663,529.15,18.91
EA-0958,9623849,775663,512.04,19.78
EA-0959,9623799,775663,479.23,15.72
EA-0960,9623749,775663,476.0,10.74
EA-0961,9623699,775663,477.96,21.1
EA-0962,9623649,775663,468.88,19.08
EA-0963,9623599,775663,460.49,19.17
EA-0964,9623549,775663,445.67,24.79
EA-0965,9623499,775663,450.0,16.45
EA-0966,9623449,775663,447.3,10.54
EA-0967,9623399,775663,448.23,22.25
EA-0968,9623356,775663,468.57,17.89
EA-0969,9625497,775713,617.31,15.5
EA-0970,9625449,775713,611.88,20.9
EA-0971,9625399,775713,610.68,16.27
EA-0972,9625349,775713,603.34,21.09
EA-0973,9625299,775713,590.31,15.41
EA-0974,9625249,775713,578.32,22.89
EA-0975,9625199,775713,574.37,22.86
EA-0976,9625149,775713,554.91,20.25
EA-0977,9625099,775713,542.34,15.86
EA-0978,9625049,775713,537.54,20.44
EA-0979,9624999,775713,533.75,20.16
EA-0980,9624949,775713,526.96,10.81
EA-0981,9624899,775713,519.46,17.02
EA-0982,9624849,775713,516.79,9.74
EA-0983,9624799,775713,515.82,22.21
EA-0984,9624749,775713,515.15,18.75
EA-0985,9624699,775713,519.51,17.95
EA-0986,9624649,775713,520.64,17.98
EA-0987,9624599,775713,511.8,20.36
EA-0988,9624549,775713,511.07,15.28
EA-0989,9624499,775713,496.87,20.64
EA-0990,9624449,775713,490.24,20.42
EA-0991,9624399,775713,474.83,11.36
EA-0992,9624349,775713,451.63,17.71
EA-0993,9624299,775713,431.16,17.06
EA-0994,9624249,775713,436.04,23.18
EA-0995,9624199,775713,446.97,21.7
EA-0996,9624149,775713,452.55,11.47
EA-0997,9624099,775713,465.14,19.84
EA-0998,9624049,775713,485.99,21.77
EA-0999,9623999,775713,503.41,18.15
EA-1000,9623956,775703,515.41,12.42
EA-1001,9623899,775694,531.04,21.11
EA-1002,9623849,775694,504.03,9.13
EA-1003,9623799,775694,478.18,15.6
EA-1004,9623749,775694,485.38,19.04
EA-1005,9623699,775694,489.99,23.48
EA-1006,9623649,775694,485.13,18.18
EA-1007,9623599,775694,478.33,19.26
EA-1008,9623549,775694,463.57,15.68
EA-1009,9623499,775694,463.71,21.08
EA-1010,9623449,775694,462.97,17.69
EA-1011,9623399,775694,456.43,12.57
EA-1012,9623356,775694,474.96,17.64
EA-1013,9625497,775763,633.45,11.62
EA-1014,9625449,775763,629.71,23.92
EA-1015,9625399,775763,620.28,12.51
EA-1016,9625349,775763,606.04,19.08
EA-1017,9625299,775763,589.71,15.05
EA-1018,9625249,775763,578.52,24.49
EA-1019,9625199,775763,568.86,17.81
EA-1020,9625149,775763,555.29,11.63
EA-1021,9625099,775763,539.93,15.37
EA-1022,9625049,775763,536.33,17.65
EA-1023,9624999,775763,532.73,15.41
EA-1024,9624949,775763,527.99,16.97
EA-1025,9624899,775763,524.23,18.61
EA-1026,9624849,775763,516.54,17.53
EA-1027,9624799,775763,510.86,9.08
EA-1028,9624749,775763,510.31,12.31
EA-1029,9624699,775763,512.28,19.89
EA-1030,9624649,775763,510.94,15.01
EA-1031,9624599,775763,506.41,17.03
EA-1032,9624549,775763,499.19,17.78
EA-1033,9624499,775763,492.39,21.1
EA-1034,9624449,775763,486.2,15.27
EA-1035,9624399,775763,478.12,23.31
EA-1036,9624349,775763,453.54,23.14
EA-1037,9624299,775763,443.63,19.39
EA-1038,9624249,775763,453.01,24.74
EA-1039,9624199,775763,461.49,22.33
EA-1040,9624149,775763,469.12,22.19
EA-1041,9624099,775763,475.41,22.12
EA-1042,9624049,775763,490.35,20.99
EA-1043,9623999,775763,508.09,23.55
EA-1044,9623969,775763,523.9,23.13
EA-1045,9625497,775813,648.79,24.24
EA-1046,9625449,775813,629.88,24.53
EA-1047,9625399,775813,614.12,22.61
EA-1048,9625349,775813,598.38,18.61
EA-1049,9625299,775813,583.38,14.0
EA-1050,9625249,775813,565.25,14.21
EA-1051,9625199,775813,556.91,24.24
EA-1052,9625149,775813,547.05,19.67
EA-1053,9625099,775813,543.73,12.26
EA-1054,9625049,775813,537.22,13.97
EA-1055,9624999,775813,531.93,19.77
EA-1056,9624949,775813,525.72,19.46
EA-1057,9624899,775813,519.48,17.25
EA-1058,9624849,775813,511.78,16.04
EA-1059,9624799,775813,509.2,9.29
EA-1060,9624749,775813,506.82,16.35
EA-1061,9624699,775813,504.39,21.16
EA-1062,9624649,775813,512.29,12.99
EA-1063,9624599,775813,503.1,23.38
EA-1064,9624549,775813,500.13,23.79
EA-1065,9624499,775813,494.84,22.75
EA-1066,9624449,775813,484.67,17.94
EA-1067,9624399,775813,481.64,17.66
EA-1068,9624349,775813,454.32,12.12
EA-1069,9624299,775813,464.47,23.02
EA-1070,9624249,775813,472.04,16.63
EA-1071,9624199,775813,482.95,20.77
EA-1072,9624149,775813,489.28,10.65
EA-1073,9624099,775813,490.52,21.11
EA-1074,9624049,775813,505.22,24.91
EA-1075,9623999,775813,519.23,11.47
EA-1076,9623969,775813,536.4,17.13
EA-1077,9625497,775863,650.63,24.19
EA-1078,9625449,775863,627.54,21.14
EA-1079,9625399,775863,610.08,23.94
EA-1080,9625349,775863,594.03,24.7
EA-1081,9625299,775863,582.39,16.86
EA-1082,9625249,775863,572.24,19.44
EA-1083,9625199,775863,560.15,19.69
EA-1084,9625149,775863,559.09,23.74
EA-1085,9625099,775863,552.05,23.34
EA-1086,9625049,775863,536.24,12.87
EA-1087,9624999,775863,527.34,17.08
EA-1088,9624949,775863,520.85,24.86
EA-1089,9624899,775863,516.71,19.44
EA-1090,9624849,775863,514.99,17.96
EA-1091,9624799,775863,514.72,16.06
EA-1092,9624749,775863,512.15,20.37
EA-1093,9624699,775863,510.11,19.06
EA-1094,9624649,775863,509.42,18.4
EA-1095,9624599,775863,500.62,19.74
EA-1096,9624549,775863,498.87,20.88
EA-1097,9624499,775863,494.28,20.58
EA-1098,9624449,775863,478.29,23.44
EA-1099,9624399,775863,478.63,14.89
EA-1100,9624349,775863,472.51,24.57
EA-1101,9624299,775863,494.58,20.69
EA-1102,9624249,775863,481.95,11.69
EA-1103,9624199,775863,506.92,24.4
EA-1104,9624149,775863,515.56,22.29
EA-1105,9624099,775863,514.78,14.87
EA-1106,9624049,775863,529.39,10.51
EA-1107,9623999,775863,544.99,17.68
EA-1108,9623969,775863,556.98,15.81
EA-1109,9625497,775913,645.54,16.2
EA-1110,9625449,775913,636.84,9.87
EA-1111,9625399,775913,617.77,15.59
EA-1112,9625349,775913,604.35,20.8
EA-1113,9625299,775913,592.76,20.68
EA-1114,9625249,775913,572.19,24.67
EA-1115,9625199,775913,565.2,16.37
EA-1116,9625149,775913,571.32,22.4
EA-1117,9625099,775913,557.99,12.23
EA-1118,9625049,775913,541.9,15.08
EA-1119,9624999,775913,530.88,9.79
EA-1120,9624949,775913,522.63,16.89
EA-1121,9624899,775913,521.89,13.46
EA-1122,9624849,775913,518.56,17.69
EA-1123,9624799,775913,516.05,18.91
EA-1124,9624749,775913,514.21,24.95
EA-1125,9624699,775913,513.99,22.16
EA-1126,9624649,775913,514.91,22.27
EA-1127,9624599,775913,506.43,16.86
EA-1128,9624549,775913,507.53,17.33
EA-1129,9624499,775913,489.21,19.79
EA-1130,9624449,775913,486.73,15.69
EA-1131,9624399,775913,501.36,21.18
EA-1132,9624349,775913,497.1,23.69
EA-1133,9624299,775913,506.74,17.53
EA-1134,9624249,775913,496.77,21.53
EA-1135,9624199,775913,533.45,18.77
EA-1136,9624149,775913,545.04,18.23
EA-1137,9624099,775913,536.51,18.51
EA-1138,9624049,775913,557.58,16.19
EA-1139,9623999,775913,571.13,15.47
EA-1140,9623969,775913,580.83,14.45
EA-1141,9625497,775963,647.87,18.91
EA-1142,9625449,775963,646.85,23.39
EA-1143,9625399,775963,625.67,15.39
EA-1144,9625349,775963,607.63,22.06
EA-1145,9625299,775963,589.08,24.24
EA-1146,9625249,775963,579.72,24.67
EA-1147,9625199,775963,576.31,10.6
EA-1148,9625149,775963,580.22,11.73
EA-1149,9625099,775963,566.95,24.47
EA-1150,9625049,775963,551.75,23.95
EA-1151,9624999,775963,539.91,24.78
EA-1152,9624949,775963,529.09,20.68
EA-1153,9624899,775963,525.31,24.25
EA-1154,9624849,775963,520.47,16.72
EA-1155,9624799,775963,523.45,18.27
EA-1156,9624749,775963,522.87,9.27
EA-1157,9624699,775963,520.78,14.65
EA-1158,9624649,775963,513.66,15.14
EA-1159,9624599,775963,505.8,22.13
EA-1160,9624549,775963,497.69,19.24
EA-1161,9624499,775963,493.29,22.8
EA-1162,9624449,775963,506.24,21.45
EA-1163,9624399,775963,520.31,13.52
EA-1164,9624349,775963,517.66,16.49
EA-1165,9624299,775963,516.82,14.68
EA-1166,9624249,775963,524.74,24.67
EA-1167,9624199,775963,555.67,15.37
EA-1168,9624149,775963,570.79,9.69
EA-1169,9624099,775963,564.73,9.56
EA-1170,9624049,775963,584.16,17.62
EA-1171,9623999,775963,595.8,16.62
EA-1172,9623969,775963,606.33,16.48
EA-1173,9625497,776013,650.55,12.94
EA-1174,9625449,776013,639.75,20.23
EA-1175,9625399,776013,620.37,18.61
EA-1176,9625349,776013,601.95,22.3
EA-1177,9625299,776013,587.78,23.11
EA-1178,9625249,776013,583.41,22.42
EA-1179,9625199,776013,590.82,11.42
EA-1180,9625149,776013,589.58,23.96
EA-1181,9625099,776013,576.33,10.69
EA-1182,9625049,776013,562.23,19.12
EA-1183,9624999,776013,548.01,20.57
EA-1184,9624949,776013,534.74,19.47
EA-1185,9624899,776013,528.12,24.14
EA-1186,9624849,776013,528.96,18.87
EA-1187,9624799,776013,527.45,24.59
EA-1188,9624749,776013,521.13,18.68
EA-1189,9624699,776013,525.72,24.71
EA-1190,9624649,776013,516.15,19.9
EA-1191,9624599,776013,509.98,21.63
EA-1192,9624549,776013,511.43,16.87
EA-1193,9624499,776013,513.33,21.97
EA-1194,9624449,776013,529.81,23.18
EA-1195,9624399,776013,536.74,11.98
EA-1196,9624349,776013,528.66,24.56
EA-1197,9624299,776013,537.7,12.74
EA-1198,9624249,776013,554.23,19.88
EA-1199,9624199,776013,577.07,12.01
EA-1200,9624149,776013,596.64,23.02
EA-1201,9624099,776013,595.72,16.78
EA-1202,9624049,776013,608.29,23.57
EA-1203,9623999,776013,621.86,23.06
EA-1204,9623969,776013,629.89,22.78
EA-1205,9625497,776063,634.02,12.05
EA-1206,9625449,776063,620.32,19.11
EA-1207,9625399,776063,608.33,22.54
EA-1208,9625349,776063,599.92,24.92
EA-1209,9625299,776063,591.17,13.76
EA-1210,9625249,776063,589.27,18.27
EA-1211,9625199,776063,601.48,18.01
EA-1212,9625149,776063,594.28,19.25
EA-1213,9625099,776063,583.59,16.89
EA-1214,9625049,776063,573.97,24.8
EA-1215,9624999,776063,557.48,16.16
EA-1216,9624949,776063,541.91,20.12
EA-1217,9624899,776063,532.94,9.54
EA-1218,9624849,776063,539.78,18.47
EA-1219,9624799,776063,532.18,16.09
EA-1220,9624749,776063,533.97,19.96
EA-1221,9624699,776063,538.59,14.71
EA-1222,9624649,776063,527.12,18.68
EA-1223,9624599,776063,527.22,19.85
EA-1224,9624549,776063,530.44,13.28
EA-1225,9624499,776063,540.08,16.03
EA-1226,9624449,776063,545.18,24.54
EA-1227,9624399,776063,558.08,17.08
EA-1228,9624349,776063,553.75,15.5
EA-1229,9624299,776063,572.67,16.9
EA-1230,9624249,776063,589.0,16.72
EA-1231,9624199,776063,599.82,20.88
EA-1232,9624149,776063,613.71,17.2
EA-1233,9624099,776063,629.4,24.32
EA-1234,9624049,776063,633.94,16.64
EA-1235,9623999,776063,648.81,15.48
EA-1236,9623969,776063,643.56,23.28
EA-1237,9625497,776113,622.95,16.19
EA-1238,9625449,776113,619.17,20.17
EA-1239,9625399,776113,610.32,15.57
EA-1240,9625349,776113,600.96,16.83
EA-1241,9625299,776113,597.58,24.29
EA-1242,9625249,776113,600.87,19.77
EA-1243,9625199,776113,609.94,10.64
EA-1244,9625149,776113,607.42,20.34
EA-1245,9625099,776113,590.02,17.25
EA-1246,9625049,776113,579.05,18.73
EA-1247,9624999,776113,568.31,18.86
EA-1248,9624949,776113,551.8,18.0
EA-1249,9624899,776113,547.8,13.49
EA-1250,9624849,776113,545.99,17.9
EA-1251,9624799,776113,543.92,21.3
EA-1252,9624749,776113,546.1,23.99
EA-1253,9624699,776113,546.97,14.86
EA-1254,9624649,776113,546.64,15.02
EA-1255,9624599,776113,554.05,15.4
EA-1256,9624549,776113,558.5,17.0
EA-1257,9624499,776113,567.97,18.78
EA-1258,9624449,776113,573.85,18.47
EA-1259,9624399,776113,589.29,19.39
EA-1260,9624349,776113,587.45,17.25
EA-1261,9624299,776113,602.45,22.53
EA-1262,9624249,776113,614.14,18.66
EA-1263,9624199,776113,624.48,15.07
EA-1264,9624149,776113,633.97,23.48
EA-1265,9624099,776113,657.52,19.19
EA-1266,9624049,776113,665.59,21.29
EA-1267,9623999,776113,664.99,12.0
EA-1268,9623969,776113,650.99,15.52
EA-1269,9625497,776163,632.67,18.74
EA-1270,9625449,776163,634.98,20.31
EA-1271,9625399,776163,621.65,18.18
EA-1272,9625349,776163,611.93,15.87
EA-1273,9625299,776163,616.25,18.68
EA-1274,9625249,776163,618.26,20.36
EA-1275,9625199,776163,623.84,22.54
EA-1276,9625149,776163,618.93,16.99
EA-1277,9625099,776163,601.77,17.96
EA-1278,9625049,776163,590.21,22.06
EA-1279,9624999,776163,571.82,12.14
EA-1280,9624949,776163,556.74,20.37
EA-1281,9624899,776163,559.88,22.24
EA-1282,9624849,776163,555.16,20.85
EA-1283,9624799,776163,560.01,9.54
EA-1284,9624749,776163,558.13,24.52
EA-1285,9624699,776163,556.76,20.29
EA-1286,9624649,776163,568.88,22.45
EA-1287,9624599,776163,581.56,23.49
EA-1288,9624549,776163,584.23,20.55
EA-1289,9624499,776163,601.82,16.82
EA-1290,9624449,776163,609.51,12.26
EA-1291,9624399,776163,626.58,18.24
EA-1292,9624349,776163,622.73,18.04
EA-1293,9624299,776163,632.08,20.31
EA-1294,9624249,776163,637.8,18.27
EA-1295,9624199,776163,653.01,19.83
EA-1296,9624149,776163,662.12,20.28
EA-1297,9624099,776163,676.15,15.32
EA-1298,9624049,776163,689.2,20.16
EA-1299,9623999,776163,673.05,20.89
EA-1300,9623969,776163,663.62,15.21
EA-1301,9625497,776213,649.26,24.62
EA-1302,9625449,776213,649.2,22.68
EA-1303,9625399,776213,639.05,24.77
EA-1304,9625349,776213,626.34,22.41
EA-1305,9625299,776213,635.95,21.66
EA-1306,9625249,776213,636.18,16.22
EA-1307,9625199,776213,641.11,13.39
EA-1308,9625149,776213,628.55,15.57
EA-1309,9625099,776213,606.14,16.72
EA-1310,9625049,776213,590.62,22.06
EA-1311,9624999,776213,570.22,12.65
EA-1312,9624949,776213,563.97,22.21
EA-1313,9624899,776213,565.89,20.02
EA-1314,9624849,776213,572.05,19.1
EA-1315,9624799,776213,581.07,15.56
EA-1316,9624749,776213,574.1,21.9
EA-1317,9624699,776213,571.73,24.32
EA-1318,9624649,776213,582.15,22.2
EA-1319,9624599,776213,599.3,18.29
EA-1320,9624549,776213,612.41,22.46
EA-1321,9624499,776213,631.86,14.53
EA-1322,9624449,776213,648.47,15.41
EA-1323,9624399,776213,658.85,17.11
EA-1324,9624349,776213,656.56,19.17
EA-1325,9624299,776213,663.8,21.62
EA-1326,9624249,776213,671.83,23.3
EA-1327,9624199,776213,671.33,17.07
EA-1328,9624149,776213,693.5,23.92
EA-1329,9624099,776213,693.81,24.09
EA-1330,9624049,776213,702.87,18.22
EA-1331,9623999,776213,685.66,17.36
EA-1332,9623969,776213,683.01,22.4
EA-1333,9625497,776239,656.24,19.06
EA-1334,9625449,776239,658.74,24.06
EA-1335,9625399,776239,647.91,20.8
EA-1336,9625349,776239,637.58,14.96
EA-1337,9625299,776239,645.01,22.95
EA-1338,9625249,776239,647.65,12.26
EA-1339,9625199,776239,648.18,15.53
EA-1340,9625149,776239,632.51,18.48
EA-1341,9625099,776239,611.0,19.99
EA-1342,9625049,776239,593.29,9.84
EA-1343,9624999,776239,571.7,18.49
EA-1344,9624949,776239,568.98,13.08
EA-1345,9624899,776239,570.18,21.83
EA-1346,9624849,776239,577.37,24.93
EA-1347,9624799,776239,588.61,18.15
EA-1348,9624749,776239,581.43,19.19
EA-1349,9624699,776239,577.43,13.22
EA-1350,9624649,776239,587.9,22.9
EA-1351,9624599,776239,608.03,16.97
EA-1352,9624549,776239,623.26,10.55
EA-1353,9624499,776239,645.97,15.47
EA-1354,9624449,776239,665.72,21.63
EA-1355,9624399,776239,672.32,9.29
EA-1356,9624349,776239,670.15,17.18
EA-1357,9624299,776239,681.32,21.47
EA-1358,9624249,776239,688.82,16.06
EA-1359,9624199,776239,689.4,21.3
EA-1360,9624149,776239,709.45,13.64
EA-1361,9624099,776239,711.49,20.54
EA-1362,9624049,776239,710.73,18.88
EA-1363,9623999,776239,692.65,13.68
EA-1364,9623969,776239,695.96,17.33
EA-1365,9626325,774066,397.14,22.41
EA-1366,9626076,774066,423.7,24.27
EA-1367,9625826,774066,385.81,15.73
EA-1368,9625576,774066,433.08,24.78
EA-1369,9625326,774066,377.2,18.36
EA-1370,9625076,774066,297.6,24.44
EA-1371,9624874,774066,220.06,19.77
EA-1372,9626323,774316,526.37,22.46
EA-1373,9626076,774316,438.62,11.59
EA-1374,9625826,774316,475.33,24.29
EA-1375,9625576,774316,432.3,23.83
EA-1376,9625326,774316,399.5,18.79
EA-1377,9625076,774316,346.35,18.39
EA-1378,9624834,774326,260.42,17.75
EA-1379,9624576,774347,300.72,23.7
EA-1380,9624326,774347,293.17,17.21
EA-1381,9624076,774347,221.3,21.47
EA-1382,9623826,774347,200.19,20.84
EA-1383,9623576,774347,190.05,18.98
EA-1384,9623326,774347,168.61,24.51
EA-1385,9623173,774347,154.19,17.12
EA-1386,9626322,774566,520.92,18.99
EA-1387,9626076,774566,488.19,17.94
EA-1388,9625826,774566,520.76,13.06
EA-1389,9625586,774557,421.74,23.99
EA-1390,9625326,774517,346.15,17.47
EA-1391,9625076,774517,344.93,22.9
EA-1392,9624826,774517,345.2,23.41
EA-1393,9624576,774517,356.67,24.64
EA-1394,9624326,774517,290.05,16.97
EA-1395,9624076,774517,302.38,11.23
EA-1396,9623826,774517,280.63,20.28
EA-1397,9623576,774517,190.04,21.16
EA-1398,9623311,774550,165.45,22.91
EA-1399,9623173,774566,160.93,11.71
EA-1400,9626320,774816,568.28,10.2
EA-1401,9626076,774816,576.57,24.64
EA-1402,9625826,774816,514.28,21.6
EA-1403,9625610,774816,418.32,22.34
EA-1404,9623270,774816,213.16,23.65
EA-1405,9623085,774845,197.48,15.9
EA-1406,9622826,774857,145.78,21.51
EA-1407,9622576,774857,104.09,7.4
EA-1408,9622326,774857,100.44,13.92
EA-1409,9622076,774857,92.24,11.72
EA-1410,9621826,774857,198.35,20.19
EA-1411,9621576,774857,158.67,15.62
EA-1412,9621326,774857,122.44,23.39
EA-1413,9621076,774857,75.26,5.02
EA-1414,9620826,774857,80.49,9.19
EA-1415,9620608,774857,102.66,10.13
EA-1416,9626319,775066,657.4,16.95
EA-1417,9626076,775066,559.65,24.87
EA-1418,9625826,775066,449.44,11.01
EA-1419,9625610,775066,464.58,24.86
EA-1420,9623270,775066,250.69,12.66
EA-1421,9623076,775066,260.7,19.24
EA-1422,9622826,775066,206.31,17.2
EA-1423,9622576,775066,177.24,23.5
EA-1424,9622326,775066,142.93,19.0
EA-1425,9622076,775066,129.46,12.13
EA-1426,9621826,775066,181.89,11.81
EA-1427,9621576,775066,145.44,21.57
EA-1428,9621326,775066,137.7,17.47
EA-1429,9621076,775066,139.7,19.59
EA-1430,9620826,775066,89.15,13.87
EA-1431,9620608,775066,92.99,10.51
EA-1432,9626317,775316,658.89,15.28
EA-1433,9626076,775316,551.86,10.99
EA-1434,9625826,775316,569.8,24.57
EA-1435,9625610,775316,587.6,24.42
EA-1436,9623270,775316,344.27,18.57
EA-1437,9623076,775316,324.8,23.57
EA-1438,9622826,775316,291.23,17.96
EA-1439,9622576,775316,288.11,21.32
EA-1440,9622326,775316,282.73,18.81
EA-1441,9622076,775316,270.62,16.02
EA-1442,9621826,775316,214.04,21.27
EA-1443,9621576,775316,185.13,19.07
EA-1444,9621326,775316,153.17,16.36
EA-1445,9621076,775316,116.18,13.46
EA-1446,9620826,775316,147.71,22.75
EA-1447,9620582,775323,127.89,18.23
EA-1448,9620326,775348,77.33,12.2
EA-1449,9620091,775348,82.58,13.6
EA-1450,9626316,775566,682.78,23.72
EA-1451,9626076,775566,627.56,18.81
EA-1452,9625826,775566,703.03,20.32
EA-1453,9625610,775566,664.14,19.41
EA-1454,9623270,775566,452.51,18.05
EA-1455,9623076,775566,461.8,23.53
EA-1456,9622826,775566,397.95,24.31
EA-1457,9622576,775566,436.45,19.29
EA-1458,9622326,775566,409.76,19.43
EA-1459,9622076,775566,347.33,16.45
EA-1460,9621826,775566,311.72,21.01
EA-1461,9621576,775566,291.82,23.49
EA-1462,9621326,775566,253.38,16.72
EA-1463,9621076,775566,210.83,14.0
EA-1464,9620826,775566,232.96,17.95
EA-1465,9620576,775566,138.47,20.16
EA-1466,9620326,775566,116.5,8.32
EA-1467,9620088,775569,100.71,11.74
EA-1468,9619826,775669,56.88,7.08
EA-1469,9619576,775669,58.38,7.92
EA-1470,9619326,775669,55.21,13.76
EA-1471,9619076,775669,77.48,12.95
EA-1472,9618826,775669,45.25,12.32
EA-1473,9618576,775669,52.85,11.21
EA-1474,9618326,775669,61.35,13.06
EA-1475,9618076,775669,33.0,8.3
EA-1476,9617826,775669,78.23,5.19
EA-1477,9617637,775669,26.11,12.89
EA-1478,9626314,775816,680.71,23.24
EA-1479,9626076,775816,748.76,9.66
EA-1480,9625826,775816,760.93,15.88
EA-1481,9625610,775816,659.59,15.65
EA-1482,9623957,775820,543.22,22.5
EA-1483,9623826,775820,524.13,19.6
EA-1484,9623576,775820,569.18,15.92
EA-1485,9623325,775818,525.96,17.4
EA-1486,9623076,775816,636.19,19.55
EA-1487,9622826,775816,561.35,15.28
EA-1488,9622576,775816,582.76,10.35
EA-1489,9622326,775816,539.03,14.87
EA-1490,9622076,775816,457.23,10.4
EA-1491,9621826,775816,457.31,20.57
EA-1492,9621576,775816,416.16,15.85
EA-1493,9621326,775816,367.54,21.5
EA-1494,9621076,775816,299.98,22.68
EA-1495,9620826,775816,219.51,23.87
EA-1496,9620576,775816,200.81,22.07
EA-1497,9620326,775816,140.95,14.7
EA-1498,9620076,775816,120.32,22.06
EA-1499,9619826,775816,84.89,6.35
EA-1500,9619576,775816,73.92,11.75
EA-1501,9619326,775816,81.04,8.53
EA-1502,9619076,775816,62.56,10.22
EA-1503,9618826,775816,87.16,5.42
EA-1504,9618576,775816,59.01,10.99
EA-1505,9618326,775816,101.0,10.41
EA-1506,9618076,775816,43.85,9.77
EA-1507,9617826,775816,77.53,8.46
EA-1508,9617637,775816,52.28,13.04
EA-1509,9626313,776066,769.51,18.27
EA-1510,9626076,776066,806.45,12.75
EA-1511,9625826,776066,771.67,17.36
EA-1512,9625610,776066,671.67,24.57
EA-1513,9623957,776066,639.96,18.51
EA-1514,9623826,776066,643.64,11.29
EA-1515,9623576,776066,692.18,17.82
EA-1516,9623326,776066,688.3,24.99
EA-1517,9623076,776066,754.68,15.7
EA-1518,9622826,776066,751.51,22.59
EA-1519,9622576,776066,709.66,22.23
EA-1520,9622326,776066,671.76,19.63
EA-1521,9622076,776066,601.39,18.17
EA-1522,9621826,776066,609.7,20.35
EA-1523,9621576,776066,577.89,21.86
EA-1524,9621326,776066,433.84,18.73
EA-1525,9621076,776066,332.99,22.18
EA-1526,9620826,776066,301.88,18.96
EA-1527,9620576,776066,254.67,17.36
EA-1528,9620326,776066,209.74,18.81
EA-1529,9620076,776066,208.91,16.25
EA-1530,9619826,776066,178.91,19.64
EA-1531,9619576,776066,143.54,16.53
EA-1532,9619326,776066,159.6,17.9
EA-1533,9619076,776066,149.48,21.22
EA-1534,9618826,776066,148.83,17.18
EA-1535,9618576,776066,131.83,13.79
EA-1536,9618326,776066,121.25,21.5
EA-1537,9618076,776066,99.15,11.33
EA-1538,9617826,776066,92.73,12.75
EA-1539,9617637,776066,110.37,11.67
EA-1540,9626311,776316,898.74,21.64
EA-1541,9626076,776316,862.92,17.88
EA-1542,9625826,776316,794.67,20.23
EA-1543,9625581,776322,676.79,22.04
EA-1544,9625326,776340,686.85,18.27
EA-1545,9625076,776340,600.2,22.07
EA-1546,9624826,776340,589.73,10.66
EA-1547,9624576,776340,631.18,23.67
EA-1548,9624326,776340,728.29,14.18
EA-1549,9624074,776339,756.1,23.38
EA-1550,9623826,776316,752.27,11.0
EA-1551,9623576,776316,789.55,19.81
EA-1552,9623326,776316,843.73,15.17
EA-1553,9623076,776316,857.45,23.22
EA-1554,9622826,776316,825.45,21.77
EA-1555,9622576,776316,778.04,17.72
EA-1556,9622326,776316,780.76,16.64
EA-1557,9622076,776316,756.71,17.39
EA-1558,9621826,776316,680.04,22.59
EA-1559,9621576,776316,581.46,14.76
EA-1560,9621326,776316,491.09,23.29
EA-1561,9621076,776316,448.79,21.08
EA-1562,9620826,776316,429.4,20.14
EA-1563,9620576,776316,334.06,9.56
EA-1564,9620326,776316,342.44,11.19
EA-1565,9620076,776316,361.15,15.19
EA-1566,9619826,776316,332.54,23.27
EA-1567,9619576,776316,285.6,16.95
EA-1568,9619326,776316,236.28,20.21
EA-1569,9619076,776316,246.25,19.74
EA-1570,9618826,776316,279.16,20.06
EA-1571,9618576,776316,239.02,22.08
EA-1572,9618326,776316,176.8,9.12
EA-1573,9618076,776316,133.35,19.92
EA-1574,9617826,776316,86.03,11.19
EA-1575,9617608,776336,41.04,9.86
EA-1576,9617326,776401,39.76,13.97
EA-1577,9617076,776401,70.42,8.12
EA-1578,9616826,776401,97.6,11.57
EA-1579,9616576,776401,44.45,11.2
EA-1580,9616329,776401,15.24,12.28
EA-1581,9626310,776566,990.44,22.65
EA-1582,9626076,776566,932.97,18.62
EA-1583,9625826,776566,788.08,10.42
EA-1584,9625576,776566,770.83,16.04
EA-1585,9625326,776566,712.63,22.65
EA-1586,9625076,776566,683.49,22.53
EA-1587,9624826,776566,659.36,21.25
EA-1588,9624576,776566,689.76,13.14
EA-1589,9624326,776566,780.14,18.39
EA-1590,9624076,776566,854.0,23.0
EA-1591,9623826,776566,848.27,15.48
EA-1592,9623576,776566,875.81,20.77
EA-1593,9623326,776566,818.77,17.51
EA-1594,9623076,776566,792.59,15.48
EA-1595,9622826,776566,762.92,17.57
EA-1596,9622576,776566,734.99,22.81
EA-1597,9622326,776566,736.37,17.9
EA-1598,9622076,776566,719.7,19.76
EA-1599,9621826,776566,694.69,12.46
EA-1600,9621576,776566,649.12,16.42
EA-1601,9621326,776566,598.16,18.11
EA-1602,9621076,776566,609.2,21.01
EA-1603,9620826,776566,577.9,21.47
EA-1604,9620576,776566,505.86,14.76
EA-1605,9620326,776566,509.43,16.84
EA-1606,9620076,776566,505.9,21.32
EA-1607,9619826,776566,471.08,16.68
EA-1608,9619576,776566,430.44,21.89
EA-1609,9619326,776566,333.63,23.74
EA-1610,9619076,776566,263.03,14.11
EA-1611,9618826,776566,220.63,15.26
EA-1612,9618576,776566,161.39,19.8
EA-1613,9618326,776566,101.28,7.44
EA-1614,9618076,776566,78.25,8.46
EA-1615,9617826,776566,61.02,9.9
EA-1616,9617576,776566,82.02,9.87
EA-1617,9617326,776566,91.62,11.71
EA-1618,9617076,776566,134.71,11.9
EA-1619,9616826,776566,111.51,9.52
EA-1620,9616576,776566,39.5,9.78
EA-1621,9616329,776566,29.23,12.89
EA-1622,9626308,776816,1052.64,20.88
EA-1623,9626076,776816,920.34,22.78
EA-1624,9625826,776816,883.84,17.09
EA-1625,9625576,776816,855.8,23.16
EA-1626,9625326,776816,773.15,19.9
EA-1627,9625076,776816,729.55,16.89
EA-1628,9624826,776816,719.58,15.75
EA-1629,9624576,776816,742.5,16.02
EA-1630,9624326,776816,835.5,10.36
EA-1631,9624076,776816,924.44,14.42
EA-1632,9623826,776816,1003.95,23.87
EA-1633,9623576,776816,956.5,23.48
EA-1634,9623326,776816,852.91,10.48
EA-1635,9623076,776816,779.22,10.8
EA-1636,9622826,776816,734.8,15.09
EA-1637,9622576,776816,689.93,16.81
EA-1638,9622326,776816,653.66,21.93
EA-1639,9622076,776816,629.88,18.85
EA-1640,9621826,776816,609.21,14.62
EA-1641,9621576,776816,632.27,22.37
EA-1642,9621326,776816,607.58,16.98
EA-1643,9621076,776816,604.99,16.04
EA-1644,9620826,776816,592.0,20.66
EA-1645,9620576,776816,563.61,17.76
EA-1646,9620326,776816,559.41,13.63
EA-1647,9620076,776816,521.16,17.15
EA-1648,9619826,776816,486.88,21.39
EA-1649,9619576,776816,397.85,20.69
EA-1650,9619326,776816,325.06,12.51
EA-1651,9619076,776816,191.86,21.4
EA-1652,9618826,776816,137.1,20.51
EA-1653,9618576,776816,119.5,9.23
EA-1654,9618326,776816,148.09,24.01
EA-1655,9618076,776816,141.78,22.33
EA-1656,9617826,776816,162.7,18.32
EA-1657,9617576,776816,166.81,24.25
EA-1658,9617326,776816,135.64,16.52
EA-1659,9617076,776816,102.17,9.59
EA-1660,9616826,776816,60.96,10.64
EA-1661,9616576,776816,67.11,10.29
EA-1662,9616329,776816,91.98,8.42
EA-1663,9626306,777066,1048.63,14.07
EA-1664,9626076,777066,955.42,16.08
EA-1665,9625826,777066,963.35,21.42
EA-1666,9625576,777066,903.89,16.23
EA-1667,9625326,777066,868.29,18.11
EA-1668,9625076,777066,739.04,22.88
EA-1669,9624826,777066,770.39,24.49
EA-1670,9624576,777066,868.63,24.0
EA-1671,9624326,777066,878.04,15.17
EA-1672,9624076,777066,967.97,19.07
EA-1673,9623826,777066,1016.26,16.99
EA-1674,9623576,777066,915.57,20.73
EA-1675,9623326,777066,864.04,16.44
EA-1676,9623076,777066,819.97,9.35
EA-1677,9622826,777066,773.41,20.98
EA-1678,9622576,777066,701.78,17.34
EA-1679,9622326,777066,649.51,17.9
EA-1680,9622076,777066,591.19,23.71
EA-1681,9621826,777066,554.82,21.32
EA-1682,9621576,777066,530.4,18.36
EA-1683,9621326,777066,531.58,12.2
EA-1684,9621076,777066,540.0,19.55
EA-1685,9620826,777066,530.7,14.23
EA-1686,9620576,777066,520.84,20.57
EA-1687,9620326,777066,511.23,16.47
EA-1688,9620076,777066,476.58,22.02
EA-1689,9619826,777066,440.51,12.26
EA-1690,9619576,777066,402.91,22.91
EA-1691,9619326,777066,262.19,15.25
EA-1692,9619076,777066,172.83,17.88
EA-1693,9618826,777066,158.75,16.13
EA-1694,9618576,777066,227.62,17.37
EA-1695,9618326,777066,216.95,16.78
EA-1696,9618076,777066,206.44,17.45
EA-1697,9617826,777066,198.45,15.93
EA-1698,9617576,777066,143.37,21.31
EA-1699,9617326,777066,127.52,19.64
EA-1700,9617076,777066,87.05,9.01
EA-1701,9616826,777066,130.7,15.84
EA-1702,9616576,777066,124.09,12.93
EA-1703,9616329,777066,120.03,21.66
EA-1704,9626305,777316,1053.46,17.6
EA-1705,9626076,777316,1087.45,23.21
EA-1706,9625826,777316,1028.83,11.89
EA-1707,9625576,777316,995.87,22.59
EA-1708,9625326,777316,900.87,11.95
EA-1709,9625076,777316,833.47,21.93
EA-1710,9624826,777316,854.52,20.4
EA-1711,9624576,777316,978.59,11.84
EA-1712,9624326,777316,972.71,15.97
EA-1713,9624076,777316,1031.33,24.97
EA-1714,9623826,777316,1027.3,14.35
EA-1715,9623576,777316,969.02,24.81
EA-1716,9623326,777316,914.98,19.54
EA-1717,9623076,777316,830.9,15.73
EA-1718,9622826,777316,755.47,16.13
EA-1719,9622576,777316,686.73,12.23
EA-1720,9622326,777316,631.89,19.58
EA-1721,9622076,777316,603.89,20.56
EA-1722,9621826,777316,567.03,17.69
EA-1723,9621576,777316,512.52,19.04
EA-1724,9621326,777316,467.46,16.58
EA-1725,9621076,777316,445.46,21.64
EA-1726,9620826,777316,448.11,23.21
EA-1727,9620576,777316,443.43,24.05
EA-1728,9620326,777316,422.06,12.04
EA-1729,9620076,777316,407.71,15.18
EA-1730,9619826,777316,364.07,18.19
EA-1731,9619576,777316,336.42,17.79
EA-1732,9619326,777316,259.64,13.34
EA-1733,9619076,777316,177.78,20.4
EA-1734,9618826,777316,252.15,22.97
EA-1735,9618576,777316,327.0,22.04
EA-1736,9618326,777316,321.81,15.48
EA-1737,9618076,777316,270.43,9.1
EA-1738,9617826,777316,230.57,16.28
EA-1739,9617576,777316,178.92,22.2
EA-1740,9617326,777316,148.43,17.21
EA-1741,9617076,777316,120.03,23.87
EA-1742,9616826,777316,169.85,11.18
EA-1743,9616576,777316,143.3,22.18
EA-1744,9616329,777316,103.98,13.51
EA-1745,9626304,777552,977.48,19.14
EA-1746,9626076,777552,1085.73,22.04
EA-1747,9625826,777552,1148.29,24.49
EA-1748,9625576,777552,1047.92,24.74
EA-1749,9625326,777552,923.0,12.77
EA-1750,9625076,777552,942.48,18.48
EA-1751,9624826,777552,971.05,17.97
EA-1752,9624576,777552,1030.61,24.29
EA-1753,9624326,777552,1054.07,20.66
EA-1754,9624076,777552,1112.19,21.61
EA-1755,9623826,777552,1052.82,16.22
EA-1756,9623576,777552,956.34,22.0
EA-1757,9623326,777552,876.53,15.67
EA-1758,9623076,777552,802.57,22.45
EA-1759,9622826,777552,787.39,16.17
EA-1760,9622576,777552,751.92,20.33
EA-1761,9622326,777552,707.93,16.68
EA-1762,9622076,777552,653.34,17.29
EA-1763,9621826,777552,551.31,17.33
EA-1764,9621576,777552,543.97,20.53
EA-1765,9621326,777552,508.07,21.84
EA-1766,9621076,777552,457.91,20.64
EA-1767,9620826,777552,430.16,16.63
EA-1768,9620576,777552,364.48,21.84
EA-1769,9620326,777552,342.62,18.27
EA-1770,9620076,777552,320.81,13.72
EA-1771,9619826,777552,274.17,19.01
EA-1772,9619576,777552,235.99,22.16
EA-1773,9619326,777552,222.59,19.08
EA-1774,9619076,777552,266.76,19.02
EA-1775,9618826,777552,369.1,10.09
EA-1776,9618576,777552,348.41,20.22
EA-1777,9618326,777552,284.62,19.71
EA-1778,9618076,777552,248.73,20.3
EA-1779,9617826,777552,223.65,21.68
EA-1780,9617576,777552,198.29,23.02
EA-1781,9617326,777552,153.91,12.28
EA-1782,9617076,777552,180.18,11.18
EA-1783,9616826,777552,173.26,23.9
EA-1784,9616576,777552,133.33,22.87
EA-1785,9616329,777552,84.17,13.97
