hole_id,depth,dip,azimuth
WE-1775,16.27,-90.0,0.0
WE-1777,16.3,-90.0,0.0
WE-1776,23.46,-90.0,0.0
WE-1779,14.42,-90.0,0.0
WE-1778,23.86,-90.0,0.0
WE-1781,22.63,-90.0,0.0
WE-1780,24.91,-90.0,0.0
WE-1768,18.63,-90.0,0.0
WE-1767,16.61,-90.0,0.0
WE-1770,22.08,-90.0,0.0
WE-1769,18.41,-90.0,0.0
WE-1772,10.73,-90.0,0.0
WE-1771,15.43,-90.0,0.0
WE-1774,18.89,-90.0,0.0
WE-1773,24.01,-90.0,0.0
WE-1791,13.02,-90.0,0.0
WE-1790,21.35,-90.0,0.0
WE-1793,22.61,-90.0,0.0
WE-1792,17.49,-90.0,0.0
WE-1795,18.35,-90.0,0.0
WE-1794,22.07,-90.0,0.0
WE-1797,18.94,-90.0,0.0
WE-1796,22.26,-90.0,0.0
WE-1783,22.11,-90.0,0.0
WE-1782,17.77,-90.0,0.0
WE-1785,18.67,-90.0,0.0
WE-1784,24.99,-90.0,0.0
WE-1787,16.32,-90.0,0.0
WE-1786,20.1,-90.0,0.0
WE-1789,14.99,-90.0,0.0
WE-1788,21.54,-90.0,0.0
WE-1744,24.3,-90.0,0.0
WE-1743,18.84,-90.0,0.0
WE-1746,22.95,-90.0,0.0
WE-1745,10.83,-90.0,0.0
WE-1748,15.29,-90.0,0.0
WE-1747,21.44,-90.0,0.0
WE-1750,21.46,-90.0,0.0
WE-1749,20.05,-90.0,0.0
WE-1736,19.85,-90.0,0.0
WE-1735,15.62,-90.0,0.0
WE-1738,20.76,-90.0,0.0
WE-1737,13.45,-90.0,0.0
WE-1740,19.75,-90.0,0.0
WE-1739,15.34,-90.0,0.0
WE-1742,24.89,-90.0,0.0
WE-1741,19.29,-90.0,0.0
WE-1760,23.28,-90.0,0.0
WE-1759,16.06,-90.0,0.0
WE-1762,11.05,-90.0,0.0
WE-1761,16.72,-90.0,0.0
WE-1764,20.67,-90.0,0.0
WE-1763,11.38,-90.0,0.0
WE-1766,17.98,-90.0,0.0
WE-1765,18.37,-90.0,0.0
WE-1752,24.48,-90.0,0.0
WE-1751,23.14,-90.0,0.0
WE-1754,23.35,-90.0,0.0
WE-1753,16.54,-90.0,0.0
WE-1756,18.59,-90.0,0.0
WE-1755,23.48,-90.0,0.0
WE-1758,11.12,-90.0,0.0
WE-1757,21.4,-90.0,0.0
WE-1712,19.36,-90.0,0.0
WE-1711,16.42,-90.0,0.0
WE-1714,17.76,-90.0,0.0
WE-1713,14.49,-90.0,0.0
WE-1716,20.54,-90.0,0.0
WE-1715,16.94,-90.0,0.0
WE-1718,17.01,-90.0,0.0
WE-1717,18.66,-90.0,0.0
WE-1704,12.31,-90.0,0.0
WE-1703,11.05,-90.0,0.0
WE-1706,19.31,-90.0,0.0
WE-1705,11.23,-90.0,0.0
WE-1708,15.71,-90.0,0.0
WE-1707,20.13,-90.0,0.0
WE-1710,19.02,-90.0,0.0
WE-1709,18.82,-90.0,0.0
WE-1728,24.39,-90.0,0.0
WE-1727,15.16,-90.0,0.0
WE-1730,22.09,-90.0,0.0
WE-1729,20.16,-90.0,0.0
WE-1732,19.39,-90.0,0.0
WE-1731,13.75,-90.0,0.0
WE-1734,21.42,-90.0,0.0
WE-1733,17.12,-90.0,0.0
WE-1720,23.72,-90.0,0.0
WE-1719,14.93,-90.0,0.0
WE-1722,20.43,-90.0,0.0
WE-1721,14.74,-90.0,0.0
WE-1724,18.26,-90.0,0.0
WE-1723,24.51,-90.0,0.0
WE-1726,18.34,-90.0,0.0
WE-1725,22.57,-90.0,0.0
WE-1680,15.61,-90.0,0.0
WE-1679,9.97,-90.0,0.0
WE-1682,18.2,-90.0,0.0
WE-1681,23.01,-90.0,0.0
WE-1684,22.23,-90.0,0.0
WE-1683,17.19,-90.0,0.0
WE-1686,23.95,-90.0,0.0
WE-1685,22.43,-90.0,0.0
WE-1672,24.92,-90.0,0.0
WE-1671,9.18,-90.0,0.0
WE-1674,24.79,-90.0,0.0
WE-1673,23.91,-90.0,0.0
WE-1676,24.56,-90.0,0.0
WE-1675,13.11,-90.0,0.0
WE-1678,14.37,-90.0,0.0
WE-1677,17.86,-90.0,0.0
WE-1696,24.3,-90.0,0.0
WE-1695,15.74,-90.0,0.0
WE-1698,17.85,-90.0,0.0
WE-1697,14.22,-90.0,0.0
WE-1700,17.34,-90.0,0.0
WE-1699,15.77,-90.0,0.0
WE-1702,18.58,-90.0,0.0
WE-1701,19.08,-90.0,0.0
WE-1688,16.85,-90.0,0.0
WE-1687,14.16,-90.0,0.0
WE-1690,20.76,-90.0,0.0
WE-1689,15.35,-90.0,0.0
WE-1692,17.17,-90.0,0.0
WE-1691,14.79,-90.0,0.0
WE-1694,22.16,-90.0,0.0
WE-1693,16.81,-90.0,0.0
WE-1648,20.34,-90.0,0.0
WE-1647,11.56,-90.0,0.0
WE-1650,18.28,-90.0,0.0
WE-1649,12.49,-90.0,0.0
WE-1652,22.19,-90.0,0.0
WE-1651,17.77,-90.0,0.0
WE-1654,9.18,-90.0,0.0
WE-1653,17.31,-90.0,0.0
WE-1640,24.64,-90.0,0.0
WE-1639,20.84,-90.0,0.0
WE-1642,16.36,-90.0,0.0
WE-1641,20.23,-90.0,0.0
WE-1644,21.68,-90.0,0.0
WE-1643,21.76,-90.0,0.0
WE-1646,19.66,-90.0,0.0
WE-1645,19.64,-90.0,0.0
WE-1664,10.29,-90.0,0.0
WE-1663,11.2,-90.0,0.0
WE-1666,19.94,-90.0,0.0
WE-1665,22.04,-90.0,0.0
WE-1668,9.4,-90.0,0.0
WE-1667,19.88,-90.0,0.0
WE-1670,14.2,-90.0,0.0
WE-1669,16.02,-90.0,0.0
WE-1656,24.68,-90.0,0.0
WE-1655,24.5,-90.0,0.0
WE-1658,10.33,-90.0,0.0
WE-1657,14.02,-90.0,0.0
WE-1660,15.86,-90.0,0.0
WE-1659,23.93,-90.0,0.0
WE-1662,23.95,-90.0,0.0
WE-1661,9.81,-90.0,0.0
WE-1616,10.3,-90.0,0.0
WE-1615,15.03,-90.0,0.0
WE-1618,11.33,-90.0,0.0
WE-1617,19.38,-90.0,0.0
WE-1620,23.58,-90.0,0.0
WE-1619,18.44,-90.0,0.0
WE-1622,20.61,-90.0,0.0
WE-1621,15.3,-90.0,0.0
WE-1608,21.81,-90.0,0.0
WE-1607,23.25,-90.0,0.0
WE-1610,21.88,-90.0,0.0
WE-1609,22.23,-90.0,0.0
WE-1612,24.78,-90.0,0.0
WE-1611,24.36,-90.0,0.0
WE-1614,13.38,-90.0,0.0
WE-1613,18.49,-90.0,0.0
WE-1632,16.06,-90.0,0.0
WE-1631,14.6,-90.0,0.0
WE-1634,24.4,-90.0,0.0
WE-1633,11.18,-90.0,0.0
WE-1636,22.37,-90.0,0.0
WE-1635,18.71,-90.0,0.0
WE-1638,15.54,-90.0,0.0
WE-1637,22.85,-90.0,0.0
WE-1624,16.49,-90.0,0.0
WE-1623,24.78,-90.0,0.0
WE-1626,17.26,-90.0,0.0
WE-1625,21.26,-90.0,0.0
WE-1628,19.61,-90.0,0.0
WE-1627,16.5,-90.0,0.0
WE-1630,18.42,-90.0,0.0
WE-1629,20.9,-90.0,0.0
WE-1584,23.62,-90.0,0.0
WE-1583,15.7,-90.0,0.0
WE-1586,17.22,-90.0,0.0
WE-1585,18.0,-90.0,0.0
WE-1588,9.98,-90.0,0.0
WE-1587,17.23,-90.0,0.0
WE-1590,20.8,-90.0,0.0
WE-1589,20.58,-90.0,0.0
WE-1576,19.49,-90.0,0.0
WE-1575,22.72,-90.0,0.0
WE-1578,24.59,-90.0,0.0
WE-1577,20.71,-90.0,0.0
WE-1580,18.99,-90.0,0.0
WE-1579,19.95,-90.0,0.0
WE-1582,18.26,-90.0,0.0
WE-1581,15.0,-90.0,0.0
WE-1600,15.2,-90.0,0.0
WE-1599,23.67,-90.0,0.0
WE-1602,12.29,-90.0,0.0
WE-1601,10.29,-90.0,0.0
WE-1604,24.23,-90.0,0.0
WE-1603,24.77,-90.0,0.0
WE-1606,23.41,-90.0,0.0
WE-1605,17.14,-90.0,0.0
WE-1592,21.47,-90.0,0.0
WE-1591,23.8,-90.0,0.0
WE-1594,16.54,-90.0,0.0
WE-1593,21.98,-90.0,0.0
WE-1596,18.05,-90.0,0.0
WE-1595,11.37,-90.0,0.0
WE-1598,23.2,-90.0,0.0
WE-1597,22.57,-90.0,0.0
WE-1552,23.72,-90.0,0.0
WE-1551,18.95,-90.0,0.0
WE-1554,24.08,-90.0,0.0
WE-1553,24.12,-90.0,0.0
WE-1556,18.61,-90.0,0.0
WE-1555,20.33,-90.0,0.0
WE-1558,22.82,-90.0,0.0
WE-1557,18.99,-90.0,0.0
WE-1544,22.1,-90.0,0.0
WE-1543,16.06,-90.0,0.0
WE-1546,12.02,-90.0,0.0
WE-1545,19.23,-90.0,0.0
WE-1548,20.55,-90.0,0.0
WE-1547,9.9,-90.0,0.0
WE-1550,10.26,-90.0,0.0
WE-1549,21.79,-90.0,0.0
WE-1568,21.27,-90.0,0.0
WE-1567,21.33,-90.0,0.0
WE-1570,11.08,-90.0,0.0
WE-1569,21.54,-90.0,0.0
WE-1572,22.05,-90.0,0.0
WE-1571,18.66,-90.0,0.0
WE-1574,23.8,-90.0,0.0
WE-1573,17.95,-90.0,0.0
WE-1560,12.17,-90.0,0.0
WE-1559,13.34,-90.0,0.0
WE-1562,21.75,-90.0,0.0
WE-1561,15.23,-90.0,0.0
WE-1564,23.31,-90.0,0.0
WE-1563,17.41,-90.0,0.0
WE-1566,14.13,-90.0,0.0
WE-1565,16.84,-90.0,0.0
WE-1520,9.09,-90.0,0.0
WE-1519,20.15,-90.0,0.0
WE-1522,20.42,-90.0,0.0
WE-1521,22.51,-90.0,0.0
WE-1524,18.87,-90.0,0.0
WE-1523,24.17,-90.0,0.0
WE-1526,15.57,-90.0,0.0
WE-1525,23.89,-90.0,0.0
WE-1512,21.54,-90.0,0.0
WE-1511,14.55,-90.0,0.0
WE-1514,18.6,-90.0,0.0
WE-1513,22.62,-90.0,0.0
WE-1516,22.09,-90.0,0.0
WE-1515,24.22,-90.0,0.0
WE-1518,24.16,-90.0,0.0
WE-1517,9.07,-90.0,0.0
WE-1536,18.76,-90.0,0.0
WE-1535,15.31,-90.0,0.0
WE-1538,20.51,-90.0,0.0
WE-1537,19.53,-90.0,0.0
WE-1540,13.08,-90.0,0.0
WE-1539,19.91,-90.0,0.0
WE-1542,12.95,-90.0,0.0
WE-1541,24.02,-90.0,0.0
WE-1528,22.97,-90.0,0.0
WE-1527,18.61,-90.0,0.0
WE-1530,21.58,-90.0,0.0
WE-1529,10.01,-90.0,0.0
WE-1532,23.37,-90.0,0.0
WE-1531,15.94,-90.0,0.0
WE-1534,18.06,-90.0,0.0
WE-1533,24.95,-90.0,0.0
WE-1488,17.49,-90.0,0.0
WE-1487,21.04,-90.0,0.0
WE-1490,17.39,-90.0,0.0
WE-1489,24.04,-90.0,0.0
WE-1492,20.87,-90.0,0.0
WE-1491,22.6,-90.0,0.0
WE-1494,13.43,-90.0,0.0
WE-1493,12.9,-90.0,0.0
WE-1480,13.55,-90.0,0.0
WE-1479,24.64,-90.0,0.0
WE-1482,20.18,-90.0,0.0
WE-1481,23.86,-90.0,0.0
WE-1484,22.25,-90.0,0.0
WE-1483,21.02,-90.0,0.0
WE-1486,17.14,-90.0,0.0
WE-1485,18.88,-90.0,0.0
WE-1504,18.35,-90.0,0.0
WE-1503,24.27,-90.0,0.0
WE-1506,18.71,-90.0,0.0
WE-1505,21.19,-90.0,0.0
WE-1508,24.07,-90.0,0.0
WE-1507,22.03,-90.0,0.0
WE-1510,17.03,-90.0,0.0
WE-1509,18.67,-90.0,0.0
WE-1496,15.78,-90.0,0.0
WE-1495,19.71,-90.0,0.0
WE-1498,22.4,-90.0,0.0
WE-1497,17.15,-90.0,0.0
WE-1500,23.57,-90.0,0.0
WE-1499,16.53,-90.0,0.0
WE-1502,23.16,-90.0,0.0
WE-1501,22.37,-90.0,0.0
WE-1456,13.25,-90.0,0.0
WE-1455,23.25,-90.0,0.0
WE-1458,16.69,-90.0,0.0
WE-1457,24.6,-90.0,0.0
WE-1460,19.89,-90.0,0.0
WE-1459,21.31,-90.0,0.0
WE-1462,16.29,-90.0,0.0
WE-1461,24.31,-90.0,0.0
WE-1448,12.28,-90.0,0.0
WE-1447,22.95,-90.0,0.0
WE-1450,22.21,-90.0,0.0
WE-1449,19.48,-90.0,0.0
WE-1452,18.45,-90.0,0.0
WE-1451,19.27,-90.0,0.0
WE-1454,22.84,-90.0,0.0
WE-1453,15.98,-90.0,0.0
WE-1472,16.66,-90.0,0.0
WE-1471,22.36,-90.0,0.0
WE-1474,24.58,-90.0,0.0
WE-1473,23.23,-90.0,0.0
WE-1476,21.46,-90.0,0.0
WE-1475,23.61,-90.0,0.0
WE-1478,23.35,-90.0,0.0
WE-1477,16.63,-90.0,0.0
WE-1464,15.84,-90.0,0.0
WE-1463,17.49,-90.0,0.0
WE-1466,15.87,-90.0,0.0
WE-1465,17.27,-90.0,0.0
WE-1468,15.54,-90.0,0.0
WE-1467,19.02,-90.0,0.0
WE-1470,19.23,-90.0,0.0
WE-1469,18.37,-90.0,0.0
WE-1424,22.09,-90.0,0.0
WE-1423,12.48,-90.0,0.0
WE-1426,11.87,-90.0,0.0
WE-1425,16.53,-90.0,0.0
WE-1428,15.26,-90.0,0.0
WE-1427,17.17,-90.0,0.0
WE-1430,19.59,-90.0,0.0
WE-1429,17.59,-90.0,0.0
WE-1416,23.83,-90.0,0.0
WE-1415,17.66,-90.0,0.0
WE-1418,15.33,-90.0,0.0
WE-1417,22.82,-90.0,0.0
WE-1420,24.03,-90.0,0.0
WE-1419,14.61,-90.0,0.0
WE-1422,20.3,-90.0,0.0
WE-1421,23.77,-90.0,0.0
WE-1440,16.85,-90.0,0.0
WE-1439,17.72,-90.0,0.0
WE-1442,17.97,-90.0,0.0
WE-1441,21.8,-90.0,0.0
WE-1444,21.57,-90.0,0.0
WE-1443,18.78,-90.0,0.0
WE-1446,20.89,-90.0,0.0
WE-1445,22.21,-90.0,0.0
WE-1432,10.72,-90.0,0.0
WE-1431,16.53,-90.0,0.0
WE-1434,14.73,-90.0,0.0
WE-1433,18.13,-90.0,0.0
WE-1436,18.47,-90.0,0.0
WE-1435,21.22,-90.0,0.0
WE-1438,15.95,-90.0,0.0
WE-1437,22.63,-90.0,0.0
WE-1392,17.17,-90.0,0.0
WE-1391,16.26,-90.0,0.0
WE-1394,18.79,-90.0,0.0
WE-1393,24.67,-90.0,0.0
WE-1396,23.44,-90.0,0.0
WE-1395,23.54,-90.0,0.0
WE-1398,24.23,-90.0,0.0
WE-1397,18.0,-90.0,0.0
WE-1384,24.67,-90.0,0.0
WE-1383,9.14,-90.0,0.0
WE-1386,19.13,-90.0,0.0
WE-1385,18.03,-90.0,0.0
WE-1388,23.16,-90.0,0.0
WE-1387,19.72,-90.0,0.0
WE-1390,21.99,-90.0,0.0
WE-1389,22.75,-90.0,0.0
WE-1408,16.45,-90.0,0.0
WE-1407,19.9,-90.0,0.0
WE-1410,20.38,-90.0,0.0
WE-1409,19.96,-90.0,0.0
WE-1412,20.1,-90.0,0.0
WE-1411,22.57,-90.0,0.0
WE-1414,22.86,-90.0,0.0
WE-1413,17.69,-90.0,0.0
WE-1400,11.94,-90.0,0.0
WE-1399,22.41,-90.0,0.0
WE-1402,16.71,-90.0,0.0
WE-1401,18.3,-90.0,0.0
WE-1404,24.38,-90.0,0.0
WE-1403,21.29,-90.0,0.0
WE-1406,14.9,-90.0,0.0
WE-1405,23.44,-90.0,0.0
WE-1360,15.87,-90.0,0.0
WE-1359,23.14,-90.0,0.0
WE-1362,21.94,-90.0,0.0
WE-1361,19.21,-90.0,0.0
WE-1364,21.33,-90.0,0.0
WE-1363,20.35,-90.0,0.0
WE-1366,22.17,-90.0,0.0
WE-1365,23.17,-90.0,0.0
WE-1352,23.94,-90.0,0.0
WE-1351,16.84,-90.0,0.0
WE-1354,20.21,-90.0,0.0
WE-1353,20.99,-90.0,0.0
WE-1356,15.7,-90.0,0.0
WE-1355,17.74,-90.0,0.0
WE-1358,18.98,-90.0,0.0
WE-1357,16.06,-90.0,0.0
WE-1376,18.91,-90.0,0.0
WE-1375,22.53,-90.0,0.0
WE-1378,23.12,-90.0,0.0
WE-1377,10.3,-90.0,0.0
WE-1380,16.53,-90.0,0.0
WE-1379,14.09,-90.0,0.0
WE-1382,18.15,-90.0,0.0
WE-1381,19.82,-90.0,0.0
WE-1368,18.67,-90.0,0.0
WE-1367,15.41,-90.0,0.0
WE-1370,23.21,-90.0,0.0
WE-1369,22.78,-90.0,0.0
WE-1372,17.42,-90.0,0.0
WE-1371,21.38,-90.0,0.0
WE-1374,19.29,-90.0,0.0
WE-1373,21.52,-90.0,0.0
WE-1328,14.34,-90.0,0.0
WE-1327,24.46,-90.0,0.0
WE-1330,17.67,-90.0,0.0
WE-1329,13.51,-90.0,0.0
WE-1332,15.9,-90.0,0.0
WE-1331,22.27,-90.0,0.0
WE-1334,22.28,-90.0,0.0
WE-1333,20.98,-90.0,0.0
WE-1320,13.89,-90.0,0.0
WE-1319,22.7,-90.0,0.0
WE-1322,24.41,-90.0,0.0
WE-1321,10.12,-90.0,0.0
WE-1324,18.61,-90.0,0.0
WE-1323,16.79,-90.0,0.0
WE-1326,20.67,-90.0,0.0
WE-1325,23.86,-90.0,0.0
WE-1344,15.47,-90.0,0.0
WE-1343,12.25,-90.0,0.0
WE-1346,24.29,-90.0,0.0
WE-1345,20.75,-90.0,0.0
WE-1348,19.85,-90.0,0.0
WE-1347,24.93,-90.0,0.0
WE-1350,10.58,-90.0,0.0
WE-1349,11.11,-90.0,0.0
WE-1336,20.49,-90.0,0.0
WE-1335,23.61,-90.0,0.0
WE-1338,18.63,-90.0,0.0
WE-1337,19.13,-90.0,0.0
WE-1340,22.04,-90.0,0.0
WE-1339,21.04,-90.0,0.0
WE-1342,20.09,-90.0,0.0
WE-1341,21.22,-90.0,0.0
WE-1296,21.26,-90.0,0.0
WE-1295,20.07,-90.0,0.0
WE-1298,18.29,-90.0,0.0
WE-1297,19.46,-90.0,0.0
WE-1300,12.22,-90.0,0.0
WE-1299,16.68,-90.0,0.0
WE-1302,18.19,-90.0,0.0
WE-1301,24.89,-90.0,0.0
WE-1288,14.95,-90.0,0.0
WE-1287,17.87,-90.0,0.0
WE-1290,16.96,-90.0,0.0
WE-1289,20.27,-90.0,0.0
WE-1292,17.18,-90.0,0.0
WE-1291,16.42,-90.0,0.0
WE-1294,19.9,-90.0,0.0
WE-1293,18.74,-90.0,0.0
WE-1312,19.59,-90.0,0.0
WE-1311,21.48,-90.0,0.0
WE-1314,24.88,-90.0,0.0
WE-1313,16.64,-90.0,0.0
WE-1316,22.66,-90.0,0.0
WE-1315,22.12,-90.0,0.0
WE-1318,16.57,-90.0,0.0
WE-1317,9.09,-90.0,0.0
WE-1304,11.55,-90.0,0.0
WE-1303,18.57,-90.0,0.0
WE-1306,23.59,-90.0,0.0
WE-1305,18.33,-90.0,0.0
WE-1308,9.69,-90.0,0.0
WE-1307,18.24,-90.0,0.0
WE-1310,17.56,-90.0,0.0
WE-1309,16.98,-90.0,0.0
WE-2287,18.05,-90.0,0.0
WE-2286,19.49,-90.0,0.0
WE-2289,23.25,-90.0,0.0
WE-2288,15.58,-90.0,0.0
WE-2291,20.08,-90.0,0.0
WE-2290,19.37,-90.0,0.0
WE-2293,24.68,-90.0,0.0
WE-2292,18.07,-90.0,0.0
WE-2279,12.64,-90.0,0.0
WE-2278,22.86,-90.0,0.0
WE-2281,22.23,-90.0,0.0
WE-2280,22.25,-90.0,0.0
WE-2283,13.15,-90.0,0.0
WE-2282,16.64,-90.0,0.0
WE-2285,10.99,-90.0,0.0
WE-2284,15.18,-90.0,0.0
WE-2303,14.08,-90.0,0.0
WE-2302,22.65,-90.0,0.0
WE-2305,20.34,-90.0,0.0
WE-2304,24.95,-90.0,0.0
WE-2307,22.5,-90.0,0.0
WE-2306,15.53,-90.0,0.0
WE-2309,16.57,-90.0,0.0
WE-2308,20.43,-90.0,0.0
WE-2295,16.06,-90.0,0.0
WE-2294,15.18,-90.0,0.0
WE-2297,18.7,-90.0,0.0
WE-2296,23.55,-90.0,0.0
WE-2299,15.97,-90.0,0.0
WE-2298,19.29,-90.0,0.0
WE-2301,14.71,-90.0,0.0
WE-2300,21.68,-90.0,0.0
WE-2255,9.94,-90.0,0.0
WE-2254,17.31,-90.0,0.0
WE-2257,23.5,-90.0,0.0
WE-2256,11.5,-90.0,0.0
WE-2259,17.15,-90.0,0.0
WE-2258,24.06,-90.0,0.0
WE-2261,22.12,-90.0,0.0
WE-2260,11.56,-90.0,0.0
WE-2247,23.19,-90.0,0.0
WE-2246,17.5,-90.0,0.0
WE-2249,20.77,-90.0,0.0
WE-2248,13.03,-90.0,0.0
WE-2251,22.81,-90.0,0.0
WE-2250,22.7,-90.0,0.0
WE-2253,19.62,-90.0,0.0
WE-2252,18.76,-90.0,0.0
WE-2271,9.6,-90.0,0.0
WE-2270,24.8,-90.0,0.0
WE-2273,18.61,-90.0,0.0
WE-2272,23.46,-90.0,0.0
WE-2275,16.23,-90.0,0.0
WE-2274,17.09,-90.0,0.0
WE-2277,20.9,-90.0,0.0
WE-2276,19.92,-90.0,0.0
WE-2263,16.3,-90.0,0.0
WE-2262,21.93,-90.0,0.0
WE-2265,24.19,-90.0,0.0
WE-2264,17.25,-90.0,0.0
WE-2267,21.23,-90.0,0.0
WE-2266,21.85,-90.0,0.0
WE-2269,15.8,-90.0,0.0
WE-2268,16.32,-90.0,0.0
WE-2223,18.64,-90.0,0.0
WE-2222,14.03,-90.0,0.0
WE-2225,19.18,-90.0,0.0
WE-2224,17.46,-90.0,0.0
WE-2227,18.25,-90.0,0.0
WE-2226,18.02,-90.0,0.0
WE-2229,24.37,-90.0,0.0
WE-2228,19.28,-90.0,0.0
WE-2215,21.78,-90.0,0.0
WE-2214,15.36,-90.0,0.0
WE-2217,9.15,-90.0,0.0
WE-2216,18.99,-90.0,0.0
WE-2219,19.84,-90.0,0.0
WE-2218,23.85,-90.0,0.0
WE-2221,22.51,-90.0,0.0
WE-2220,22.43,-90.0,0.0
WE-2239,22.43,-90.0,0.0
WE-2238,17.99,-90.0,0.0
WE-2241,14.29,-90.0,0.0
WE-2240,21.98,-90.0,0.0
WE-2243,17.37,-90.0,0.0
WE-2242,19.47,-90.0,0.0
WE-2245,9.54,-90.0,0.0
WE-2244,17.64,-90.0,0.0
WE-2231,18.63,-90.0,0.0
WE-2230,23.57,-90.0,0.0
WE-2233,15.9,-90.0,0.0
WE-2232,20.17,-90.0,0.0
WE-2235,24.66,-90.0,0.0
WE-2234,16.96,-90.0,0.0
WE-2237,23.66,-90.0,0.0
WE-2236,16.08,-90.0,0.0
WE-2191,24.95,-90.0,0.0
WE-2190,24.81,-90.0,0.0
WE-2193,16.47,-90.0,0.0
WE-2192,22.84,-90.0,0.0
WE-2195,16.69,-90.0,0.0
WE-2194,22.24,-90.0,0.0
WE-2197,17.07,-90.0,0.0
WE-2196,21.77,-90.0,0.0
WE-2183,23.75,-90.0,0.0
WE-2182,11.02,-90.0,0.0
WE-2185,18.96,-90.0,0.0
WE-2184,15.37,-90.0,0.0
WE-2187,20.1,-90.0,0.0
WE-2186,16.93,-90.0,0.0
WE-2189,24.52,-90.0,0.0
WE-2188,24.6,-90.0,0.0
WE-2207,16.88,-90.0,0.0
WE-2206,21.34,-90.0,0.0
WE-2209,17.38,-90.0,0.0
WE-2208,24.78,-90.0,0.0
WE-2211,16.66,-90.0,0.0
WE-2210,15.44,-90.0,0.0
WE-2213,11.75,-90.0,0.0
WE-2212,22.3,-90.0,0.0
WE-2199,19.77,-90.0,0.0
WE-2198,20.17,-90.0,0.0
WE-2201,22.47,-90.0,0.0
WE-2200,16.33,-90.0,0.0
WE-2203,15.3,-90.0,0.0
WE-2202,17.62,-90.0,0.0
WE-2205,23.68,-90.0,0.0
WE-2204,15.33,-90.0,0.0
WE-2159,21.76,-90.0,0.0
WE-2158,22.83,-90.0,0.0
WE-2161,17.2,-90.0,0.0
WE-2160,12.14,-90.0,0.0
WE-2163,17.28,-90.0,0.0
WE-2162,20.13,-90.0,0.0
WE-2165,12.0,-90.0,0.0
WE-2164,18.47,-90.0,0.0
WE-2151,19.57,-90.0,0.0
WE-2150,19.09,-90.0,0.0
WE-2153,13.17,-90.0,0.0
WE-2152,18.88,-90.0,0.0
WE-2155,10.5,-90.0,0.0
WE-2154,10.45,-90.0,0.0
WE-2157,17.09,-90.0,0.0
WE-2156,17.57,-90.0,0.0
WE-2175,15.9,-90.0,0.0
WE-2174,11.05,-90.0,0.0
WE-2177,22.79,-90.0,0.0
WE-2176,9.01,-90.0,0.0
WE-2179,24.67,-90.0,0.0
WE-2178,15.34,-90.0,0.0
WE-2181,16.45,-90.0,0.0
WE-2180,22.82,-90.0,0.0
WE-2167,21.25,-90.0,0.0
WE-2166,17.63,-90.0,0.0
WE-2169,10.42,-90.0,0.0
WE-2168,20.57,-90.0,0.0
WE-2171,23.86,-90.0,0.0
WE-2170,16.5,-90.0,0.0
WE-2173,23.69,-90.0,0.0
WE-2172,15.4,-90.0,0.0
WE-2127,15.73,-90.0,0.0
WE-2126,24.12,-90.0,0.0
WE-2129,14.95,-90.0,0.0
WE-2128,18.62,-90.0,0.0
WE-2131,16.82,-90.0,0.0
WE-2130,17.86,-90.0,0.0
WE-2133,17.55,-90.0,0.0
WE-2132,22.4,-90.0,0.0
WE-2119,16.22,-90.0,0.0
WE-2118,24.25,-90.0,0.0
WE-2121,21.11,-90.0,0.0
WE-2120,22.53,-90.0,0.0
WE-2123,12.47,-90.0,0.0
WE-2122,18.11,-90.0,0.0
WE-2125,15.59,-90.0,0.0
WE-2124,13.78,-90.0,0.0
WE-2143,19.06,-90.0,0.0
WE-2142,22.45,-90.0,0.0
WE-2145,23.16,-90.0,0.0
WE-2144,20.84,-90.0,0.0
WE-2147,23.95,-90.0,0.0
WE-2146,21.92,-90.0,0.0
WE-2149,22.52,-90.0,0.0
WE-2148,16.94,-90.0,0.0
WE-2135,23.93,-90.0,0.0
WE-2134,18.34,-90.0,0.0
WE-2137,21.6,-90.0,0.0
WE-2136,19.19,-90.0,0.0
WE-2139,20.27,-90.0,0.0
WE-2138,24.1,-90.0,0.0
WE-2141,9.5,-90.0,0.0
WE-2140,17.02,-90.0,0.0
WE-2095,21.87,-90.0,0.0
WE-2094,17.26,-90.0,0.0
WE-2097,24.31,-90.0,0.0
WE-2096,24.12,-90.0,0.0
WE-2099,14.12,-90.0,0.0
WE-2098,17.17,-90.0,0.0
WE-2101,20.88,-90.0,0.0
WE-2100,10.14,-90.0,0.0
WE-2087,24.07,-90.0,0.0
WE-2086,13.23,-90.0,0.0
WE-2089,10.88,-90.0,0.0
WE-2088,23.81,-90.0,0.0
WE-2091,18.21,-90.0,0.0
WE-2090,18.65,-90.0,0.0
WE-2093,20.29,-90.0,0.0
WE-2092,12.34,-90.0,0.0
WE-2111,22.4,-90.0,0.0
WE-2110,19.76,-90.0,0.0
WE-2113,15.7,-90.0,0.0
WE-2112,15.09,-90.0,0.0
WE-2115,19.57,-90.0,0.0
WE-2114,16.11,-90.0,0.0
WE-2117,19.3,-90.0,0.0
WE-2116,15.2,-90.0,0.0
WE-2103,16.04,-90.0,0.0
WE-2102,19.65,-90.0,0.0
WE-2105,17.0,-90.0,0.0
WE-2104,18.8,-90.0,0.0
WE-2107,13.89,-90.0,0.0
WE-2106,24.01,-90.0,0.0
WE-2109,15.43,-90.0,0.0
WE-2108,19.58,-90.0,0.0
WE-2063,10.62,-90.0,0.0
WE-2062,19.79,-90.0,0.0
WE-2065,20.8,-90.0,0.0
WE-2064,17.41,-90.0,0.0
WE-2067,20.44,-90.0,0.0
WE-2066,21.31,-90.0,0.0
WE-2069,19.58,-90.0,0.0
WE-2068,23.74,-90.0,0.0
WE-2055,23.81,-90.0,0.0
WE-2054,21.07,-90.0,0.0
WE-2057,14.5,-90.0,0.0
WE-2056,13.63,-90.0,0.0
WE-2059,19.53,-90.0,0.0
WE-2058,17.47,-90.0,0.0
WE-2061,18.83,-90.0,0.0
WE-2060,22.52,-90.0,0.0
WE-2079,23.95,-90.0,0.0
WE-2078,23.64,-90.0,0.0
WE-2081,14.75,-90.0,0.0
WE-2080,18.46,-90.0,0.0
WE-2083,22.6,-90.0,0.0
WE-2082,19.59,-90.0,0.0
WE-2085,18.95,-90.0,0.0
WE-2084,16.54,-90.0,0.0
WE-2071,16.78,-90.0,0.0
WE-2070,23.58,-90.0,0.0
WE-2073,18.09,-90.0,0.0
WE-2072,17.62,-90.0,0.0
WE-2075,12.99,-90.0,0.0
WE-2074,14.9,-90.0,0.0
WE-2077,16.51,-90.0,0.0
WE-2076,16.78,-90.0,0.0
WE-2031,22.69,-90.0,0.0
WE-2030,24.95,-90.0,0.0
WE-2033,11.24,-90.0,0.0
WE-2032,19.52,-90.0,0.0
WE-2035,18.69,-90.0,0.0
WE-2034,16.45,-90.0,0.0
WE-2037,21.41,-90.0,0.0
WE-2036,20.32,-90.0,0.0
WE-2023,19.56,-90.0,0.0
WE-2022,16.12,-90.0,0.0
WE-2025,24.43,-90.0,0.0
WE-2024,24.74,-90.0,0.0
WE-2027,21.23,-90.0,0.0
WE-2026,24.5,-90.0,0.0
WE-2029,9.83,-90.0,0.0
WE-2028,16.69,-90.0,0.0
WE-2047,17.22,-90.0,0.0
WE-2046,19.89,-90.0,0.0
WE-2049,22.62,-90.0,0.0
WE-2048,18.91,-90.0,0.0
WE-2051,21.58,-90.0,0.0
WE-2050,12.14,-90.0,0.0
WE-2053,19.48,-90.0,0.0
WE-2052,14.45,-90.0,0.0
WE-2039,15.5,-90.0,0.0
WE-2038,20.62,-90.0,0.0
WE-2041,20.74,-90.0,0.0
WE-2040,23.7,-90.0,0.0
WE-2043,17.01,-90.0,0.0
WE-2042,17.33,-90.0,0.0
WE-2045,18.88,-90.0,0.0
WE-2044,10.73,-90.0,0.0
WE-1999,21.23,-90.0,0.0
WE-1998,20.04,-90.0,0.0
WE-2001,14.7,-90.0,0.0
WE-2000,16.46,-90.0,0.0
WE-2003,15.91,-90.0,0.0
WE-2002,22.67,-90.0,0.0
WE-2005,22.61,-90.0,0.0
WE-2004,19.29,-90.0,0.0
WE-1991,23.37,-90.0,0.0
WE-1990,24.89,-90.0,0.0
WE-1993,18.43,-90.0,0.0
WE-1992,12.02,-90.0,0.0
WE-1995,15.81,-90.0,0.0
WE-1994,18.56,-90.0,0.0
WE-1997,18.48,-90.0,0.0
WE-1996,16.36,-90.0,0.0
WE-2015,15.95,-90.0,0.0
WE-2014,17.46,-90.0,0.0
WE-2017,20.19,-90.0,0.0
WE-2016,19.34,-90.0,0.0
WE-2019,22.66,-90.0,0.0
WE-2018,13.08,-90.0,0.0
WE-2021,19.08,-90.0,0.0
WE-2020,15.42,-90.0,0.0
WE-2007,19.49,-90.0,0.0
WE-2006,9.09,-90.0,0.0
WE-2009,19.42,-90.0,0.0
WE-2008,18.28,-90.0,0.0
WE-2011,10.4,-90.0,0.0
WE-2010,15.15,-90.0,0.0
WE-2013,21.87,-90.0,0.0
WE-2012,18.47,-90.0,0.0
WE-1967,24.81,-90.0,0.0
WE-1966,19.57,-90.0,0.0
WE-1969,11.17,-90.0,0.0
WE-1968,17.8,-90.0,0.0
WE-1971,19.8,-90.0,0.0
WE-1970,20.92,-90.0,0.0
WE-1973,24.02,-90.0,0.0
WE-1972,19.2,-90.0,0.0
WE-1959,22.93,-90.0,0.0
WE-1958,11.13,-90.0,0.0
WE-1961,23.75,-90.0,0.0
WE-1960,20.46,-90.0,0.0
WE-1963,23.78,-90.0,0.0
WE-1962,21.05,-90.0,0.0
WE-1965,9.21,-90.0,0.0
WE-1964,18.17,-90.0,0.0
WE-1983,20.86,-90.0,0.0
WE-1982,20.62,-90.0,0.0
WE-1985,21.04,-90.0,0.0
WE-1984,22.1,-90.0,0.0
WE-1987,22.38,-90.0,0.0
WE-1986,23.66,-90.0,0.0
WE-1989,19.3,-90.0,0.0
WE-1988,20.14,-90.0,0.0
WE-1975,15.89,-90.0,0.0
WE-1974,11.43,-90.0,0.0
WE-1977,13.24,-90.0,0.0
WE-1976,24.31,-90.0,0.0
WE-1979,19.6,-90.0,0.0
WE-1978,10.96,-90.0,0.0
WE-1981,18.18,-90.0,0.0
WE-1980,12.82,-90.0,0.0
WE-1935,19.84,-90.0,0.0
WE-1934,23.25,-90.0,0.0
WE-1937,16.74,-90.0,0.0
WE-1936,24.37,-90.0,0.0
WE-1939,21.56,-90.0,0.0
WE-1938,16.46,-90.0,0.0
WE-1941,16.06,-90.0,0.0
WE-1940,19.44,-90.0,0.0
WE-1927,19.86,-90.0,0.0
WE-1926,18.3,-90.0,0.0
WE-1929,10.94,-90.0,0.0
WE-1928,19.14,-90.0,0.0
WE-1931,24.27,-90.0,0.0
WE-1930,23.66,-90.0,0.0
WE-1933,13.87,-90.0,0.0
WE-1932,16.37,-90.0,0.0
WE-1951,24.73,-90.0,0.0
WE-1950,24.02,-90.0,0.0
WE-1953,10.9,-90.0,0.0
WE-1952,18.61,-90.0,0.0
WE-1955,20.08,-90.0,0.0
WE-1954,16.24,-90.0,0.0
WE-1957,15.98,-90.0,0.0
WE-1956,18.22,-90.0,0.0
WE-1943,17.45,-90.0,0.0
WE-1942,22.53,-90.0,0.0
WE-1945,19.52,-90.0,0.0
WE-1944,24.48,-90.0,0.0
WE-1947,23.7,-90.0,0.0
WE-1946,20.26,-90.0,0.0
WE-1949,20.78,-90.0,0.0
WE-1948,20.53,-90.0,0.0
WE-1903,22.39,-90.0,0.0
WE-1902,19.24,-90.0,0.0
WE-1905,24.48,-90.0,0.0
WE-1904,16.26,-90.0,0.0
WE-1907,20.95,-90.0,0.0
WE-1906,22.6,-90.0,0.0
WE-1909,15.73,-90.0,0.0
WE-1908,22.98,-90.0,0.0
WE-1895,17.2,-90.0,0.0
WE-1894,17.78,-90.0,0.0
WE-1897,23.48,-90.0,0.0
WE-1896,17.81,-90.0,0.0
WE-1899,14.6,-90.0,0.0
WE-1898,22.89,-90.0,0.0
WE-1901,11.52,-90.0,0.0
WE-1900,22.62,-90.0,0.0
WE-1919,16.94,-90.0,0.0
WE-1918,18.33,-90.0,0.0
WE-1921,18.34,-90.0,0.0
WE-1920,23.65,-90.0,0.0
WE-1923,22.41,-90.0,0.0
WE-1922,18.08,-90.0,0.0
WE-1925,13.32,-90.0,0.0
WE-1924,11.65,-90.0,0.0
WE-1911,19.29,-90.0,0.0
WE-1910,18.78,-90.0,0.0
WE-1913,21.98,-90.0,0.0
WE-1912,21.22,-90.0,0.0
WE-1915,24.66,-90.0,0.0
WE-1914,23.16,-90.0,0.0
WE-1917,21.28,-90.0,0.0
WE-1916,20.17,-90.0,0.0
WE-1871,18.06,-90.0,0.0
WE-1870,16.35,-90.0,0.0
WE-1873,18.52,-90.0,0.0
WE-1872,20.8,-90.0,0.0
WE-1875,24.34,-90.0,0.0
WE-1874,16.61,-90.0,0.0
WE-1877,22.49,-90.0,0.0
WE-1876,17.64,-90.0,0.0
WE-1863,16.74,-90.0,0.0
WE-1862,14.17,-90.0,0.0
WE-1865,15.09,-90.0,0.0
WE-1864,15.09,-90.0,0.0
WE-1867,21.17,-90.0,0.0
WE-1866,10.48,-90.0,0.0
WE-1869,18.76,-90.0,0.0
WE-1868,18.89,-90.0,0.0
WE-1887,20.76,-90.0,0.0
WE-1886,24.25,-90.0,0.0
WE-1889,24.94,-90.0,0.0
WE-1888,24.59,-90.0,0.0
WE-1891,11.76,-90.0,0.0
WE-1890,23.83,-90.0,0.0
WE-1893,23.32,-90.0,0.0
WE-1892,21.31,-90.0,0.0
WE-1879,22.68,-90.0,0.0
WE-1878,20.36,-90.0,0.0
WE-1881,22.61,-90.0,0.0
WE-1880,22.78,-90.0,0.0
WE-1883,18.35,-90.0,0.0
WE-1882,18.95,-90.0,0.0
WE-1885,19.91,-90.0,0.0
WE-1884,15.23,-90.0,0.0
WE-1839,20.26,-90.0,0.0
WE-1838,24.87,-90.0,0.0
WE-1841,24.14,-90.0,0.0
WE-1840,16.36,-90.0,0.0
WE-1843,23.43,-90.0,0.0
WE-1842,24.1,-90.0,0.0
WE-1845,22.65,-90.0,0.0
WE-1844,16.53,-90.0,0.0
WE-1831,16.48,-90.0,0.0
WE-1830,23.32,-90.0,0.0
WE-1833,16.5,-90.0,0.0
WE-1832,9.21,-90.0,0.0
WE-1835,9.48,-90.0,0.0
WE-1834,24.79,-90.0,0.0
WE-1837,10.94,-90.0,0.0
WE-1836,20.81,-90.0,0.0
WE-1855,14.6,-90.0,0.0
WE-1854,20.69,-90.0,0.0
WE-1857,22.07,-90.0,0.0
WE-1856,24.86,-90.0,0.0
WE-1859,20.0,-90.0,0.0
WE-1858,19.9,-90.0,0.0
WE-1861,17.33,-90.0,0.0
WE-1860,16.31,-90.0,0.0
WE-1847,6.21,-90.0,0.0
WE-1846,14.1,-90.0,0.0
WE-1849,24.4,-90.0,0.0
WE-1848,16.26,-90.0,0.0
WE-1851,13.24,-90.0,0.0
WE-1850,22.85,-90.0,0.0
WE-1853,23.02,-90.0,0.0
WE-1852,19.92,-90.0,0.0
WE-1807,14.22,-90.0,0.0
WE-1806,15.7,-90.0,0.0
WE-1809,18.33,-90.0,0.0
WE-1808,23.05,-90.0,0.0
WE-1811,20.47,-90.0,0.0
WE-1810,24.37,-90.0,0.0
WE-1813,18.15,-90.0,0.0
WE-1812,17.22,-90.0,0.0
WE-1799,15.12,-90.0,0.0
WE-1798,23.86,-90.0,0.0
WE-1801,16.32,-90.0,0.0
WE-1800,19.05,-90.0,0.0
WE-1803,15.76,-90.0,0.0
WE-1802,17.7,-90.0,0.0
WE-1805,22.21,-90.0,0.0
WE-1804,24.14,-90.0,0.0
WE-1823,14.89,-90.0,0.0
WE-1822,24.78,-90.0,0.0
WE-1825,17.28,-90.0,0.0
WE-1824,13.43,-90.0,0.0
WE-1827,16.75,-90.0,0.0
WE-1826,16.15,-90.0,0.0
WE-1829,16.87,-90.0,0.0
WE-1828,22.83,-90.0,0.0
WE-1815,22.12,-90.0,0.0
WE-1814,20.34,-90.0,0.0
WE-1817,22.28,-90.0,0.0
WE-1816,16.14,-90.0,0.0
WE-1819,15.61,-90.0,0.0
WE-1818,23.22,-90.0,0.0
WE-1821,24.49,-90.0,0.0
WE-1820,19.19,-90.0,0.0
WE-0752,20.95,-90.0,0.0
WE-0751,11.36,-90.0,0.0
WE-0754,8.18,-90.0,0.0
WE-0753,21.25,-90.0,0.0
WE-0756,16.0,-90.0,0.0
WE-0755,15.04,-90.0,0.0
WE-0758,24.55,-90.0,0.0
WE-0757,9.58,-90.0,0.0
WE-0744,19.24,-90.0,0.0
WE-0743,18.0,-90.0,0.0
WE-0746,18.7,-90.0,0.0
WE-0745,22.72,-90.0,0.0
WE-0748,21.35,-90.0,0.0
WE-0747,11.76,-90.0,0.0
WE-0750,11.02,-90.0,0.0
WE-0749,22.61,-90.0,0.0
WE-0768,22.13,-90.0,0.0
WE-0767,15.7,-90.0,0.0
WE-0770,24.82,-90.0,0.0
WE-0769,19.27,-90.0,0.0
WE-0772,21.79,-90.0,0.0
WE-0771,17.84,-90.0,0.0
WE-0774,15.73,-90.0,0.0
WE-0773,21.0,-90.0,0.0
WE-0760,24.35,-90.0,0.0
WE-0759,19.54,-90.0,0.0
WE-0762,22.75,-90.0,0.0
WE-0761,17.1,-90.0,0.0
WE-0764,19.93,-90.0,0.0
WE-0763,23.29,-90.0,0.0
WE-0766,9.3,-90.0,0.0
WE-0765,19.9,-90.0,0.0
WE-0720,18.24,-90.0,0.0
WE-0719,10.29,-90.0,0.0
WE-0722,22.68,-90.0,0.0
WE-0721,15.35,-90.0,0.0
WE-0724,18.51,-90.0,0.0
WE-0723,18.95,-90.0,0.0
WE-0726,20.03,-90.0,0.0
WE-0725,19.05,-90.0,0.0
WE-0712,11.6,-90.0,0.0
WE-0711,22.59,-90.0,0.0
WE-0714,24.78,-90.0,0.0
WE-0713,10.38,-90.0,0.0
WE-0716,9.3,-90.0,0.0
WE-0715,16.34,-90.0,0.0
WE-0718,16.41,-90.0,0.0
WE-0717,23.12,-90.0,0.0
WE-0736,19.83,-90.0,0.0
WE-0735,16.45,-90.0,0.0
WE-0738,23.31,-90.0,0.0
WE-0737,22.94,-90.0,0.0
WE-0740,22.32,-90.0,0.0
WE-0739,14.29,-90.0,0.0
WE-0742,20.44,-90.0,0.0
WE-0741,15.32,-90.0,0.0
WE-0728,15.11,-90.0,0.0
WE-0727,16.58,-90.0,0.0
WE-0730,15.86,-90.0,0.0
WE-0729,19.99,-90.0,0.0
WE-0732,14.92,-90.0,0.0
WE-0731,24.52,-90.0,0.0
WE-0734,23.99,-90.0,0.0
WE-0733,24.89,-90.0,0.0
WE-0688,20.45,-90.0,0.0
WE-0687,16.29,-90.0,0.0
WE-0690,23.87,-90.0,0.0
WE-0689,20.86,-90.0,0.0
WE-0692,20.41,-90.0,0.0
WE-0691,15.43,-90.0,0.0
WE-0694,13.5,-90.0,0.0
WE-0693,15.18,-90.0,0.0
WE-0680,19.82,-90.0,0.0
WE-0679,16.25,-90.0,0.0
WE-0682,9.94,-90.0,0.0
WE-0681,11.97,-90.0,0.0
WE-0684,21.7,-90.0,0.0
WE-0683,18.88,-90.0,0.0
WE-0686,24.88,-90.0,0.0
WE-0685,16.11,-90.0,0.0
WE-0704,18.49,-90.0,0.0
WE-0703,23.55,-90.0,0.0
WE-0706,15.99,-90.0,0.0
WE-0705,23.57,-90.0,0.0
WE-0708,8.17,-90.0,0.0
WE-0707,7.64,-90.0,0.0
WE-0710,13.33,-90.0,0.0
WE-0709,24.67,-90.0,0.0
WE-0696,23.81,-90.0,0.0
WE-0695,24.16,-90.0,0.0
WE-0698,12.07,-90.0,0.0
WE-0697,19.19,-90.0,0.0
WE-0700,16.69,-90.0,0.0
WE-0699,19.41,-90.0,0.0
WE-0702,13.41,-90.0,0.0
WE-0701,21.12,-90.0,0.0
WE-0656,24.19,-90.0,0.0
WE-0655,18.04,-90.0,0.0
WE-0658,20.81,-90.0,0.0
WE-0657,10.17,-90.0,0.0
WE-0660,9.94,-90.0,0.0
WE-0659,17.78,-90.0,0.0
WE-0662,15.75,-90.0,0.0
WE-0661,22.27,-90.0,0.0
WE-0648,21.03,-90.0,0.0
WE-0647,21.21,-90.0,0.0
WE-0650,11.6,-90.0,0.0
WE-0649,17.46,-90.0,0.0
WE-0652,21.32,-90.0,0.0
WE-0651,20.72,-90.0,0.0
WE-0654,23.56,-90.0,0.0
WE-0653,16.78,-90.0,0.0
WE-0672,18.94,-90.0,0.0
WE-0671,20.44,-90.0,0.0
WE-0674,9.43,-90.0,0.0
WE-0673,13.99,-90.0,0.0
WE-0676,24.76,-90.0,0.0
WE-0675,22.79,-90.0,0.0
WE-0678,12.99,-90.0,0.0
WE-0677,18.52,-90.0,0.0
WE-0664,17.06,-90.0,0.0
WE-0663,24.58,-90.0,0.0
WE-0666,15.74,-90.0,0.0
WE-0665,19.75,-90.0,0.0
WE-0668,22.71,-90.0,0.0
WE-0667,17.79,-90.0,0.0
WE-0670,12.91,-90.0,0.0
WE-0669,9.57,-90.0,0.0
WE-0624,6.97,-90.0,0.0
WE-0623,22.26,-90.0,0.0
WE-0626,18.57,-90.0,0.0
WE-0625,16.17,-90.0,0.0
WE-0628,17.72,-90.0,0.0
WE-0627,11.26,-90.0,0.0
WE-0630,21.68,-90.0,0.0
WE-0629,17.57,-90.0,0.0
WE-0616,9.26,-90.0,0.0
WE-0615,18.77,-90.0,0.0
WE-0618,23.76,-90.0,0.0
WE-0617,18.58,-90.0,0.0
WE-0620,20.1,-90.0,0.0
WE-0619,24.3,-90.0,0.0
WE-0622,21.47,-90.0,0.0
WE-0621,17.02,-90.0,0.0
WE-0640,18.64,-90.0,0.0
WE-0639,24.56,-90.0,0.0
WE-0642,15.69,-90.0,0.0
WE-0641,23.6,-90.0,0.0
WE-0644,14.93,-90.0,0.0
WE-0643,17.35,-90.0,0.0
WE-0646,23.53,-90.0,0.0
WE-0645,12.13,-90.0,0.0
WE-0632,15.66,-90.0,0.0
WE-0631,11.65,-90.0,0.0
WE-0634,20.95,-90.0,0.0
WE-0633,23.58,-90.0,0.0
WE-0636,19.43,-90.0,0.0
WE-0635,22.67,-90.0,0.0
WE-0638,12.12,-90.0,0.0
WE-0637,20.2,-90.0,0.0
WE-0592,22.03,-90.0,0.0
WE-0591,23.35,-90.0,0.0
WE-0594,17.88,-90.0,0.0
WE-0593,17.83,-90.0,0.0
WE-0596,17.55,-90.0,0.0
WE-0595,16.85,-90.0,0.0
WE-0598,18.68,-90.0,0.0
WE-0597,23.9,-90.0,0.0
WE-0584,11.12,-90.0,0.0
WE-0583,11.36,-90.0,0.0
WE-0586,10.33,-90.0,0.0
WE-0585,17.54,-90.0,0.0
WE-0588,19.93,-90.0,0.0
WE-0587,17.91,-90.0,0.0
WE-0590,23.18,-90.0,0.0
WE-0589,15.75,-90.0,0.0
WE-0608,16.63,-90.0,0.0
WE-0607,24.51,-90.0,0.0
WE-0610,20.48,-90.0,0.0
WE-0609,17.1,-90.0,0.0
WE-0612,21.26,-90.0,0.0
WE-0611,19.69,-90.0,0.0
WE-0614,18.48,-90.0,0.0
WE-0613,16.67,-90.0,0.0
WE-0600,15.35,-90.0,0.0
WE-0599,21.85,-90.0,0.0
WE-0602,24.38,-90.0,0.0
WE-0601,23.38,-90.0,0.0
WE-0604,24.08,-90.0,0.0
WE-0603,24.3,-90.0,0.0
WE-0606,21.56,-90.0,0.0
WE-0605,11.63,-90.0,0.0
WE-0560,18.24,-90.0,0.0
WE-0559,22.54,-90.0,0.0
WE-0562,14.4,-90.0,0.0
WE-0561,16.94,-90.0,0.0
WE-0564,18.04,-90.0,0.0
WE-0563,21.34,-90.0,0.0
WE-0566,11.7,-90.0,0.0
WE-0565,15.45,-90.0,0.0
WE-0552,24.73,-90.0,0.0
WE-0551,19.32,-90.0,0.0
WE-0554,18.12,-90.0,0.0
WE-0553,21.86,-90.0,0.0
WE-0556,21.99,-90.0,0.0
WE-0555,13.99,-90.0,0.0
WE-0558,22.86,-90.0,0.0
WE-0557,18.12,-90.0,0.0
WE-0576,23.67,-90.0,0.0
WE-0575,15.17,-90.0,0.0
WE-0578,7.55,-90.0,0.0
WE-0577,9.54,-90.0,0.0
WE-0580,13.06,-90.0,0.0
WE-0579,24.77,-90.0,0.0
WE-0582,14.56,-90.0,0.0
WE-0581,17.72,-90.0,0.0
WE-0568,13.3,-90.0,0.0
WE-0567,17.16,-90.0,0.0
WE-0570,20.59,-90.0,0.0
WE-0569,14.17,-90.0,0.0
WE-0572,22.92,-90.0,0.0
WE-0571,18.33,-90.0,0.0
WE-0574,19.67,-90.0,0.0
WE-0573,9.35,-90.0,0.0
WE-0528,20.76,-90.0,0.0
WE-0527,16.59,-90.0,0.0
WE-0530,20.31,-90.0,0.0
WE-0529,24.94,-90.0,0.0
WE-0532,18.99,-90.0,0.0
WE-0531,17.25,-90.0,0.0
WE-0534,15.93,-90.0,0.0
WE-0533,23.06,-90.0,0.0
WE-0520,12.86,-90.0,0.0
WE-0519,20.67,-90.0,0.0
WE-0522,11.81,-90.0,0.0
WE-0521,21.57,-90.0,0.0
WE-0524,21.24,-90.0,0.0
WE-0523,22.46,-90.0,0.0
WE-0526,18.55,-90.0,0.0
WE-0525,16.81,-90.0,0.0
WE-0544,20.75,-90.0,0.0
WE-0543,13.06,-90.0,0.0
WE-0546,15.47,-90.0,0.0
WE-0545,21.48,-90.0,0.0
WE-0548,17.54,-90.0,0.0
WE-0547,24.65,-90.0,0.0
WE-0550,11.58,-90.0,0.0
WE-0549,15.57,-90.0,0.0
WE-0536,24.73,-90.0,0.0
WE-0535,17.12,-90.0,0.0
WE-0538,23.75,-90.0,0.0
WE-0537,22.18,-90.0,0.0
WE-0540,11.34,-90.0,0.0
WE-0539,8.36,-90.0,0.0
WE-0542,12.17,-90.0,0.0
WE-0541,23.38,-90.0,0.0
WE-0496,23.11,-90.0,0.0
WE-0495,20.58,-90.0,0.0
WE-0498,19.28,-90.0,0.0
WE-0497,21.7,-90.0,0.0
WE-0500,14.07,-90.0,0.0
WE-0499,19.04,-90.0,0.0
WE-0502,18.4,-90.0,0.0
WE-0501,16.18,-90.0,0.0
WE-0488,23.32,-90.0,0.0
WE-0487,24.9,-90.0,0.0
WE-0490,22.46,-90.0,0.0
WE-0489,16.45,-90.0,0.0
WE-0492,16.52,-90.0,0.0
WE-0491,23.0,-90.0,0.0
WE-0494,19.27,-90.0,0.0
WE-0493,12.08,-90.0,0.0
WE-0512,16.19,-90.0,0.0
WE-0511,24.2,-90.0,0.0
WE-0514,16.77,-90.0,0.0
WE-0513,17.86,-90.0,0.0
WE-0516,24.75,-90.0,0.0
WE-0515,21.63,-90.0,0.0
WE-0518,17.5,-90.0,0.0
WE-0517,20.32,-90.0,0.0
WE-0504,24.55,-90.0,0.0
WE-0503,23.39,-90.0,0.0
WE-0506,18.03,-90.0,0.0
WE-0505,13.53,-90.0,0.0
WE-0508,10.91,-90.0,0.0
WE-0507,9.57,-90.0,0.0
WE-0510,23.37,-90.0,0.0
WE-0509,15.9,-90.0,0.0
WE-0464,20.75,-90.0,0.0
WE-0463,18.72,-90.0,0.0
WE-0466,23.04,-90.0,0.0
WE-0465,15.47,-90.0,0.0
WE-0468,17.36,-90.0,0.0
WE-0467,21.19,-90.0,0.0
WE-0470,21.81,-90.0,0.0
WE-0469,10.72,-90.0,0.0
WE-0456,12.61,-90.0,0.0
WE-0455,21.48,-90.0,0.0
WE-0458,16.2,-90.0,0.0
WE-0457,15.62,-90.0,0.0
WE-0460,21.94,-90.0,0.0
WE-0459,17.64,-90.0,0.0
WE-0462,17.19,-90.0,0.0
WE-0461,20.35,-90.0,0.0
WE-0480,14.17,-90.0,0.0
WE-0479,14.31,-90.0,0.0
WE-0482,12.27,-90.0,0.0
WE-0481,21.89,-90.0,0.0
WE-0484,24.76,-90.0,0.0
WE-0483,20.45,-90.0,0.0
WE-0486,15.48,-90.0,0.0
WE-0485,16.23,-90.0,0.0
WE-0472,23.7,-90.0,0.0
WE-0471,24.42,-90.0,0.0
WE-0474,9.86,-90.0,0.0
WE-0473,19.15,-90.0,0.0
WE-0476,11.25,-90.0,0.0
WE-0475,16.64,-90.0,0.0
WE-0478,20.3,-90.0,0.0
WE-0477,23.64,-90.0,0.0
WE-0432,16.52,-90.0,0.0
WE-0431,15.06,-90.0,0.0
WE-0434,9.06,-90.0,0.0
WE-0433,16.89,-90.0,0.0
WE-0436,24.58,-90.0,0.0
WE-0435,12.71,-90.0,0.0
WE-0438,15.76,-90.0,0.0
WE-0437,9.31,-90.0,0.0
WE-0424,16.5,-90.0,0.0
WE-0423,18.99,-90.0,0.0
WE-0426,15.69,-90.0,0.0
WE-0425,21.14,-90.0,0.0
WE-0428,21.55,-90.0,0.0
WE-0427,20.24,-90.0,0.0
WE-0430,23.85,-90.0,0.0
WE-0429,19.18,-90.0,0.0
WE-0448,22.85,-90.0,0.0
WE-0447,10.07,-90.0,0.0
WE-0450,6.31,-90.0,0.0
WE-0449,22.8,-90.0,0.0
WE-0452,24.32,-90.0,0.0
WE-0451,22.73,-90.0,0.0
WE-0454,21.43,-90.0,0.0
WE-0453,23.33,-90.0,0.0
WE-0440,13.32,-90.0,0.0
WE-0439,23.33,-90.0,0.0
WE-0442,23.47,-90.0,0.0
WE-0441,21.82,-90.0,0.0
WE-0444,20.04,-90.0,0.0
WE-0443,23.45,-90.0,0.0
WE-0446,23.86,-90.0,0.0
WE-0445,24.45,-90.0,0.0
WE-0400,23.5,-90.0,0.0
WE-0399,22.59,-90.0,0.0
WE-0402,15.64,-90.0,0.0
WE-0401,17.75,-90.0,0.0
WE-0404,20.29,-90.0,0.0
WE-0403,11.82,-90.0,0.0
WE-0406,17.14,-90.0,0.0
WE-0405,19.3,-90.0,0.0
WE-0392,23.9,-90.0,0.0
WE-0391,21.69,-90.0,0.0
WE-0394,22.97,-90.0,0.0
WE-0393,20.32,-90.0,0.0
WE-0396,18.77,-90.0,0.0
WE-0395,18.98,-90.0,0.0
WE-0398,20.87,-90.0,0.0
WE-0397,23.36,-90.0,0.0
WE-0416,9.42,-90.0,0.0
WE-0415,21.95,-90.0,0.0
WE-0418,15.14,-90.0,0.0
WE-0417,22.68,-90.0,0.0
WE-0420,24.63,-90.0,0.0
WE-0419,16.7,-90.0,0.0
WE-0422,12.59,-90.0,0.0
WE-0421,20.26,-90.0,0.0
WE-0408,21.03,-90.0,0.0
WE-0407,10.65,-90.0,0.0
WE-0410,24.25,-90.0,0.0
WE-0409,11.74,-90.0,0.0
WE-0412,11.75,-90.0,0.0
WE-0411,14.77,-90.0,0.0
WE-0414,17.62,-90.0,0.0
WE-0413,17.63,-90.0,0.0
WE-0368,13.61,-90.0,0.0
WE-0367,21.05,-90.0,0.0
WE-0370,17.31,-90.0,0.0
WE-0369,24.96,-90.0,0.0
WE-0372,23.72,-90.0,0.0
WE-0371,20.62,-90.0,0.0
WE-0374,22.97,-90.0,0.0
WE-0373,24.08,-90.0,0.0
WE-0360,21.69,-90.0,0.0
WE-0359,15.61,-90.0,0.0
WE-0362,20.43,-90.0,0.0
WE-0361,12.43,-90.0,0.0
WE-0364,24.52,-90.0,0.0
WE-0363,18.49,-90.0,0.0
WE-0366,21.33,-90.0,0.0
WE-0365,19.97,-90.0,0.0
WE-0384,24.29,-90.0,0.0
WE-0383,23.94,-90.0,0.0
WE-0386,21.04,-90.0,0.0
WE-0385,21.59,-90.0,0.0
WE-0388,17.86,-90.0,0.0
WE-0387,20.1,-90.0,0.0
WE-0390,21.7,-90.0,0.0
WE-0389,24.75,-90.0,0.0
WE-0376,15.53,-90.0,0.0
WE-0375,21.43,-90.0,0.0
WE-0378,24.52,-90.0,0.0
WE-0377,19.41,-90.0,0.0
WE-0380,12.49,-90.0,0.0
WE-0379,20.26,-90.0,0.0
WE-0382,18.05,-90.0,0.0
WE-0381,17.39,-90.0,0.0
WE-0336,13.52,-90.0,0.0
WE-0335,16.85,-90.0,0.0
WE-0338,17.12,-90.0,0.0
WE-0337,24.11,-90.0,0.0
WE-0340,22.98,-90.0,0.0
WE-0339,10.75,-90.0,0.0
WE-0342,10.13,-90.0,0.0
WE-0341,23.76,-90.0,0.0
WE-0328,18.34,-90.0,0.0
WE-0327,9.96,-90.0,0.0
WE-0330,23.49,-90.0,0.0
WE-0329,18.8,-90.0,0.0
WE-0332,22.7,-90.0,0.0
WE-0331,14.94,-90.0,0.0
WE-0334,15.08,-90.0,0.0
WE-0333,23.37,-90.0,0.0
WE-0352,24.94,-90.0,0.0
WE-0351,18.1,-90.0,0.0
WE-0354,12.15,-90.0,0.0
WE-0353,20.36,-90.0,0.0
WE-0356,17.0,-90.0,0.0
WE-0355,16.88,-90.0,0.0
WE-0358,17.9,-90.0,0.0
WE-0357,16.07,-90.0,0.0
WE-0344,23.07,-90.0,0.0
WE-0343,16.95,-90.0,0.0
WE-0346,11.39,-90.0,0.0
WE-0345,12.46,-90.0,0.0
WE-0348,18.2,-90.0,0.0
WE-0347,15.05,-90.0,0.0
WE-0350,24.54,-90.0,0.0
WE-0349,16.21,-90.0,0.0
WE-0304,23.06,-90.0,0.0
WE-0303,21.22,-90.0,0.0
WE-0306,13.08,-90.0,0.0
WE-0305,17.78,-90.0,0.0
WE-0308,21.25,-90.0,0.0
WE-0307,20.12,-90.0,0.0
WE-0310,24.41,-90.0,0.0
WE-0309,19.37,-90.0,0.0
WE-0296,19.67,-90.0,0.0
WE-0295,23.46,-90.0,0.0
WE-0298,11.22,-90.0,0.0
WE-0297,17.97,-90.0,0.0
WE-0300,18.11,-90.0,0.0
WE-0299,19.46,-90.0,0.0
WE-0302,21.54,-90.0,0.0
WE-0301,12.22,-90.0,0.0
WE-0320,11.18,-90.0,0.0
WE-0319,21.55,-90.0,0.0
WE-0322,20.38,-90.0,0.0
WE-0321,19.4,-90.0,0.0
WE-0324,23.63,-90.0,0.0
WE-0323,19.66,-90.0,0.0
WE-0326,15.61,-90.0,0.0
WE-0325,22.99,-90.0,0.0
WE-0312,13.1,-90.0,0.0
WE-0311,17.43,-90.0,0.0
WE-0314,24.02,-90.0,0.0
WE-0313,21.6,-90.0,0.0
WE-0316,10.32,-90.0,0.0
WE-0315,22.44,-90.0,0.0
WE-0318,19.32,-90.0,0.0
WE-0317,21.84,-90.0,0.0
WE-0272,23.56,-90.0,0.0
WE-0271,23.08,-90.0,0.0
WE-0274,16.94,-90.0,0.0
WE-0273,22.59,-90.0,0.0
WE-0276,19.96,-90.0,0.0
WE-0275,16.8,-90.0,0.0
WE-0278,19.24,-90.0,0.0
WE-0277,17.67,-90.0,0.0
WE-0264,22.93,-90.0,0.0
WE-0263,18.82,-90.0,0.0
WE-0266,15.58,-90.0,0.0
WE-0265,23.07,-90.0,0.0
WE-0268,21.26,-90.0,0.0
WE-0267,22.59,-90.0,0.0
WE-0270,11.41,-90.0,0.0
WE-0269,12.2,-90.0,0.0
WE-0288,23.23,-90.0,0.0
WE-0287,18.06,-90.0,0.0
WE-0290,12.48,-90.0,0.0
WE-0289,19.24,-90.0,0.0
WE-0292,17.86,-90.0,0.0
WE-0291,17.81,-90.0,0.0
WE-0294,16.07,-90.0,0.0
WE-0293,14.35,-90.0,0.0
WE-0280,11.72,-90.0,0.0
WE-0279,16.66,-90.0,0.0
WE-0282,12.1,-90.0,0.0
WE-0281,22.02,-90.0,0.0
WE-0284,15.87,-90.0,0.0
WE-0283,16.36,-90.0,0.0
WE-0286,19.28,-90.0,0.0
WE-0285,16.32,-90.0,0.0
WE-1264,18.18,-90.0,0.0
WE-1263,14.11,-90.0,0.0
WE-1266,20.67,-90.0,0.0
WE-1265,17.21,-90.0,0.0
WE-1268,17.76,-90.0,0.0
WE-1267,16.7,-90.0,0.0
WE-1270,22.78,-90.0,0.0
WE-1269,17.06,-90.0,0.0
WE-1256,21.43,-90.0,0.0
WE-1255,20.0,-90.0,0.0
WE-1258,18.86,-90.0,0.0
WE-1257,22.81,-90.0,0.0
WE-1260,22.21,-90.0,0.0
WE-1259,10.79,-90.0,0.0
WE-1262,15.22,-90.0,0.0
WE-1261,18.93,-90.0,0.0
WE-1280,20.38,-90.0,0.0
WE-1279,15.93,-90.0,0.0
WE-1282,19.84,-90.0,0.0
WE-1281,24.19,-90.0,0.0
WE-1284,15.96,-90.0,0.0
WE-1283,19.08,-90.0,0.0
WE-1286,22.81,-90.0,0.0
WE-1285,14.51,-90.0,0.0
WE-1272,24.23,-90.0,0.0
WE-1271,11.46,-90.0,0.0
WE-1274,11.1,-90.0,0.0
WE-1273,22.91,-90.0,0.0
WE-1276,16.93,-90.0,0.0
WE-1275,18.87,-90.0,0.0
WE-1278,16.44,-90.0,0.0
WE-1277,15.5,-90.0,0.0
WE-1232,16.92,-90.0,0.0
WE-1231,21.47,-90.0,0.0
WE-1234,16.92,-90.0,0.0
WE-1233,20.22,-90.0,0.0
WE-1236,10.02,-90.0,0.0
WE-1235,21.76,-90.0,0.0
WE-1238,24.45,-90.0,0.0
WE-1237,18.33,-90.0,0.0
WE-1224,15.27,-90.0,0.0
WE-1223,18.54,-90.0,0.0
WE-1226,11.18,-90.0,0.0
WE-1225,20.4,-90.0,0.0
WE-1228,22.09,-90.0,0.0
WE-1227,17.68,-90.0,0.0
WE-1230,24.75,-90.0,0.0
WE-1229,23.31,-90.0,0.0
WE-1248,21.91,-90.0,0.0
WE-1247,23.38,-90.0,0.0
WE-1250,21.28,-90.0,0.0
WE-1249,19.75,-90.0,0.0
WE-1252,23.57,-90.0,0.0
WE-1251,17.14,-90.0,0.0
WE-1254,23.03,-90.0,0.0
WE-1253,22.35,-90.0,0.0
WE-1240,19.03,-90.0,0.0
WE-1239,22.84,-90.0,0.0
WE-1242,19.85,-90.0,0.0
WE-1241,24.96,-90.0,0.0
WE-1244,22.14,-90.0,0.0
WE-1243,20.77,-90.0,0.0
WE-1246,13.23,-90.0,0.0
WE-1245,15.27,-90.0,0.0
WE-1200,19.01,-90.0,0.0
WE-1199,21.56,-90.0,0.0
WE-1202,21.98,-90.0,0.0
WE-1201,9.35,-90.0,0.0
WE-1204,23.24,-90.0,0.0
WE-1203,17.48,-90.0,0.0
WE-1206,23.01,-90.0,0.0
WE-1205,11.28,-90.0,0.0
WE-1192,19.58,-90.0,0.0
WE-1191,24.99,-90.0,0.0
WE-1194,22.55,-90.0,0.0
WE-1193,20.81,-90.0,0.0
WE-1196,9.68,-90.0,0.0
WE-1195,19.75,-90.0,0.0
WE-1198,13.42,-90.0,0.0
WE-1197,18.97,-90.0,0.0
WE-1216,15.12,-90.0,0.0
WE-1215,22.51,-90.0,0.0
WE-1218,10.78,-90.0,0.0
WE-1217,10.96,-90.0,0.0
WE-1220,21.6,-90.0,0.0
WE-1219,17.61,-90.0,0.0
WE-1222,18.79,-90.0,0.0
WE-1221,19.95,-90.0,0.0
WE-1208,10.08,-90.0,0.0
WE-1207,22.15,-90.0,0.0
WE-1210,22.47,-90.0,0.0
WE-1209,23.2,-90.0,0.0
WE-1212,17.0,-90.0,0.0
WE-1211,23.16,-90.0,0.0
WE-1214,22.67,-90.0,0.0
WE-1213,23.58,-90.0,0.0
WE-1168,13.94,-90.0,0.0
WE-1167,15.42,-90.0,0.0
WE-1170,19.52,-90.0,0.0
WE-1169,22.67,-90.0,0.0
WE-1172,16.18,-90.0,0.0
WE-1171,24.78,-90.0,0.0
WE-1174,15.97,-90.0,0.0
WE-1173,20.11,-90.0,0.0
WE-1160,24.06,-90.0,0.0
WE-1159,22.78,-90.0,0.0
WE-1162,19.88,-90.0,0.0
WE-1161,12.35,-90.0,0.0
WE-1164,22.05,-90.0,0.0
WE-1163,23.45,-90.0,0.0
WE-1166,17.02,-90.0,0.0
WE-1165,16.62,-90.0,0.0
WE-1184,16.02,-90.0,0.0
WE-1183,15.1,-90.0,0.0
WE-1186,17.95,-90.0,0.0
WE-1185,21.26,-90.0,0.0
WE-1188,24.32,-90.0,0.0
WE-1187,15.53,-90.0,0.0
WE-1190,20.28,-90.0,0.0
WE-1189,21.11,-90.0,0.0
WE-1176,20.13,-90.0,0.0
WE-1175,14.53,-90.0,0.0
WE-1178,18.42,-90.0,0.0
WE-1177,16.84,-90.0,0.0
WE-1180,19.79,-90.0,0.0
WE-1179,19.0,-90.0,0.0
WE-1182,11.55,-90.0,0.0
WE-1181,17.91,-90.0,0.0
WE-1136,19.24,-90.0,0.0
WE-1135,17.09,-90.0,0.0
WE-1138,11.47,-90.0,0.0
WE-1137,15.84,-90.0,0.0
WE-1140,9.3,-90.0,0.0
WE-1139,23.78,-90.0,0.0
WE-1142,10.89,-90.0,0.0
WE-1141,21.99,-90.0,0.0
WE-1128,21.05,-90.0,0.0
WE-1127,24.4,-90.0,0.0
WE-1130,17.42,-90.0,0.0
WE-1129,19.02,-90.0,0.0
WE-1132,18.72,-90.0,0.0
WE-1131,14.73,-90.0,0.0
WE-1134,18.51,-90.0,0.0
WE-1133,11.21,-90.0,0.0
WE-1152,22.4,-90.0,0.0
WE-1151,22.38,-90.0,0.0
WE-1154,19.0,-90.0,0.0
WE-1153,20.23,-90.0,0.0
WE-1156,24.92,-90.0,0.0
WE-1155,16.29,-90.0,0.0
WE-1158,17.28,-90.0,0.0
WE-1157,19.4,-90.0,0.0
WE-1144,15.67,-90.0,0.0
WE-1143,14.0,-90.0,0.0
WE-1146,23.02,-90.0,0.0
WE-1145,19.14,-90.0,0.0
WE-1148,20.86,-90.0,0.0
WE-1147,12.31,-90.0,0.0
WE-1150,10.8,-90.0,0.0
WE-1149,9.55,-90.0,0.0
WE-1104,9.71,-90.0,0.0
WE-1103,24.57,-90.0,0.0
WE-1106,11.24,-90.0,0.0
WE-1105,10.48,-90.0,0.0
WE-1108,17.39,-90.0,0.0
WE-1107,21.04,-90.0,0.0
WE-1110,11.86,-90.0,0.0
WE-1109,23.22,-90.0,0.0
WE-1096,21.53,-90.0,0.0
WE-1095,24.71,-90.0,0.0
WE-1098,24.96,-90.0,0.0
WE-1097,18.92,-90.0,0.0
WE-1100,17.62,-90.0,0.0
WE-1099,11.27,-90.0,0.0
WE-1102,20.58,-90.0,0.0
WE-1101,21.33,-90.0,0.0
WE-1120,14.16,-90.0,0.0
WE-1119,15.6,-90.0,0.0
WE-1122,21.22,-90.0,0.0
WE-1121,23.83,-90.0,0.0
WE-1124,13.26,-90.0,0.0
WE-1123,21.63,-90.0,0.0
WE-1126,20.71,-90.0,0.0
WE-1125,10.7,-90.0,0.0
WE-1112,21.55,-90.0,0.0
WE-1111,14.38,-90.0,0.0
WE-1114,23.18,-90.0,0.0
WE-1113,17.63,-90.0,0.0
WE-1116,23.31,-90.0,0.0
WE-1115,11.25,-90.0,0.0
WE-1118,22.03,-90.0,0.0
WE-1117,16.55,-90.0,0.0
WE-1072,22.9,-90.0,0.0
WE-1071,16.05,-90.0,0.0
WE-1074,19.55,-90.0,0.0
WE-1073,20.52,-90.0,0.0
WE-1076,16.47,-90.0,0.0
WE-1075,24.3,-90.0,0.0
WE-1078,22.75,-90.0,0.0
WE-1077,11.83,-90.0,0.0
WE-1064,15.93,-90.0,0.0
WE-1063,20.83,-90.0,0.0
WE-1066,20.92,-90.0,0.0
WE-1065,20.51,-90.0,0.0
WE-1068,16.01,-90.0,0.0
WE-1067,18.76,-90.0,0.0
WE-1070,23.41,-90.0,0.0
WE-1069,24.23,-90.0,0.0
WE-1088,15.06,-90.0,0.0
WE-1087,19.96,-90.0,0.0
WE-1090,18.29,-90.0,0.0
WE-1089,21.1,-90.0,0.0
WE-1092,12.49,-90.0,0.0
WE-1091,18.32,-90.0,0.0
WE-1094,20.23,-90.0,0.0
WE-1093,22.11,-90.0,0.0
WE-1080,20.15,-90.0,0.0
WE-1079,18.9,-90.0,0.0
WE-1082,15.25,-90.0,0.0
WE-1081,21.83,-90.0,0.0
WE-1084,20.09,-90.0,0.0
WE-1083,15.26,-90.0,0.0
WE-1086,18.58,-90.0,0.0
WE-1085,16.2,-90.0,0.0
WE-1040,12.68,-90.0,0.0
WE-1039,12.5,-90.0,0.0
WE-1042,20.11,-90.0,0.0
WE-1041,22.48,-90.0,0.0
WE-1044,13.95,-90.0,0.0
WE-1043,22.66,-90.0,0.0
WE-1046,24.04,-90.0,0.0
WE-1045,24.02,-90.0,0.0
WE-1032,23.95,-90.0,0.0
WE-1031,16.53,-90.0,0.0
WE-1034,16.95,-90.0,0.0
WE-1033,13.78,-90.0,0.0
WE-1036,18.81,-90.0,0.0
WE-1035,22.93,-90.0,0.0
WE-1038,23.05,-90.0,0.0
WE-1037,23.56,-90.0,0.0
WE-1056,19.58,-90.0,0.0
WE-1055,22.21,-90.0,0.0
WE-1058,14.98,-90.0,0.0
WE-1057,24.66,-90.0,0.0
WE-1060,10.86,-90.0,0.0
WE-1059,20.39,-90.0,0.0
WE-1062,21.88,-90.0,0.0
WE-1061,22.3,-90.0,0.0
WE-1048,9.98,-90.0,0.0
WE-1047,13.47,-90.0,0.0
WE-1050,19.18,-90.0,0.0
WE-1049,22.39,-90.0,0.0
WE-1052,19.71,-90.0,0.0
WE-1051,23.76,-90.0,0.0
WE-1054,24.97,-90.0,0.0
WE-1053,23.02,-90.0,0.0
WE-1008,17.02,-90.0,0.0
WE-1007,16.77,-90.0,0.0
WE-1010,19.73,-90.0,0.0
WE-1009,20.12,-90.0,0.0
WE-1012,10.24,-90.0,0.0
WE-1011,18.24,-90.0,0.0
WE-1014,23.07,-90.0,0.0
WE-1013,15.72,-90.0,0.0
WE-1000,17.44,-90.0,0.0
WE-0999,17.41,-90.0,0.0
WE-1002,20.24,-90.0,0.0
WE-1001,9.97,-90.0,0.0
WE-1004,18.95,-90.0,0.0
WE-1003,17.57,-90.0,0.0
WE-1006,23.09,-90.0,0.0
WE-1005,23.64,-90.0,0.0
WE-1024,19.09,-90.0,0.0
WE-1023,18.55,-90.0,0.0
WE-1026,23.66,-90.0,0.0
WE-1025,20.08,-90.0,0.0
WE-1028,13.42,-90.0,0.0
WE-1027,10.29,-90.0,0.0
WE-1030,20.76,-90.0,0.0
WE-1029,23.76,-90.0,0.0
WE-1016,20.84,-90.0,0.0
WE-1015,24.02,-90.0,0.0
WE-1018,17.91,-90.0,0.0
WE-1017,24.75,-90.0,0.0
WE-1020,18.63,-90.0,0.0
WE-1019,20.26,-90.0,0.0
WE-1022,21.08,-90.0,0.0
WE-1021,16.19,-90.0,0.0
WE-0976,15.43,-90.0,0.0
WE-0975,20.2,-90.0,0.0
WE-0978,9.95,-90.0,0.0
WE-0977,10.13,-90.0,0.0
WE-0980,15.64,-90.0,0.0
WE-0979,19.42,-90.0,0.0
WE-0982,23.68,-90.0,0.0
WE-0981,21.44,-90.0,0.0
WE-0968,23.17,-90.0,0.0
WE-0967,24.17,-90.0,0.0
WE-0970,19.04,-90.0,0.0
WE-0969,18.03,-90.0,0.0
WE-0972,16.56,-90.0,0.0
WE-0971,13.63,-90.0,0.0
WE-0974,24.02,-90.0,0.0
WE-0973,19.8,-90.0,0.0
WE-0992,24.58,-90.0,0.0
WE-0991,15.13,-90.0,0.0
WE-0994,15.8,-90.0,0.0
WE-0993,24.44,-90.0,0.0
WE-0996,19.62,-90.0,0.0
WE-0995,18.76,-90.0,0.0
WE-0998,23.24,-90.0,0.0
WE-0997,18.01,-90.0,0.0
WE-0984,16.04,-90.0,0.0
WE-0983,16.63,-90.0,0.0
WE-0986,12.15,-90.0,0.0
WE-0985,20.89,-90.0,0.0
WE-0988,16.7,-90.0,0.0
WE-0987,21.0,-90.0,0.0
WE-0990,18.73,-90.0,0.0
WE-0989,21.72,-90.0,0.0
WE-0944,22.22,-90.0,0.0
WE-0943,11.85,-90.0,0.0
WE-0946,23.81,-90.0,0.0
WE-0945,14.1,-90.0,0.0
WE-0948,19.58,-90.0,0.0
WE-0947,24.6,-90.0,0.0
WE-0950,18.75,-90.0,0.0
WE-0949,18.47,-90.0,0.0
WE-0936,17.03,-90.0,0.0
WE-0935,24.84,-90.0,0.0
WE-0938,16.98,-90.0,0.0
WE-0937,10.29,-90.0,0.0
WE-0940,10.81,-90.0,0.0
WE-0939,11.72,-90.0,0.0
WE-0942,20.1,-90.0,0.0
WE-0941,13.73,-90.0,0.0
WE-0960,21.42,-90.0,0.0
WE-0959,17.4,-90.0,0.0
WE-0962,23.44,-90.0,0.0
WE-0961,17.69,-90.0,0.0
WE-0964,22.19,-90.0,0.0
WE-0963,4.92,-90.0,0.0
WE-0966,14.31,-90.0,0.0
WE-0965,20.43,-90.0,0.0
WE-0952,17.41,-90.0,0.0
WE-0951,23.3,-90.0,0.0
WE-0954,20.03,-90.0,0.0
WE-0953,21.68,-90.0,0.0
WE-0956,24.69,-90.0,0.0
WE-0955,22.0,-90.0,0.0
WE-0958,18.03,-90.0,0.0
WE-0957,21.46,-90.0,0.0
WE-0912,20.89,-90.0,0.0
WE-0911,22.87,-90.0,0.0
WE-0914,23.48,-90.0,0.0
WE-0913,20.48,-90.0,0.0
WE-0916,24.0,-90.0,0.0
WE-0915,17.87,-90.0,0.0
WE-0918,15.38,-90.0,0.0
WE-0917,17.25,-90.0,0.0
WE-0904,22.86,-90.0,0.0
WE-0903,9.7,-90.0,0.0
WE-0906,13.04,-90.0,0.0
WE-0905,17.51,-90.0,0.0
WE-0908,18.92,-90.0,0.0
WE-0907,23.3,-90.0,0.0
WE-0910,23.88,-90.0,0.0
WE-0909,16.31,-90.0,0.0
WE-0928,21.76,-90.0,0.0
WE-0927,21.21,-90.0,0.0
WE-0930,16.72,-90.0,0.0
WE-0929,19.66,-90.0,0.0
WE-0932,16.95,-90.0,0.0
WE-0931,10.39,-90.0,0.0
WE-0934,10.69,-90.0,0.0
WE-0933,9.14,-90.0,0.0
WE-0920,21.05,-90.0,0.0
WE-0919,19.7,-90.0,0.0
WE-0922,17.45,-90.0,0.0
WE-0921,22.68,-90.0,0.0
WE-0924,19.73,-90.0,0.0
WE-0923,17.38,-90.0,0.0
WE-0926,24.24,-90.0,0.0
WE-0925,11.38,-90.0,0.0
WE-0880,7.99,-90.0,0.0
WE-0879,16.49,-90.0,0.0
WE-0882,15.22,-90.0,0.0
WE-0881,21.32,-90.0,0.0
WE-0884,20.0,-90.0,0.0
WE-0883,17.94,-90.0,0.0
WE-0886,15.45,-90.0,0.0
WE-0885,10.83,-90.0,0.0
WE-0872,12.71,-90.0,0.0
WE-0871,16.88,-90.0,0.0
WE-0874,17.13,-90.0,0.0
WE-0873,18.28,-90.0,0.0
WE-0876,15.43,-90.0,0.0
WE-0875,18.27,-90.0,0.0
WE-0878,13.91,-90.0,0.0
WE-0877,16.39,-90.0,0.0
WE-0896,21.58,-90.0,0.0
WE-0895,12.86,-90.0,0.0
WE-0898,13.92,-90.0,0.0
WE-0897,22.99,-90.0,0.0
WE-0900,24.35,-90.0,0.0
WE-0899,18.93,-90.0,0.0
WE-0902,24.24,-90.0,0.0
WE-0901,17.62,-90.0,0.0
WE-0888,21.36,-90.0,0.0
WE-0887,20.52,-90.0,0.0
WE-0890,23.03,-90.0,0.0
WE-0889,23.97,-90.0,0.0
WE-0892,24.95,-90.0,0.0
WE-0891,23.96,-90.0,0.0
WE-0894,10.94,-90.0,0.0
WE-0893,6.79,-90.0,0.0
WE-0848,8.51,-90.0,0.0
WE-0847,8.3,-90.0,0.0
WE-0850,10.47,-90.0,0.0
WE-0849,16.74,-90.0,0.0
WE-0852,21.4,-90.0,0.0
WE-0851,18.56,-90.0,0.0
WE-0854,11.06,-90.0,0.0
WE-0853,22.64,-90.0,0.0
WE-0840,18.0,-90.0,0.0
WE-0839,4.98,-90.0,0.0
WE-0842,13.06,-90.0,0.0
WE-0841,10.63,-90.0,0.0
WE-0844,8.96,-90.0,0.0
WE-0843,16.06,-90.0,0.0
WE-0846,11.82,-90.0,0.0
WE-0845,12.23,-90.0,0.0
WE-0864,7.82,-90.0,0.0
WE-0863,13.25,-90.0,0.0
WE-0866,13.04,-90.0,0.0
WE-0865,21.39,-90.0,0.0
WE-0868,15.59,-90.0,0.0
WE-0867,10.73,-90.0,0.0
WE-0870,16.99,-90.0,0.0
WE-0869,13.18,-90.0,0.0
WE-0856,12.32,-90.0,0.0
WE-0855,12.67,-90.0,0.0
WE-0858,19.35,-90.0,0.0
WE-0857,20.27,-90.0,0.0
WE-0860,16.96,-90.0,0.0
WE-0859,18.7,-90.0,0.0
WE-0862,19.95,-90.0,0.0
WE-0861,22.03,-90.0,0.0
WE-0816,11.4,-90.0,0.0
WE-0815,24.38,-90.0,0.0
WE-0818,16.16,-90.0,0.0
WE-0817,12.23,-90.0,0.0
WE-0820,17.89,-90.0,0.0
WE-0819,19.22,-90.0,0.0
WE-0822,24.73,-90.0,0.0
WE-0821,12.41,-90.0,0.0
WE-0808,11.73,-90.0,0.0
WE-0807,18.44,-90.0,0.0
WE-0810,19.51,-90.0,0.0
WE-0809,23.25,-90.0,0.0
WE-0812,10.04,-90.0,0.0
WE-0811,17.12,-90.0,0.0
WE-0814,11.89,-90.0,0.0
WE-0813,20.77,-90.0,0.0
WE-0832,15.1,-90.0,0.0
WE-0831,16.84,-90.0,0.0
WE-0834,10.49,-90.0,0.0
WE-0833,20.91,-90.0,0.0
WE-0836,16.92,-90.0,0.0
WE-0835,17.34,-90.0,0.0
WE-0838,19.38,-90.0,0.0
WE-0837,13.34,-90.0,0.0
WE-0824,18.57,-90.0,0.0
WE-0823,23.06,-90.0,0.0
WE-0826,24.64,-90.0,0.0
WE-0825,22.77,-90.0,0.0
WE-0828,17.31,-90.0,0.0
WE-0827,19.89,-90.0,0.0
WE-0830,17.87,-90.0,0.0
WE-0829,8.18,-90.0,0.0
WE-0784,12.85,-90.0,0.0
WE-0783,22.89,-90.0,0.0
WE-0786,15.05,-90.0,0.0
WE-0785,18.62,-90.0,0.0
WE-0788,17.02,-90.0,0.0
WE-0787,20.51,-90.0,0.0
WE-0790,15.99,-90.0,0.0
WE-0789,24.61,-90.0,0.0
WE-0776,10.59,-90.0,0.0
WE-0775,15.15,-90.0,0.0
WE-0778,21.59,-90.0,0.0
WE-0777,20.45,-90.0,0.0
WE-0780,15.67,-90.0,0.0
WE-0779,17.72,-90.0,0.0
WE-0782,23.74,-90.0,0.0
WE-0781,13.26,-90.0,0.0
WE-0800,22.04,-90.0,0.0
WE-0799,23.45,-90.0,0.0
WE-0802,22.37,-90.0,0.0
WE-0801,22.44,-90.0,0.0
WE-0804,22.91,-90.0,0.0
WE-0803,10.18,-90.0,0.0
WE-0806,8.72,-90.0,0.0
WE-0805,12.48,-90.0,0.0
WE-0792,11.14,-90.0,0.0
WE-0791,14.15,-90.0,0.0
WE-0794,17.55,-90.0,0.0
WE-0793,22.32,-90.0,0.0
WE-0796,15.37,-90.0,0.0
WE-0795,23.44,-90.0,0.0
WE-0798,11.08,-90.0,0.0
WE-0797,19.15,-90.0,0.0
WE-0240,15.12,-90.0,0.0
WE-0239,15.4,-90.0,0.0
WE-0242,19.39,-90.0,0.0
WE-0241,24.73,-90.0,0.0
WE-0244,24.34,-90.0,0.0
WE-0243,22.16,-90.0,0.0
WE-0246,12.69,-90.0,0.0
WE-0245,15.12,-90.0,0.0
WE-0232,24.2,-90.0,0.0
WE-0231,24.07,-90.0,0.0
WE-0234,19.91,-90.0,0.0
WE-0233,22.38,-90.0,0.0
WE-0236,24.54,-90.0,0.0
WE-0235,15.39,-90.0,0.0
WE-0238,21.46,-90.0,0.0
WE-0237,11.53,-90.0,0.0
WE-0256,11.01,-90.0,0.0
WE-0255,13.67,-90.0,0.0
WE-0258,5.18,-90.0,0.0
WE-0257,9.6,-90.0,0.0
WE-0260,13.69,-90.0,0.0
WE-0259,11.69,-90.0,0.0
WE-0262,15.87,-90.0,0.0
WE-0261,20.87,-90.0,0.0
WE-0248,20.87,-90.0,0.0
WE-0247,17.42,-90.0,0.0
WE-0250,13.0,-90.0,0.0
WE-0249,24.62,-90.0,0.0
WE-0252,20.25,-90.0,0.0
WE-0251,24.65,-90.0,0.0
WE-0254,24.28,-90.0,0.0
WE-0253,15.73,-90.0,0.0
WE-0208,18.93,-90.0,0.0
WE-0207,20.01,-90.0,0.0
WE-0210,17.69,-90.0,0.0
WE-0209,20.25,-90.0,0.0
WE-0212,17.95,-90.0,0.0
WE-0211,13.41,-90.0,0.0
WE-0214,24.09,-90.0,0.0
WE-0213,16.64,-90.0,0.0
WE-0200,22.45,-90.0,0.0
WE-0199,16.64,-90.0,0.0
WE-0202,9.59,-90.0,0.0
WE-0201,22.91,-90.0,0.0
WE-0204,17.52,-90.0,0.0
WE-0203,22.25,-90.0,0.0
WE-0206,8.01,-90.0,0.0
WE-0205,10.55,-90.0,0.0
WE-0224,24.72,-90.0,0.0
WE-0223,10.27,-90.0,0.0
WE-0226,23.36,-90.0,0.0
WE-0225,17.8,-90.0,0.0
WE-0228,18.05,-90.0,0.0
WE-0227,21.99,-90.0,0.0
WE-0230,24.32,-90.0,0.0
WE-0229,19.7,-90.0,0.0
WE-0216,23.16,-90.0,0.0
WE-0215,23.15,-90.0,0.0
WE-0218,16.11,-90.0,0.0
WE-0217,14.42,-90.0,0.0
WE-0220,18.86,-90.0,0.0
WE-0219,22.06,-90.0,0.0
WE-0222,23.81,-90.0,0.0
WE-0221,14.14,-90.0,0.0
WE-0176,19.88,-90.0,0.0
WE-0175,18.18,-90.0,0.0
WE-0178,22.17,-90.0,0.0
WE-0177,12.09,-90.0,0.0
WE-0180,9.02,-90.0,0.0
WE-0179,23.38,-90.0,0.0
WE-0182,15.82,-90.0,0.0
WE-0181,20.31,-90.0,0.0
WE-0168,17.58,-90.0,0.0
WE-0167,15.07,-90.0,0.0
WE-0170,19.8,-90.0,0.0
WE-0169,17.96,-90.0,0.0
WE-0172,23.25,-90.0,0.0
WE-0171,9.6,-90.0,0.0
WE-0174,16.48,-90.0,0.0
WE-0173,24.95,-90.0,0.0
WE-0192,21.02,-90.0,0.0
WE-0191,18.37,-90.0,0.0
WE-0194,21.23,-90.0,0.0
WE-0193,15.0,-90.0,0.0
WE-0196,10.34,-90.0,0.0
WE-0195,19.04,-90.0,0.0
WE-0198,17.35,-90.0,0.0
WE-0197,21.35,-90.0,0.0
WE-0184,12.08,-90.0,0.0
WE-0183,12.3,-90.0,0.0
WE-0186,18.85,-90.0,0.0
WE-0185,14.52,-90.0,0.0
WE-0188,17.71,-90.0,0.0
WE-0187,24.3,-90.0,0.0
WE-0190,24.11,-90.0,0.0
WE-0189,18.96,-90.0,0.0
WE-0144,18.9,-90.0,0.0
WE-0143,13.87,-90.0,0.0
WE-0146,17.31,-90.0,0.0
WE-0145,24.11,-90.0,0.0
WE-0148,19.58,-90.0,0.0
WE-0147,24.85,-90.0,0.0
WE-0150,21.51,-90.0,0.0
WE-0149,24.98,-90.0,0.0
WE-0136,16.63,-90.0,0.0
WE-0135,20.57,-90.0,0.0
WE-0138,21.96,-90.0,0.0
WE-0137,20.22,-90.0,0.0
WE-0140,21.93,-90.0,0.0
WE-0139,11.51,-90.0,0.0
WE-0142,8.83,-90.0,0.0
WE-0141,23.9,-90.0,0.0
WE-0160,24.22,-90.0,0.0
WE-0159,11.17,-90.0,0.0
WE-0162,22.73,-90.0,0.0
WE-0161,17.13,-90.0,0.0
WE-0164,17.91,-90.0,0.0
WE-0163,15.98,-90.0,0.0
WE-0166,22.42,-90.0,0.0
WE-0165,22.81,-90.0,0.0
WE-0152,21.92,-90.0,0.0
WE-0151,16.17,-90.0,0.0
WE-0154,21.77,-90.0,0.0
WE-0153,11.59,-90.0,0.0
WE-0156,20.31,-90.0,0.0
WE-0155,21.12,-90.0,0.0
WE-0158,21.0,-90.0,0.0
WE-0157,19.26,-90.0,0.0
WE-0112,16.13,-90.0,0.0
WE-0111,10.45,-90.0,0.0
WE-0114,5.73,-90.0,0.0
WE-0113,7.3,-90.0,0.0
WE-0116,9.78,-90.0,0.0
WE-0115,17.91,-90.0,0.0
WE-0118,20.8,-90.0,0.0
WE-0117,15.71,-90.0,0.0
WE-0104,14.04,-90.0,0.0
WE-0103,17.77,-90.0,0.0
WE-0106,14.89,-90.0,0.0
WE-0105,16.81,-90.0,0.0
WE-0108,14.46,-90.0,0.0
WE-0107,22.27,-90.0,0.0
WE-0110,22.94,-90.0,0.0
WE-0109,24.02,-90.0,0.0
WE-0128,20.39,-90.0,0.0
WE-0127,23.53,-90.0,0.0
WE-0130,24.55,-90.0,0.0
WE-0129,14.7,-90.0,0.0
WE-0132,22.54,-90.0,0.0
WE-0131,18.58,-90.0,0.0
WE-0134,9.7,-90.0,0.0
WE-0133,13.8,-90.0,0.0
WE-0120,15.48,-90.0,0.0
WE-0119,21.62,-90.0,0.0
WE-0122,17.62,-90.0,0.0
WE-0121,23.56,-90.0,0.0
WE-0124,21.08,-90.0,0.0
WE-0123,16.79,-90.0,0.0
WE-0126,17.14,-90.0,0.0
WE-0125,24.4,-90.0,0.0
WE-0080,19.4,-90.0,0.0
WE-0079,14.75,-90.0,0.0
WE-0082,17.85,-90.0,0.0
WE-0081,22.56,-90.0,0.0
WE-0084,16.99,-90.0,0.0
WE-0083,11.39,-90.0,0.0
WE-0086,20.96,-90.0,0.0
WE-0085,22.04,-90.0,0.0
WE-0072,23.67,-90.0,0.0
WE-0071,7.97,-90.0,0.0
WE-0074,24.28,-90.0,0.0
WE-0073,24.0,-90.0,0.0
WE-0076,20.64,-90.0,0.0
WE-0075,20.83,-90.0,0.0
WE-0078,17.97,-90.0,0.0
WE-0077,17.32,-90.0,0.0
WE-0096,15.2,-90.0,0.0
WE-0095,23.43,-90.0,0.0
WE-0098,15.38,-90.0,0.0
WE-0097,11.93,-90.0,0.0
WE-0100,20.99,-90.0,0.0
WE-0099,19.84,-90.0,0.0
WE-0102,23.38,-90.0,0.0
WE-0101,20.99,-90.0,0.0
WE-0088,22.78,-90.0,0.0
WE-0087,24.57,-90.0,0.0
WE-0090,12.71,-90.0,0.0
WE-0089,12.28,-90.0,0.0
WE-0092,13.38,-90.0,0.0
WE-0091,16.24,-90.0,0.0
WE-0094,20.06,-90.0,0.0
WE-0093,21.45,-90.0,0.0
WE-0048,14.19,-90.0,0.0
WE-0047,23.4,-90.0,0.0
WE-0050,24.19,-90.0,0.0
WE-0049,17.76,-90.0,0.0
WE-0052,13.87,-90.0,0.0
WE-0051,20.27,-90.0,0.0
WE-0054,23.34,-90.0,0.0
WE-0053,21.7,-90.0,0.0
WE-0040,22.15,-90.0,0.0
WE-0039,19.67,-90.0,0.0
WE-0042,19.35,-90.0,0.0
WE-0041,9.94,-90.0,0.0
WE-0044,13.78,-90.0,0.0
WE-0043,14.87,-90.0,0.0
WE-0046,9.84,-90.0,0.0
WE-0045,10.37,-90.0,0.0
WE-0064,18.64,-90.0,0.0
WE-0063,21.53,-90.0,0.0
WE-0066,16.33,-90.0,0.0
WE-0065,21.9,-90.0,0.0
WE-0068,14.37,-90.0,0.0
WE-0067,12.11,-90.0,0.0
WE-0070,16.21,-90.0,0.0
WE-0069,24.2,-90.0,0.0
WE-0056,23.44,-90.0,0.0
WE-0055,19.3,-90.0,0.0
WE-0058,19.74,-90.0,0.0
WE-0057,24.61,-90.0,0.0
WE-0060,17.53,-90.0,0.0
WE-0059,15.85,-90.0,0.0
WE-0062,13.88,-90.0,0.0
WE-0061,13.33,-90.0,0.0
WE-0016,8.87,-90.0,0.0
WE-0015,10.82,-90.0,0.0
WE-0018,13.47,-90.0,0.0
WE-0017,7.75,-90.0,0.0
WE-0020,11.88,-90.0,0.0
WE-0019,8.36,-90.0,0.0
WE-0022,12.99,-90.0,0.0
WE-0021,17.37,-90.0,0.0
WE-0008,15.49,-90.0,0.0
WE-0007,12.62,-90.0,0.0
WE-0010,8.63,-90.0,0.0
WE-0009,23.87,-90.0,0.0
WE-0012,23.14,-90.0,0.0
WE-0011,17.21,-90.0,0.0
WE-0014,22.1,-90.0,0.0
WE-0013,18.01,-90.0,0.0
WE-0032,24.02,-90.0,0.0
WE-0031,24.28,-90.0,0.0
WE-0034,17.99,-90.0,0.0
WE-0033,18.54,-90.0,0.0
WE-0036,20.94,-90.0,0.0
WE-0035,15.62,-90.0,0.0
WE-0038,19.79,-90.0,0.0
WE-0037,21.21,-90.0,0.0
WE-0024,22.45,-90.0,0.0
WE-0023,11.67,-90.0,0.0
WE-0026,9.0,-90.0,0.0
WE-0025,6.76,-90.0,0.0
WE-0028,8.08,-90.0,0.0
WE-0027,10.77,-90.0,0.0
WE-0030,7.45,-90.0,0.0
WE-0029,8.72,-90.0,0.0
WE-0002,13.91,-90.0,0.0
WE-0001,10.25,-90.0,0.0
WE-0004,11.95,-90.0,0.0
WE-0003,10.54,-90.0,0.0
WE-0006,11.86,-90.0,0.0
WE-0005,8.93,-90.0,0.0
CE-2671,23.94,-90.0,0.0
CE-2673,15.61,-90.0,0.0
CE-2672,23.02,-90.0,0.0
CE-2675,24.7,-90.0,0.0
CE-2674,22.31,-90.0,0.0
CE-2677,20.94,-90.0,0.0
CE-2676,15.4,-90.0,0.0
CE-2664,19.94,-90.0,0.0
CE-2663,19.52,-90.0,0.0
CE-2666,23.8,-90.0,0.0
CE-2665,22.73,-90.0,0.0
CE-2668,22.48,-90.0,0.0
CE-2667,15.65,-90.0,0.0
CE-2670,24.93,-90.0,0.0
CE-2669,10.45,-90.0,0.0
CE-2687,22.93,-90.0,0.0
CE-2686,20.64,-90.0,0.0
CE-2689,17.25,-90.0,0.0
CE-2688,15.02,-90.0,0.0
CE-2691,13.09,-90.0,0.0
CE-2690,9.55,-90.0,0.0
CE-2693,11.45,-90.0,0.0
CE-2692,8.82,-90.0,0.0
CE-2679,12.24,-90.0,0.0
CE-2678,10.54,-90.0,0.0
CE-2681,9.41,-90.0,0.0
CE-2680,9.86,-90.0,0.0
CE-2683,9.55,-90.0,0.0
CE-2682,12.05,-90.0,0.0
CE-2685,11.25,-90.0,0.0
CE-2684,7.58,-90.0,0.0
CE-2640,9.58,-90.0,0.0
CE-2639,11.91,-90.0,0.0
CE-2642,9.45,-90.0,0.0
CE-2641,11.38,-90.0,0.0
CE-2644,24.72,-90.0,0.0
CE-2643,11.85,-90.0,0.0
CE-2646,19.18,-90.0,0.0
CE-2645,24.17,-90.0,0.0
CE-2632,20.02,-90.0,0.0
CE-2631,21.17,-90.0,0.0
CE-2634,24.92,-90.0,0.0
CE-2633,17.26,-90.0,0.0
CE-2636,22.09,-90.0,0.0
CE-2635,20.31,-90.0,0.0
CE-2638,18.1,-90.0,0.0
CE-2637,21.85,-90.0,0.0
CE-2656,9.64,-90.0,0.0
CE-2655,24.62,-90.0,0.0
CE-2658,20.73,-90.0,0.0
CE-2657,21.79,-90.0,0.0
CE-2660,12.05,-90.0,0.0
CE-2659,17.68,-90.0,0.0
CE-2662,21.95,-90.0,0.0
CE-2661,15.75,-90.0,0.0
CE-2648,9.33,-90.0,0.0
CE-2647,22.51,-90.0,0.0
CE-2650,18.09,-90.0,0.0
CE-2649,21.41,-90.0,0.0
CE-2652,19.75,-90.0,0.0
CE-2651,23.57,-90.0,0.0
CE-2654,10.92,-90.0,0.0
CE-2653,5.74,-90.0,0.0
CE-2608,12.36,-90.0,0.0
CE-2607,13.91,-90.0,0.0
CE-2610,13.14,-90.0,0.0
CE-2609,12.17,-90.0,0.0
CE-2612,12.69,-90.0,0.0
CE-2611,11.3,-90.0,0.0
CE-2614,11.32,-90.0,0.0
CE-2613,6.98,-90.0,0.0
CE-2600,13.96,-90.0,0.0
CE-2599,8.58,-90.0,0.0
CE-2602,12.53,-90.0,0.0
CE-2601,6.4,-90.0,0.0
CE-2604,17.73,-90.0,0.0
CE-2603,12.62,-90.0,0.0
CE-2606,23.6,-90.0,0.0
CE-2605,9.22,-90.0,0.0
CE-2624,9.57,-90.0,0.0
CE-2623,21.38,-90.0,0.0
CE-2626,19.39,-90.0,0.0
CE-2625,21.52,-90.0,0.0
CE-2628,23.35,-90.0,0.0
CE-2627,24.76,-90.0,0.0
CE-2630,16.11,-90.0,0.0
CE-2629,16.1,-90.0,0.0
CE-2616,16.1,-90.0,0.0
CE-2615,12.77,-90.0,0.0
CE-2618,21.2,-90.0,0.0
CE-2617,24.45,-90.0,0.0
CE-2620,17.39,-90.0,0.0
CE-2619,19.15,-90.0,0.0
CE-2622,17.85,-90.0,0.0
CE-2621,20.2,-90.0,0.0
CE-2576,24.46,-90.0,0.0
CE-2575,19.33,-90.0,0.0
CE-2578,22.88,-90.0,0.0
CE-2577,20.63,-90.0,0.0
CE-2580,15.22,-90.0,0.0
CE-2579,13.09,-90.0,0.0
CE-2582,21.66,-90.0,0.0
CE-2581,17.29,-90.0,0.0
CE-2568,9.01,-90.0,0.0
CE-2567,8.35,-90.0,0.0
CE-2570,11.13,-90.0,0.0
CE-2569,7.14,-90.0,0.0
CE-2572,9.24,-90.0,0.0
CE-2571,9.94,-90.0,0.0
CE-2574,10.06,-90.0,0.0
CE-2573,11.52,-90.0,0.0
CE-2592,9.65,-90.0,0.0
CE-2591,12.26,-90.0,0.0
CE-2594,13.47,-90.0,0.0
CE-2593,9.18,-90.0,0.0
CE-2596,13.54,-90.0,0.0
CE-2595,9.66,-90.0,0.0
CE-2598,22.04,-90.0,0.0
CE-2597,17.48,-90.0,0.0
CE-2584,24.7,-90.0,0.0
CE-2583,23.22,-90.0,0.0
CE-2586,18.47,-90.0,0.0
CE-2585,24.79,-90.0,0.0
CE-2588,19.19,-90.0,0.0
CE-2587,21.68,-90.0,0.0
CE-2590,22.32,-90.0,0.0
CE-2589,11.95,-90.0,0.0
CE-2544,19.53,-90.0,0.0
CE-2543,24.12,-90.0,0.0
CE-2546,15.19,-90.0,0.0
CE-2545,18.97,-90.0,0.0
CE-2548,19.37,-90.0,0.0
CE-2547,17.59,-90.0,0.0
CE-2550,18.72,-90.0,0.0
CE-2549,17.65,-90.0,0.0
CE-2536,20.47,-90.0,0.0
CE-2535,16.07,-90.0,0.0
CE-2538,17.11,-90.0,0.0
CE-2537,21.59,-90.0,0.0
CE-2540,15.95,-90.0,0.0
CE-2539,19.95,-90.0,0.0
CE-2542,24.56,-90.0,0.0
CE-2541,14.19,-90.0,0.0
CE-2560,17.22,-90.0,0.0
CE-2559,21.65,-90.0,0.0
CE-2562,9.34,-90.0,0.0
CE-2561,13.71,-90.0,0.0
CE-2564,12.64,-90.0,0.0
CE-2563,11.43,-90.0,0.0
CE-2566,8.22,-90.0,0.0
CE-2565,10.66,-90.0,0.0
CE-2552,13.83,-90.0,0.0
CE-2551,10.23,-90.0,0.0
CE-2554,10.14,-90.0,0.0
CE-2553,12.39,-90.0,0.0
CE-2556,12.65,-90.0,0.0
CE-2555,12.73,-90.0,0.0
CE-2558,11.13,-90.0,0.0
CE-2557,13.37,-90.0,0.0
CE-2512,23.63,-90.0,0.0
CE-2511,18.52,-90.0,0.0
CE-2514,9.69,-90.0,0.0
CE-2513,23.74,-90.0,0.0
CE-2516,17.22,-90.0,0.0
CE-2515,17.13,-90.0,0.0
CE-2518,21.03,-90.0,0.0
CE-2517,18.05,-90.0,0.0
CE-2504,21.96,-90.0,0.0
CE-2503,20.56,-90.0,0.0
CE-2506,21.37,-90.0,0.0
CE-2505,24.29,-90.0,0.0
CE-2508,17.99,-90.0,0.0
CE-2507,20.1,-90.0,0.0
CE-2510,23.21,-90.0,0.0
CE-2509,10.56,-90.0,0.0
CE-2528,23.95,-90.0,0.0
CE-2527,20.31,-90.0,0.0
CE-2530,13.36,-90.0,0.0
CE-2529,23.83,-90.0,0.0
CE-2532,22.06,-90.0,0.0
CE-2531,23.99,-90.0,0.0
CE-2534,21.36,-90.0,0.0
CE-2533,16.2,-90.0,0.0
CE-2520,15.79,-90.0,0.0
CE-2519,14.53,-90.0,0.0
CE-2522,21.23,-90.0,0.0
CE-2521,14.76,-90.0,0.0
CE-2524,9.39,-90.0,0.0
CE-2523,17.07,-90.0,0.0
CE-2526,12.58,-90.0,0.0
CE-2525,11.14,-90.0,0.0
CE-2480,9.24,-90.0,0.0
CE-2479,10.37,-90.0,0.0
CE-2482,7.11,-90.0,0.0
CE-2481,12.76,-90.0,0.0
CE-2484,8.99,-90.0,0.0
CE-2483,10.67,-90.0,0.0
CE-2486,11.9,-90.0,0.0
CE-2485,10.48,-90.0,0.0
CE-2472,10.06,-90.0,0.0
CE-2471,9.91,-90.0,0.0
CE-2474,21.56,-90.0,0.0
CE-2473,21.43,-90.0,0.0
CE-2476,17.69,-90.0,0.0
CE-2475,18.56,-90.0,0.0
CE-2478,18.36,-90.0,0.0
CE-2477,9.33,-90.0,0.0
CE-2496,12.24,-90.0,0.0
CE-2495,17.83,-90.0,0.0
CE-2498,13.16,-90.0,0.0
CE-2497,16.7,-90.0,0.0
CE-2500,15.75,-90.0,0.0
CE-2499,19.42,-90.0,0.0
CE-2502,20.99,-90.0,0.0
CE-2501,15.93,-90.0,0.0
CE-2488,22.24,-90.0,0.0
CE-2487,17.27,-90.0,0.0
CE-2490,22.06,-90.0,0.0
CE-2489,12.34,-90.0,0.0
CE-2492,18.6,-90.0,0.0
CE-2491,12.0,-90.0,0.0
CE-2494,15.71,-90.0,0.0
CE-2493,22.08,-90.0,0.0
CE-2448,19.64,-90.0,0.0
CE-2447,12.27,-90.0,0.0
CE-2450,24.36,-90.0,0.0
CE-2449,17.57,-90.0,0.0
CE-2452,16.81,-90.0,0.0
CE-2451,24.35,-90.0,0.0
CE-2454,20.93,-90.0,0.0
CE-2453,23.83,-90.0,0.0
CE-2440,13.51,-90.0,0.0
CE-2439,7.6,-90.0,0.0
CE-2442,9.35,-90.0,0.0
CE-2441,12.36,-90.0,0.0
CE-2444,8.74,-90.0,0.0
CE-2443,5.42,-90.0,0.0
CE-2446,11.36,-90.0,0.0
CE-2445,11.69,-90.0,0.0
CE-2464,8.29,-90.0,0.0
CE-2463,12.88,-90.0,0.0
CE-2466,10.62,-90.0,0.0
CE-2465,19.34,-90.0,0.0
CE-2468,24.49,-90.0,0.0
CE-2467,23.85,-90.0,0.0
CE-2470,20.07,-90.0,0.0
CE-2469,21.58,-90.0,0.0
CE-2456,13.52,-90.0,0.0
CE-2455,22.31,-90.0,0.0
CE-2458,9.64,-90.0,0.0
CE-2457,15.4,-90.0,0.0
CE-2460,10.37,-90.0,0.0
CE-2459,15.4,-90.0,0.0
CE-2462,19.15,-90.0,0.0
CE-2461,20.06,-90.0,0.0
CE-2416,19.29,-90.0,0.0
CE-2415,15.72,-90.0,0.0
CE-2418,20.84,-90.0,0.0
CE-2417,23.03,-90.0,0.0
CE-2420,11.97,-90.0,0.0
CE-2419,16.04,-90.0,0.0
CE-2422,21.22,-90.0,0.0
CE-2421,18.93,-90.0,0.0
CE-2408,24.66,-90.0,0.0
CE-2407,24.07,-90.0,0.0
CE-2410,16.74,-90.0,0.0
CE-2409,16.75,-90.0,0.0
CE-2412,19.32,-90.0,0.0
CE-2411,18.35,-90.0,0.0
CE-2414,11.14,-90.0,0.0
CE-2413,19.62,-90.0,0.0
CE-2432,21.43,-90.0,0.0
CE-2431,17.74,-90.0,0.0
CE-2434,15.27,-90.0,0.0
CE-2433,21.7,-90.0,0.0
CE-2436,22.95,-90.0,0.0
CE-2435,15.23,-90.0,0.0
CE-2438,20.91,-90.0,0.0
CE-2437,20.46,-90.0,0.0
CE-2424,12.7,-90.0,0.0
CE-2423,10.21,-90.0,0.0
CE-2426,12.34,-90.0,0.0
CE-2425,8.11,-90.0,0.0
CE-2428,24.69,-90.0,0.0
CE-2427,23.65,-90.0,0.0
CE-2430,16.98,-90.0,0.0
CE-2429,20.32,-90.0,0.0
CE-2384,23.69,-90.0,0.0
CE-2383,16.48,-90.0,0.0
CE-2386,18.7,-90.0,0.0
CE-2385,18.86,-90.0,0.0
CE-2388,20.43,-90.0,0.0
CE-2387,9.09,-90.0,0.0
CE-2390,10.78,-90.0,0.0
CE-2389,17.34,-90.0,0.0
CE-2376,12.91,-90.0,0.0
CE-2375,21.43,-90.0,0.0
CE-2378,24.37,-90.0,0.0
CE-2377,24.21,-90.0,0.0
CE-2380,22.4,-90.0,0.0
CE-2379,24.38,-90.0,0.0
CE-2382,20.69,-90.0,0.0
CE-2381,20.27,-90.0,0.0
CE-2400,23.26,-90.0,0.0
CE-2399,21.83,-90.0,0.0
CE-2402,23.21,-90.0,0.0
CE-2401,14.01,-90.0,0.0
CE-2404,19.08,-90.0,0.0
CE-2403,16.59,-90.0,0.0
CE-2406,13.22,-90.0,0.0
CE-2405,15.85,-90.0,0.0
CE-2392,18.99,-90.0,0.0
CE-2391,16.48,-90.0,0.0
CE-2394,22.46,-90.0,0.0
CE-2393,24.69,-90.0,0.0
CE-2396,18.81,-90.0,0.0
CE-2395,15.71,-90.0,0.0
CE-2398,24.15,-90.0,0.0
CE-2397,19.93,-90.0,0.0
CE-2352,24.04,-90.0,0.0
CE-2351,15.39,-90.0,0.0
CE-2354,13.3,-90.0,0.0
CE-2353,16.57,-90.0,0.0
CE-2356,11.23,-90.0,0.0
CE-2355,20.82,-90.0,0.0
CE-2358,13.46,-90.0,0.0
CE-2357,24.59,-90.0,0.0
CE-2344,16.43,-90.0,0.0
CE-2343,10.0,-90.0,0.0
CE-2346,21.93,-90.0,0.0
CE-2345,13.65,-90.0,0.0
CE-2348,14.07,-90.0,0.0
CE-2347,16.4,-90.0,0.0
CE-2350,9.14,-90.0,0.0
CE-2349,10.72,-90.0,0.0
CE-2368,9.02,-90.0,0.0
CE-2367,18.84,-90.0,0.0
CE-2370,17.13,-90.0,0.0
CE-2369,23.72,-90.0,0.0
CE-2372,18.54,-90.0,0.0
CE-2371,20.4,-90.0,0.0
CE-2374,17.51,-90.0,0.0
CE-2373,22.99,-90.0,0.0
CE-2360,18.93,-90.0,0.0
CE-2359,22.31,-90.0,0.0
CE-2362,23.51,-90.0,0.0
CE-2361,23.39,-90.0,0.0
CE-2364,23.4,-90.0,0.0
CE-2363,20.52,-90.0,0.0
CE-2366,20.52,-90.0,0.0
CE-2365,11.63,-90.0,0.0
CE-2320,15.61,-90.0,0.0
CE-2319,9.74,-90.0,0.0
CE-2322,17.27,-90.0,0.0
CE-2321,13.69,-90.0,0.0
CE-2324,11.74,-90.0,0.0
CE-2323,13.62,-90.0,0.0
CE-2326,21.24,-90.0,0.0
CE-2325,20.32,-90.0,0.0
CE-2312,12.59,-90.0,0.0
CE-2311,10.07,-90.0,0.0
CE-2314,21.8,-90.0,0.0
CE-2313,15.12,-90.0,0.0
CE-2316,20.16,-90.0,0.0
CE-2315,15.16,-90.0,0.0
CE-2318,21.92,-90.0,0.0
CE-2317,20.93,-90.0,0.0
CE-2336,23.32,-90.0,0.0
CE-2335,14.08,-90.0,0.0
CE-2338,12.72,-90.0,0.0
CE-2337,22.86,-90.0,0.0
CE-2340,24.77,-90.0,0.0
CE-2339,20.0,-90.0,0.0
CE-2342,9.74,-90.0,0.0
CE-2341,6.16,-90.0,0.0
CE-2328,11.29,-90.0,0.0
CE-2327,13.91,-90.0,0.0
CE-2330,10.55,-90.0,0.0
CE-2329,16.24,-90.0,0.0
CE-2332,18.57,-90.0,0.0
CE-2331,19.3,-90.0,0.0
CE-2334,20.96,-90.0,0.0
CE-2333,18.09,-90.0,0.0
CE-2288,21.98,-90.0,0.0
CE-2287,16.88,-90.0,0.0
CE-2290,21.1,-90.0,0.0
CE-2289,11.54,-90.0,0.0
CE-2292,9.7,-90.0,0.0
CE-2291,20.41,-90.0,0.0
CE-2294,22.43,-90.0,0.0
CE-2293,18.97,-90.0,0.0
CE-2280,10.78,-90.0,0.0
CE-2279,19.58,-90.0,0.0
CE-2282,22.74,-90.0,0.0
CE-2281,14.71,-90.0,0.0
CE-2284,20.49,-90.0,0.0
CE-2283,13.75,-90.0,0.0
CE-2286,16.07,-90.0,0.0
CE-2285,16.76,-90.0,0.0
CE-2304,19.91,-90.0,0.0
CE-2303,23.84,-90.0,0.0
CE-2306,23.66,-90.0,0.0
CE-2305,22.03,-90.0,0.0
CE-2308,22.59,-90.0,0.0
CE-2307,9.03,-90.0,0.0
CE-2310,19.84,-90.0,0.0
CE-2309,22.55,-90.0,0.0
CE-2296,18.38,-90.0,0.0
CE-2295,24.6,-90.0,0.0
CE-2298,22.19,-90.0,0.0
CE-2297,19.74,-90.0,0.0
CE-2300,21.7,-90.0,0.0
CE-2299,23.08,-90.0,0.0
CE-2302,24.58,-90.0,0.0
CE-2301,13.23,-90.0,0.0
CE-2256,9.28,-90.0,0.0
CE-2255,8.85,-90.0,0.0
CE-2258,9.87,-90.0,0.0
CE-2257,10.37,-90.0,0.0
CE-2260,13.58,-90.0,0.0
CE-2259,20.38,-90.0,0.0
CE-2262,24.34,-90.0,0.0
CE-2261,18.9,-90.0,0.0
CE-2248,17.58,-90.0,0.0
CE-2247,19.71,-90.0,0.0
CE-2250,21.42,-90.0,0.0
CE-2249,10.27,-90.0,0.0
CE-2252,19.34,-90.0,0.0
CE-2251,15.37,-90.0,0.0
CE-2254,20.77,-90.0,0.0
CE-2253,9.68,-90.0,0.0
CE-2272,23.02,-90.0,0.0
CE-2271,19.24,-90.0,0.0
CE-2274,18.33,-90.0,0.0
CE-2273,18.29,-90.0,0.0
CE-2276,18.5,-90.0,0.0
CE-2275,13.46,-90.0,0.0
CE-2278,17.28,-90.0,0.0
CE-2277,11.94,-90.0,0.0
CE-2264,24.44,-90.0,0.0
CE-2263,23.7,-90.0,0.0
CE-2266,21.77,-90.0,0.0
CE-2265,15.76,-90.0,0.0
CE-2268,24.08,-90.0,0.0
CE-2267,20.64,-90.0,0.0
CE-2270,15.26,-90.0,0.0
CE-2269,12.14,-90.0,0.0
CE-2224,23.4,-90.0,0.0
CE-2223,22.01,-90.0,0.0
CE-2226,23.95,-90.0,0.0
CE-2225,23.1,-90.0,0.0
CE-2228,13.7,-90.0,0.0
CE-2227,19.39,-90.0,0.0
CE-2230,23.48,-90.0,0.0
CE-2229,19.93,-90.0,0.0
CE-2216,12.52,-90.0,0.0
CE-2215,7.33,-90.0,0.0
CE-2218,10.54,-90.0,0.0
CE-2217,11.06,-90.0,0.0
CE-2220,13.88,-90.0,0.0
CE-2219,8.18,-90.0,0.0
CE-2222,12.59,-90.0,0.0
CE-2221,17.27,-90.0,0.0
CE-2240,19.29,-90.0,0.0
CE-2239,20.13,-90.0,0.0
CE-2242,24.13,-90.0,0.0
CE-2241,15.61,-90.0,0.0
CE-2244,21.49,-90.0,0.0
CE-2243,21.53,-90.0,0.0
CE-2246,16.66,-90.0,0.0
CE-2245,19.33,-90.0,0.0
CE-2232,15.82,-90.0,0.0
CE-2231,11.13,-90.0,0.0
CE-2234,21.44,-90.0,0.0
CE-2233,12.76,-90.0,0.0
CE-2236,18.44,-90.0,0.0
CE-2235,20.16,-90.0,0.0
CE-2238,19.44,-90.0,0.0
CE-2237,10.23,-90.0,0.0
CE-2192,10.81,-90.0,0.0
CE-2191,12.84,-90.0,0.0
CE-2194,20.1,-90.0,0.0
CE-2193,21.39,-90.0,0.0
CE-2196,15.23,-90.0,0.0
CE-2195,18.07,-90.0,0.0
CE-2198,18.12,-90.0,0.0
CE-2197,18.68,-90.0,0.0
CE-2184,19.59,-90.0,0.0
CE-2183,17.92,-90.0,0.0
CE-2186,17.17,-90.0,0.0
CE-2185,9.32,-90.0,0.0
CE-2188,19.88,-90.0,0.0
CE-2187,13.01,-90.0,0.0
CE-2190,21.5,-90.0,0.0
CE-2189,23.09,-90.0,0.0
CE-2208,15.25,-90.0,0.0
CE-2207,22.77,-90.0,0.0
CE-2210,11.09,-90.0,0.0
CE-2209,11.52,-90.0,0.0
CE-2212,7.62,-90.0,0.0
CE-2211,10.31,-90.0,0.0
CE-2214,11.18,-90.0,0.0
CE-2213,13.02,-90.0,0.0
CE-2200,8.56,-90.0,0.0
CE-2199,21.32,-90.0,0.0
CE-2202,23.31,-90.0,0.0
CE-2201,24.19,-90.0,0.0
CE-2204,18.02,-90.0,0.0
CE-2203,18.9,-90.0,0.0
CE-2206,10.19,-90.0,0.0
CE-2205,19.11,-90.0,0.0
CE-3183,23.39,-90.0,0.0
CE-3182,18.77,-90.0,0.0
CE-3185,20.75,-90.0,0.0
CE-3184,20.01,-90.0,0.0
CE-3187,15.83,-90.0,0.0
CE-3186,23.47,-90.0,0.0
CE-3189,23.77,-90.0,0.0
CE-3188,14.92,-90.0,0.0
CE-3175,20.31,-90.0,0.0
CE-3174,18.3,-90.0,0.0
CE-3177,21.77,-90.0,0.0
CE-3176,23.47,-90.0,0.0
CE-3179,17.16,-90.0,0.0
CE-3178,23.0,-90.0,0.0
CE-3181,22.64,-90.0,0.0
CE-3180,20.4,-90.0,0.0
CE-3199,24.25,-90.0,0.0
CE-3198,15.75,-90.0,0.0
CE-3201,17.46,-90.0,0.0
CE-3200,9.35,-90.0,0.0
CE-3203,20.95,-90.0,0.0
CE-3202,24.86,-90.0,0.0
CE-3205,10.09,-90.0,0.0
CE-3204,24.81,-90.0,0.0
CE-3191,20.16,-90.0,0.0
CE-3190,23.5,-90.0,0.0
CE-3193,17.66,-90.0,0.0
CE-3192,15.86,-90.0,0.0
CE-3195,11.71,-90.0,0.0
CE-3194,9.24,-90.0,0.0
CE-3197,13.22,-90.0,0.0
CE-3196,13.55,-90.0,0.0
CE-3151,10.37,-90.0,0.0
CE-3150,5.76,-90.0,0.0
CE-3153,12.31,-90.0,0.0
CE-3152,24.82,-90.0,0.0
CE-3155,16.41,-90.0,0.0
CE-3154,22.04,-90.0,0.0
CE-3157,23.97,-90.0,0.0
CE-3156,23.55,-90.0,0.0
CE-3143,16.43,-90.0,0.0
CE-3142,23.93,-90.0,0.0
CE-3145,18.53,-90.0,0.0
CE-3144,18.76,-90.0,0.0
CE-3147,21.81,-90.0,0.0
CE-3146,18.75,-90.0,0.0
CE-3149,18.95,-90.0,0.0
CE-3148,15.68,-90.0,0.0
CE-3167,17.33,-90.0,0.0
CE-3166,20.9,-90.0,0.0
CE-3169,20.93,-90.0,0.0
CE-3168,15.99,-90.0,0.0
CE-3171,15.77,-90.0,0.0
CE-3170,22.39,-90.0,0.0
CE-3173,24.37,-90.0,0.0
CE-3172,24.6,-90.0,0.0
CE-3159,19.95,-90.0,0.0
CE-3158,17.53,-90.0,0.0
CE-3161,15.82,-90.0,0.0
CE-3160,16.22,-90.0,0.0
CE-3163,16.73,-90.0,0.0
CE-3162,24.89,-90.0,0.0
CE-3165,24.66,-90.0,0.0
CE-3164,22.75,-90.0,0.0
CE-3119,13.83,-90.0,0.0
CE-3118,18.99,-90.0,0.0
CE-3121,16.14,-90.0,0.0
CE-3120,23.63,-90.0,0.0
CE-3123,15.59,-90.0,0.0
CE-3122,23.42,-90.0,0.0
CE-3125,24.6,-90.0,0.0
CE-3124,8.5,-90.0,0.0
CE-3111,13.85,-90.0,0.0
CE-3110,7.92,-90.0,0.0
CE-3113,11.42,-90.0,0.0
CE-3112,13.76,-90.0,0.0
CE-3115,9.66,-90.0,0.0
CE-3114,14.96,-90.0,0.0
CE-3117,21.34,-90.0,0.0
CE-3116,20.96,-90.0,0.0
CE-3135,23.47,-90.0,0.0
CE-3134,17.65,-90.0,0.0
CE-3137,20.43,-90.0,0.0
CE-3136,16.25,-90.0,0.0
CE-3139,24.4,-90.0,0.0
CE-3138,11.15,-90.0,0.0
CE-3141,22.1,-90.0,0.0
CE-3140,12.63,-90.0,0.0
CE-3127,21.6,-90.0,0.0
CE-3126,10.6,-90.0,0.0
CE-3129,21.39,-90.0,0.0
CE-3128,21.35,-90.0,0.0
CE-3131,15.91,-90.0,0.0
CE-3130,10.23,-90.0,0.0
CE-3133,19.46,-90.0,0.0
CE-3132,23.98,-90.0,0.0
CE-3087,16.5,-90.0,0.0
CE-3086,16.66,-90.0,0.0
CE-3089,15.88,-90.0,0.0
CE-3088,16.78,-90.0,0.0
CE-3091,19.37,-90.0,0.0
CE-3090,18.11,-90.0,0.0
CE-3093,15.34,-90.0,0.0
CE-3092,16.69,-90.0,0.0
CE-3079,12.23,-90.0,0.0
CE-3078,14.03,-90.0,0.0
CE-3081,18.89,-90.0,0.0
CE-3080,15.69,-90.0,0.0
CE-3083,24.83,-90.0,0.0
CE-3082,21.4,-90.0,0.0
CE-3085,21.86,-90.0,0.0
CE-3084,15.97,-90.0,0.0
CE-3103,14.98,-90.0,0.0
CE-3102,10.52,-90.0,0.0
CE-3105,9.71,-90.0,0.0
CE-3104,10.38,-90.0,0.0
CE-3107,13.48,-90.0,0.0
CE-3106,13.33,-90.0,0.0
CE-3109,11.46,-90.0,0.0
CE-3108,18.29,-90.0,0.0
CE-3095,10.89,-90.0,0.0
CE-3094,19.22,-90.0,0.0
CE-3097,17.18,-90.0,0.0
CE-3096,19.38,-90.0,0.0
CE-3099,24.08,-90.0,0.0
CE-3098,23.32,-90.0,0.0
CE-3101,11.72,-90.0,0.0
CE-3100,23.36,-90.0,0.0
CE-3055,21.02,-90.0,0.0
CE-3054,24.69,-90.0,0.0
CE-3057,23.07,-90.0,0.0
CE-3056,17.13,-90.0,0.0
CE-3059,22.68,-90.0,0.0
CE-3058,21.47,-90.0,0.0
CE-3061,10.73,-90.0,0.0
CE-3060,21.66,-90.0,0.0
CE-3047,24.02,-90.0,0.0
CE-3046,21.35,-90.0,0.0
CE-3049,18.43,-90.0,0.0
CE-3048,19.4,-90.0,0.0
CE-3051,14.01,-90.0,0.0
CE-3050,20.57,-90.0,0.0
CE-3053,15.49,-90.0,0.0
CE-3052,16.43,-90.0,0.0
CE-3071,19.7,-90.0,0.0
CE-3070,17.05,-90.0,0.0
CE-3073,18.3,-90.0,0.0
CE-3072,13.94,-90.0,0.0
CE-3075,13.57,-90.0,0.0
CE-3074,22.03,-90.0,0.0
CE-3077,21.03,-90.0,0.0
CE-3076,24.22,-90.0,0.0
CE-3063,21.05,-90.0,0.0
CE-3062,12.37,-90.0,0.0
CE-3065,17.95,-90.0,0.0
CE-3064,24.9,-90.0,0.0
CE-3067,11.1,-90.0,0.0
CE-3066,11.19,-90.0,0.0
CE-3069,9.23,-90.0,0.0
CE-3068,10.04,-90.0,0.0
CE-3023,10.78,-90.0,0.0
CE-3022,23.95,-90.0,0.0
CE-3025,12.97,-90.0,0.0
CE-3024,22.51,-90.0,0.0
CE-3027,23.86,-90.0,0.0
CE-3026,22.7,-90.0,0.0
CE-3029,23.74,-90.0,0.0
CE-3028,19.52,-90.0,0.0
CE-3015,21.01,-90.0,0.0
CE-3014,14.6,-90.0,0.0
CE-3017,12.86,-90.0,0.0
CE-3016,10.26,-90.0,0.0
CE-3019,18.51,-90.0,0.0
CE-3018,17.51,-90.0,0.0
CE-3021,24.99,-90.0,0.0
CE-3020,17.84,-90.0,0.0
CE-3039,15.96,-90.0,0.0
CE-3038,15.42,-90.0,0.0
CE-3041,16.93,-90.0,0.0
CE-3040,21.79,-90.0,0.0
CE-3043,15.8,-90.0,0.0
CE-3042,20.67,-90.0,0.0
CE-3045,15.22,-90.0,0.0
CE-3044,20.01,-90.0,0.0
CE-3031,16.13,-90.0,0.0
CE-3030,21.45,-90.0,0.0
CE-3033,20.35,-90.0,0.0
CE-3032,16.05,-90.0,0.0
CE-3035,20.5,-90.0,0.0
CE-3034,20.82,-90.0,0.0
CE-3037,24.16,-90.0,0.0
CE-3036,24.71,-90.0,0.0
CE-2991,10.26,-90.0,0.0
CE-2990,16.83,-90.0,0.0
CE-2993,17.24,-90.0,0.0
CE-2992,9.19,-90.0,0.0
CE-2995,18.3,-90.0,0.0
CE-2994,18.33,-90.0,0.0
CE-2997,9.01,-90.0,0.0
CE-2996,10.57,-90.0,0.0
CE-2983,13.54,-90.0,0.0
CE-2982,8.51,-90.0,0.0
CE-2985,9.72,-90.0,0.0
CE-2984,16.35,-90.0,0.0
CE-2987,20.32,-90.0,0.0
CE-2986,18.46,-90.0,0.0
CE-2989,24.78,-90.0,0.0
CE-2988,21.44,-90.0,0.0
CE-3007,17.79,-90.0,0.0
CE-3006,11.69,-90.0,0.0
CE-3009,16.2,-90.0,0.0
CE-3008,21.54,-90.0,0.0
CE-3011,24.14,-90.0,0.0
CE-3010,18.69,-90.0,0.0
CE-3013,16.94,-90.0,0.0
CE-3012,22.61,-90.0,0.0
CE-2999,16.82,-90.0,0.0
CE-2998,18.33,-90.0,0.0
CE-3001,9.36,-90.0,0.0
CE-3000,19.14,-90.0,0.0
CE-3003,9.46,-90.0,0.0
CE-3002,16.63,-90.0,0.0
CE-3005,20.59,-90.0,0.0
CE-3004,16.97,-90.0,0.0
CE-2959,23.57,-90.0,0.0
CE-2958,20.78,-90.0,0.0
CE-2961,21.45,-90.0,0.0
CE-2960,15.92,-90.0,0.0
CE-2963,17.97,-90.0,0.0
CE-2962,22.08,-90.0,0.0
CE-2965,15.16,-90.0,0.0
CE-2964,18.01,-90.0,0.0
CE-2951,17.65,-90.0,0.0
CE-2950,20.42,-90.0,0.0
CE-2953,24.95,-90.0,0.0
CE-2952,22.77,-90.0,0.0
CE-2955,17.81,-90.0,0.0
CE-2954,16.47,-90.0,0.0
CE-2957,18.06,-90.0,0.0
CE-2956,20.16,-90.0,0.0
CE-2975,17.33,-90.0,0.0
CE-2974,12.03,-90.0,0.0
CE-2977,13.68,-90.0,0.0
CE-2976,12.48,-90.0,0.0
CE-2979,8.3,-90.0,0.0
CE-2978,20.31,-90.0,0.0
CE-2981,23.05,-90.0,0.0
CE-2980,18.71,-90.0,0.0
CE-2967,19.17,-90.0,0.0
CE-2966,17.36,-90.0,0.0
CE-2969,21.98,-90.0,0.0
CE-2968,11.79,-90.0,0.0
CE-2971,17.77,-90.0,0.0
CE-2970,21.08,-90.0,0.0
CE-2973,11.05,-90.0,0.0
CE-2972,24.01,-90.0,0.0
CE-2927,17.4,-90.0,0.0
CE-2926,22.3,-90.0,0.0
CE-2929,10.41,-90.0,0.0
CE-2928,15.65,-90.0,0.0
CE-2931,22.86,-90.0,0.0
CE-2930,9.46,-90.0,0.0
CE-2933,17.72,-90.0,0.0
CE-2932,21.67,-90.0,0.0
CE-2919,14.12,-90.0,0.0
CE-2918,18.69,-90.0,0.0
CE-2921,14.74,-90.0,0.0
CE-2920,23.41,-90.0,0.0
CE-2923,22.65,-90.0,0.0
CE-2922,23.18,-90.0,0.0
CE-2925,15.61,-90.0,0.0
CE-2924,16.45,-90.0,0.0
CE-2943,10.65,-90.0,0.0
CE-2942,20.48,-90.0,0.0
CE-2945,15.86,-90.0,0.0
CE-2944,21.05,-90.0,0.0
CE-2947,16.14,-90.0,0.0
CE-2946,17.49,-90.0,0.0
CE-2949,15.33,-90.0,0.0
CE-2948,20.5,-90.0,0.0
CE-2935,15.78,-90.0,0.0
CE-2934,15.73,-90.0,0.0
CE-2937,22.12,-90.0,0.0
CE-2936,22.97,-90.0,0.0
CE-2939,13.62,-90.0,0.0
CE-2938,10.37,-90.0,0.0
CE-2941,10.87,-90.0,0.0
CE-2940,22.5,-90.0,0.0
CE-2895,15.13,-90.0,0.0
CE-2894,15.77,-90.0,0.0
CE-2897,21.02,-90.0,0.0
CE-2896,9.42,-90.0,0.0
CE-2899,16.03,-90.0,0.0
CE-2898,20.78,-90.0,0.0
CE-2901,22.72,-90.0,0.0
CE-2900,24.37,-90.0,0.0
CE-2887,19.4,-90.0,0.0
CE-2886,14.49,-90.0,0.0
CE-2889,24.69,-90.0,0.0
CE-2888,22.33,-90.0,0.0
CE-2891,22.59,-90.0,0.0
CE-2890,23.09,-90.0,0.0
CE-2893,12.41,-90.0,0.0
CE-2892,23.34,-90.0,0.0
CE-2911,17.79,-90.0,0.0
CE-2910,22.16,-90.0,0.0
CE-2913,17.98,-90.0,0.0
CE-2912,24.92,-90.0,0.0
CE-2915,20.68,-90.0,0.0
CE-2914,17.36,-90.0,0.0
CE-2917,18.77,-90.0,0.0
CE-2916,20.78,-90.0,0.0
CE-2903,16.59,-90.0,0.0
CE-2902,16.8,-90.0,0.0
CE-2905,12.58,-90.0,0.0
CE-2904,18.67,-90.0,0.0
CE-2907,16.26,-90.0,0.0
CE-2906,19.42,-90.0,0.0
CE-2909,11.55,-90.0,0.0
CE-2908,14.11,-90.0,0.0
CE-2863,18.5,-90.0,0.0
CE-2862,19.12,-90.0,0.0
CE-2865,21.57,-90.0,0.0
CE-2864,13.5,-90.0,0.0
CE-2867,16.16,-90.0,0.0
CE-2866,21.08,-90.0,0.0
CE-2869,10.88,-90.0,0.0
CE-2868,12.15,-90.0,0.0
CE-2855,11.88,-90.0,0.0
CE-2854,24.09,-90.0,0.0
CE-2857,22.85,-90.0,0.0
CE-2856,21.53,-90.0,0.0
CE-2859,17.34,-90.0,0.0
CE-2858,23.85,-90.0,0.0
CE-2861,22.94,-90.0,0.0
CE-2860,16.6,-90.0,0.0
CE-2879,24.8,-90.0,0.0
CE-2878,20.62,-90.0,0.0
CE-2881,16.06,-90.0,0.0
CE-2880,24.17,-90.0,0.0
CE-2883,15.61,-90.0,0.0
CE-2882,15.22,-90.0,0.0
CE-2885,13.53,-90.0,0.0
CE-2884,18.38,-90.0,0.0
CE-2871,24.19,-90.0,0.0
CE-2870,24.82,-90.0,0.0
CE-2873,21.11,-90.0,0.0
CE-2872,18.22,-90.0,0.0
CE-2875,23.49,-90.0,0.0
CE-2874,18.4,-90.0,0.0
CE-2877,18.55,-90.0,0.0
CE-2876,23.93,-90.0,0.0
CE-2831,22.9,-90.0,0.0
CE-2830,15.01,-90.0,0.0
CE-2833,15.64,-90.0,0.0
CE-2832,23.81,-90.0,0.0
CE-2835,15.69,-90.0,0.0
CE-2834,13.81,-90.0,0.0
CE-2837,22.88,-90.0,0.0
CE-2836,13.72,-90.0,0.0
CE-2823,10.1,-90.0,0.0
CE-2822,21.5,-90.0,0.0
CE-2825,15.58,-90.0,0.0
CE-2824,20.64,-90.0,0.0
CE-2827,24.56,-90.0,0.0
CE-2826,22.21,-90.0,0.0
CE-2829,13.25,-90.0,0.0
CE-2828,12.96,-90.0,0.0
CE-2847,13.74,-90.0,0.0
CE-2846,9.99,-90.0,0.0
CE-2849,9.83,-90.0,0.0
CE-2848,17.88,-90.0,0.0
CE-2851,9.7,-90.0,0.0
CE-2850,17.69,-90.0,0.0
CE-2853,21.31,-90.0,0.0
CE-2852,22.76,-90.0,0.0
CE-2839,18.25,-90.0,0.0
CE-2838,15.08,-90.0,0.0
CE-2841,19.81,-90.0,0.0
CE-2840,16.6,-90.0,0.0
CE-2843,21.95,-90.0,0.0
CE-2842,19.92,-90.0,0.0
CE-2845,15.97,-90.0,0.0
CE-2844,17.58,-90.0,0.0
CE-2799,23.91,-90.0,0.0
CE-2798,17.2,-90.0,0.0
CE-2801,18.42,-90.0,0.0
CE-2800,21.82,-90.0,0.0
CE-2803,16.3,-90.0,0.0
CE-2802,17.26,-90.0,0.0
CE-2805,23.56,-90.0,0.0
CE-2804,23.23,-90.0,0.0
CE-2791,22.99,-90.0,0.0
CE-2790,16.32,-90.0,0.0
CE-2793,22.82,-90.0,0.0
CE-2792,22.63,-90.0,0.0
CE-2795,22.59,-90.0,0.0
CE-2794,21.9,-90.0,0.0
CE-2797,16.74,-90.0,0.0
CE-2796,21.14,-90.0,0.0
CE-2815,23.82,-90.0,0.0
CE-2814,20.06,-90.0,0.0
CE-2817,20.82,-90.0,0.0
CE-2816,16.97,-90.0,0.0
CE-2819,24.84,-90.0,0.0
CE-2818,24.67,-90.0,0.0
CE-2821,13.5,-90.0,0.0
CE-2820,13.68,-90.0,0.0
CE-2807,12.06,-90.0,0.0
CE-2806,12.97,-90.0,0.0
CE-2809,10.25,-90.0,0.0
CE-2808,7.45,-90.0,0.0
CE-2811,13.61,-90.0,0.0
CE-2810,24.13,-90.0,0.0
CE-2813,10.57,-90.0,0.0
CE-2812,13.81,-90.0,0.0
CE-2767,19.44,-90.0,0.0
CE-2766,22.2,-90.0,0.0
CE-2769,15.05,-90.0,0.0
CE-2768,21.08,-90.0,0.0
CE-2771,18.38,-90.0,0.0
CE-2770,17.05,-90.0,0.0
CE-2773,9.16,-90.0,0.0
CE-2772,14.62,-90.0,0.0
CE-2759,17.21,-90.0,0.0
CE-2758,18.27,-90.0,0.0
CE-2761,14.58,-90.0,0.0
CE-2760,23.78,-90.0,0.0
CE-2763,18.96,-90.0,0.0
CE-2762,21.99,-90.0,0.0
CE-2765,22.34,-90.0,0.0
CE-2764,20.18,-90.0,0.0
CE-2783,20.32,-90.0,0.0
CE-2782,17.42,-90.0,0.0
CE-2785,20.37,-90.0,0.0
CE-2784,23.99,-90.0,0.0
CE-2787,19.29,-90.0,0.0
CE-2786,15.28,-90.0,0.0
CE-2789,15.37,-90.0,0.0
CE-2788,14.77,-90.0,0.0
CE-2775,16.97,-90.0,0.0
CE-2774,23.06,-90.0,0.0
CE-2777,19.15,-90.0,0.0
CE-2776,19.94,-90.0,0.0
CE-2779,19.04,-90.0,0.0
CE-2778,17.88,-90.0,0.0
CE-2781,13.79,-90.0,0.0
CE-2780,11.52,-90.0,0.0
CE-2735,12.83,-90.0,0.0
CE-2734,8.07,-90.0,0.0
CE-2737,10.68,-90.0,0.0
CE-2736,11.65,-90.0,0.0
CE-2739,11.54,-90.0,0.0
CE-2738,8.12,-90.0,0.0
CE-2741,11.84,-90.0,0.0
CE-2740,16.31,-90.0,0.0
CE-2727,15.35,-90.0,0.0
CE-2726,16.39,-90.0,0.0
CE-2729,21.86,-90.0,0.0
CE-2728,11.98,-90.0,0.0
CE-2731,21.64,-90.0,0.0
CE-2730,22.98,-90.0,0.0
CE-2733,18.6,-90.0,0.0
CE-2732,17.21,-90.0,0.0
CE-2751,12.84,-90.0,0.0
CE-2750,23.42,-90.0,0.0
CE-2753,16.89,-90.0,0.0
CE-2752,24.66,-90.0,0.0
CE-2755,16.08,-90.0,0.0
CE-2754,23.4,-90.0,0.0
CE-2757,16.7,-90.0,0.0
CE-2756,19.75,-90.0,0.0
CE-2743,24.27,-90.0,0.0
CE-2742,22.08,-90.0,0.0
CE-2745,19.18,-90.0,0.0
CE-2744,12.08,-90.0,0.0
CE-2747,15.06,-90.0,0.0
CE-2746,17.8,-90.0,0.0
CE-2749,17.47,-90.0,0.0
CE-2748,20.79,-90.0,0.0
CE-2703,19.71,-90.0,0.0
CE-2702,12.02,-90.0,0.0
CE-2705,18.49,-90.0,0.0
CE-2704,13.26,-90.0,0.0
CE-2707,24.04,-90.0,0.0
CE-2706,21.0,-90.0,0.0
CE-2709,17.47,-90.0,0.0
CE-2708,20.02,-90.0,0.0
CE-2695,24.21,-90.0,0.0
CE-2694,10.98,-90.0,0.0
CE-2697,9.9,-90.0,0.0
CE-2696,10.13,-90.0,0.0
CE-2699,10.74,-90.0,0.0
CE-2698,13.02,-90.0,0.0
CE-2701,10.87,-90.0,0.0
CE-2700,13.49,-90.0,0.0
CE-2719,20.36,-90.0,0.0
CE-2718,14.21,-90.0,0.0
CE-2721,22.18,-90.0,0.0
CE-2720,20.43,-90.0,0.0
CE-2723,17.21,-90.0,0.0
CE-2722,22.42,-90.0,0.0
CE-2725,17.42,-90.0,0.0
CE-2724,21.62,-90.0,0.0
CE-2711,18.07,-90.0,0.0
CE-2710,22.97,-90.0,0.0
CE-2713,24.55,-90.0,0.0
CE-2712,24.89,-90.0,0.0
CE-2715,18.84,-90.0,0.0
CE-2714,21.13,-90.0,0.0
CE-2717,23.32,-90.0,0.0
CE-2716,17.92,-90.0,0.0
CE-1648,24.33,-90.0,0.0
CE-1647,15.61,-90.0,0.0
CE-1650,21.86,-90.0,0.0
CE-1649,12.39,-90.0,0.0
CE-1652,22.66,-90.0,0.0
CE-1651,14.53,-90.0,0.0
CE-1654,21.7,-90.0,0.0
CE-1653,24.01,-90.0,0.0
CE-1640,16.57,-90.0,0.0
CE-1639,15.51,-90.0,0.0
CE-1642,23.5,-90.0,0.0
CE-1641,24.93,-90.0,0.0
CE-1644,17.92,-90.0,0.0
CE-1643,22.22,-90.0,0.0
CE-1646,18.2,-90.0,0.0
CE-1645,20.06,-90.0,0.0
CE-1664,10.53,-90.0,0.0
CE-1663,20.78,-90.0,0.0
CE-1666,22.39,-90.0,0.0
CE-1665,17.28,-90.0,0.0
CE-1668,8.7,-90.0,0.0
CE-1667,20.99,-90.0,0.0
CE-1670,13.92,-90.0,0.0
CE-1669,23.57,-90.0,0.0
CE-1656,11.55,-90.0,0.0
CE-1655,9.17,-90.0,0.0
CE-1658,18.21,-90.0,0.0
CE-1657,15.69,-90.0,0.0
CE-1660,20.85,-90.0,0.0
CE-1659,20.96,-90.0,0.0
CE-1662,20.74,-90.0,0.0
CE-1661,10.91,-90.0,0.0
CE-1616,21.11,-90.0,0.0
CE-1615,21.8,-90.0,0.0
CE-1618,19.46,-90.0,0.0
CE-1617,23.9,-90.0,0.0
CE-1620,19.58,-90.0,0.0
CE-1619,23.25,-90.0,0.0
CE-1622,24.46,-90.0,0.0
CE-1621,23.44,-90.0,0.0
CE-1608,19.17,-90.0,0.0
CE-1607,24.93,-90.0,0.0
CE-1610,22.99,-90.0,0.0
CE-1609,20.75,-90.0,0.0
CE-1612,12.36,-90.0,0.0
CE-1611,23.55,-90.0,0.0
CE-1614,22.41,-90.0,0.0
CE-1613,19.64,-90.0,0.0
CE-1632,23.44,-90.0,0.0
CE-1631,21.23,-90.0,0.0
CE-1634,16.43,-90.0,0.0
CE-1633,12.13,-90.0,0.0
CE-1636,23.03,-90.0,0.0
CE-1635,10.46,-90.0,0.0
CE-1638,13.81,-90.0,0.0
CE-1637,19.85,-90.0,0.0
CE-1624,18.15,-90.0,0.0
CE-1623,24.16,-90.0,0.0
CE-1626,22.05,-90.0,0.0
CE-1625,21.52,-90.0,0.0
CE-1628,14.29,-90.0,0.0
CE-1627,16.42,-90.0,0.0
CE-1630,23.42,-90.0,0.0
CE-1629,22.58,-90.0,0.0
CE-1584,9.99,-90.0,0.0
CE-1583,24.53,-90.0,0.0
CE-1586,20.78,-90.0,0.0
CE-1585,20.16,-90.0,0.0
CE-1588,19.69,-90.0,0.0
CE-1587,24.8,-90.0,0.0
CE-1590,20.95,-90.0,0.0
CE-1589,9.34,-90.0,0.0
CE-1576,18.7,-90.0,0.0
CE-1575,23.88,-90.0,0.0
CE-1578,16.3,-90.0,0.0
CE-1577,20.86,-90.0,0.0
CE-1580,19.62,-90.0,0.0
CE-1579,23.87,-90.0,0.0
CE-1582,18.65,-90.0,0.0
CE-1581,21.66,-90.0,0.0
CE-1600,16.35,-90.0,0.0
CE-1599,23.85,-90.0,0.0
CE-1602,13.12,-90.0,0.0
CE-1601,16.96,-90.0,0.0
CE-1604,24.39,-90.0,0.0
CE-1603,15.54,-90.0,0.0
CE-1606,18.66,-90.0,0.0
CE-1605,19.06,-90.0,0.0
CE-1592,16.21,-90.0,0.0
CE-1591,22.77,-90.0,0.0
CE-1594,19.21,-90.0,0.0
CE-1593,21.9,-90.0,0.0
CE-1596,20.82,-90.0,0.0
CE-1595,9.86,-90.0,0.0
CE-1598,23.42,-90.0,0.0
CE-1597,20.68,-90.0,0.0
CE-1552,14.52,-90.0,0.0
CE-1551,18.9,-90.0,0.0
CE-1554,23.9,-90.0,0.0
CE-1553,18.21,-90.0,0.0
CE-1556,21.38,-90.0,0.0
CE-1555,24.24,-90.0,0.0
CE-1558,18.13,-90.0,0.0
CE-1557,15.94,-90.0,0.0
CE-1544,21.81,-90.0,0.0
CE-1543,14.39,-90.0,0.0
CE-1546,23.13,-90.0,0.0
CE-1545,23.99,-90.0,0.0
CE-1548,18.16,-90.0,0.0
CE-1547,20.62,-90.0,0.0
CE-1550,17.92,-90.0,0.0
CE-1549,23.96,-90.0,0.0
CE-1568,20.83,-90.0,0.0
CE-1567,21.85,-90.0,0.0
CE-1570,9.07,-90.0,0.0
CE-1569,12.19,-90.0,0.0
CE-1572,22.48,-90.0,0.0
CE-1571,19.28,-90.0,0.0
CE-1574,10.84,-90.0,0.0
CE-1573,19.51,-90.0,0.0
CE-1560,15.58,-90.0,0.0
CE-1559,24.87,-90.0,0.0
CE-1562,20.17,-90.0,0.0
CE-1561,9.77,-90.0,0.0
CE-1564,13.9,-90.0,0.0
CE-1563,12.18,-90.0,0.0
CE-1566,10.05,-90.0,0.0
CE-1565,12.74,-90.0,0.0
CE-1520,9.83,-90.0,0.0
CE-1519,8.37,-90.0,0.0
CE-1522,11.8,-90.0,0.0
CE-1521,12.7,-90.0,0.0
CE-1524,8.89,-90.0,0.0
CE-1523,21.28,-90.0,0.0
CE-1526,16.26,-90.0,0.0
CE-1525,18.15,-90.0,0.0
CE-1512,18.25,-90.0,0.0
CE-1511,20.39,-90.0,0.0
CE-1514,16.68,-90.0,0.0
CE-1513,15.99,-90.0,0.0
CE-1516,12.28,-90.0,0.0
CE-1515,17.83,-90.0,0.0
CE-1518,23.43,-90.0,0.0
CE-1517,12.4,-90.0,0.0
CE-1536,19.05,-90.0,0.0
CE-1535,12.86,-90.0,0.0
CE-1538,16.42,-90.0,0.0
CE-1537,22.22,-90.0,0.0
CE-1540,10.75,-90.0,0.0
CE-1539,15.0,-90.0,0.0
CE-1542,16.95,-90.0,0.0
CE-1541,23.69,-90.0,0.0
CE-1528,21.5,-90.0,0.0
CE-1527,21.03,-90.0,0.0
CE-1530,23.97,-90.0,0.0
CE-1529,16.16,-90.0,0.0
CE-1532,20.89,-90.0,0.0
CE-1531,15.28,-90.0,0.0
CE-1534,22.06,-90.0,0.0
CE-1533,23.77,-90.0,0.0
CE-1488,15.98,-90.0,0.0
CE-1487,12.54,-90.0,0.0
CE-1490,10.34,-90.0,0.0
CE-1489,23.1,-90.0,0.0
CE-1492,19.26,-90.0,0.0
CE-1491,15.89,-90.0,0.0
CE-1494,16.16,-90.0,0.0
CE-1493,16.02,-90.0,0.0
CE-1480,21.21,-90.0,0.0
CE-1479,16.83,-90.0,0.0
CE-1482,16.34,-90.0,0.0
CE-1481,18.33,-90.0,0.0
CE-1484,20.04,-90.0,0.0
CE-1483,19.86,-90.0,0.0
CE-1486,15.16,-90.0,0.0
CE-1485,18.92,-90.0,0.0
CE-1504,19.38,-90.0,0.0
CE-1503,24.84,-90.0,0.0
CE-1506,17.04,-90.0,0.0
CE-1505,11.64,-90.0,0.0
CE-1508,22.18,-90.0,0.0
CE-1507,22.07,-90.0,0.0
CE-1510,22.6,-90.0,0.0
CE-1509,18.18,-90.0,0.0
CE-1496,20.66,-90.0,0.0
CE-1495,18.94,-90.0,0.0
CE-1498,21.52,-90.0,0.0
CE-1497,21.15,-90.0,0.0
CE-1500,17.65,-90.0,0.0
CE-1499,18.76,-90.0,0.0
CE-1502,5.3,-90.0,0.0
CE-1501,10.91,-90.0,0.0
CE-1456,7.92,-90.0,0.0
CE-1455,12.38,-90.0,0.0
CE-1458,9.14,-90.0,0.0
CE-1457,8.78,-90.0,0.0
CE-1460,9.63,-90.0,0.0
CE-1459,24.37,-90.0,0.0
CE-1462,20.94,-90.0,0.0
CE-1461,20.36,-90.0,0.0
CE-1448,19.15,-90.0,0.0
CE-1447,16.46,-90.0,0.0
CE-1450,12.35,-90.0,0.0
CE-1449,18.06,-90.0,0.0
CE-1452,10.34,-90.0,0.0
CE-1451,15.19,-90.0,0.0
CE-1454,22.58,-90.0,0.0
CE-1453,17.77,-90.0,0.0
CE-1472,17.39,-90.0,0.0
CE-1471,15.56,-90.0,0.0
CE-1474,20.48,-90.0,0.0
CE-1473,22.77,-90.0,0.0
CE-1476,21.07,-90.0,0.0
CE-1475,22.06,-90.0,0.0
CE-1478,16.03,-90.0,0.0
CE-1477,22.74,-90.0,0.0
CE-1464,12.68,-90.0,0.0
CE-1463,13.85,-90.0,0.0
CE-1466,17.52,-90.0,0.0
CE-1465,21.76,-90.0,0.0
CE-1468,18.13,-90.0,0.0
CE-1467,18.03,-90.0,0.0
CE-1470,17.73,-90.0,0.0
CE-1469,20.61,-90.0,0.0
CE-1424,22.99,-90.0,0.0
CE-1423,20.28,-90.0,0.0
CE-1426,10.15,-90.0,0.0
CE-1425,17.67,-90.0,0.0
CE-1428,16.57,-90.0,0.0
CE-1427,12.99,-90.0,0.0
CE-1430,16.74,-90.0,0.0
CE-1429,17.34,-90.0,0.0
CE-1416,17.78,-90.0,0.0
CE-1415,9.69,-90.0,0.0
CE-1418,19.16,-90.0,0.0
CE-1417,20.56,-90.0,0.0
CE-1420,16.76,-90.0,0.0
CE-1419,22.58,-90.0,0.0
CE-1422,21.0,-90.0,0.0
CE-1421,20.72,-90.0,0.0
CE-1440,14.89,-90.0,0.0
CE-1439,12.76,-90.0,0.0
CE-1442,16.17,-90.0,0.0
CE-1441,24.28,-90.0,0.0
CE-1444,20.41,-90.0,0.0
CE-1443,10.93,-90.0,0.0
CE-1446,17.2,-90.0,0.0
CE-1445,24.78,-90.0,0.0
CE-1432,21.21,-90.0,0.0
CE-1431,18.48,-90.0,0.0
CE-1434,24.19,-90.0,0.0
CE-1433,18.21,-90.0,0.0
CE-1436,22.47,-90.0,0.0
CE-1435,23.5,-90.0,0.0
CE-1438,9.53,-90.0,0.0
CE-1437,6.58,-90.0,0.0
CE-1392,5.16,-90.0,0.0
CE-1391,13.6,-90.0,0.0
CE-1394,12.05,-90.0,0.0
CE-1393,12.07,-90.0,0.0
CE-1396,6.22,-90.0,0.0
CE-1395,22.92,-90.0,0.0
CE-1398,15.08,-90.0,0.0
CE-1397,18.22,-90.0,0.0
CE-1384,16.45,-90.0,0.0
CE-1383,19.89,-90.0,0.0
CE-1386,20.48,-90.0,0.0
CE-1385,12.17,-90.0,0.0
CE-1388,20.68,-90.0,0.0
CE-1387,19.65,-90.0,0.0
CE-1390,11.73,-90.0,0.0
CE-1389,21.81,-90.0,0.0
CE-1408,24.36,-90.0,0.0
CE-1407,24.43,-90.0,0.0
CE-1410,17.4,-90.0,0.0
CE-1409,17.26,-90.0,0.0
CE-1412,23.75,-90.0,0.0
CE-1411,12.8,-90.0,0.0
CE-1414,22.66,-90.0,0.0
CE-1413,21.55,-90.0,0.0
CE-1400,24.29,-90.0,0.0
CE-1399,12.56,-90.0,0.0
CE-1402,24.33,-90.0,0.0
CE-1401,15.84,-90.0,0.0
CE-1404,21.39,-90.0,0.0
CE-1403,16.1,-90.0,0.0
CE-1406,18.63,-90.0,0.0
CE-1405,15.49,-90.0,0.0
CE-1360,14.18,-90.0,0.0
CE-1359,21.98,-90.0,0.0
CE-1362,9.84,-90.0,0.0
CE-1361,22.62,-90.0,0.0
CE-1364,20.59,-90.0,0.0
CE-1363,21.64,-90.0,0.0
CE-1366,23.05,-90.0,0.0
CE-1365,18.7,-90.0,0.0
CE-1352,20.51,-90.0,0.0
CE-1351,18.53,-90.0,0.0
CE-1354,18.11,-90.0,0.0
CE-1353,22.99,-90.0,0.0
CE-1356,20.03,-90.0,0.0
CE-1355,10.6,-90.0,0.0
CE-1358,24.95,-90.0,0.0
CE-1357,11.33,-90.0,0.0
CE-1376,19.75,-90.0,0.0
CE-1375,19.04,-90.0,0.0
CE-1378,21.87,-90.0,0.0
CE-1377,16.44,-90.0,0.0
CE-1380,16.16,-90.0,0.0
CE-1379,19.05,-90.0,0.0
CE-1382,15.94,-90.0,0.0
CE-1381,16.73,-90.0,0.0
CE-1368,21.45,-90.0,0.0
CE-1367,21.19,-90.0,0.0
CE-1370,18.31,-90.0,0.0
CE-1369,15.73,-90.0,0.0
CE-1372,18.93,-90.0,0.0
CE-1371,24.14,-90.0,0.0
CE-1374,11.89,-90.0,0.0
CE-1373,10.79,-90.0,0.0
CE-1328,10.56,-90.0,0.0
CE-1327,13.64,-90.0,0.0
CE-1330,11.37,-90.0,0.0
CE-1329,8.79,-90.0,0.0
CE-1332,7.23,-90.0,0.0
CE-1331,9.98,-90.0,0.0
CE-1334,23.44,-90.0,0.0
CE-1333,19.36,-90.0,0.0
CE-1320,16.55,-90.0,0.0
CE-1319,17.15,-90.0,0.0
CE-1322,9.17,-90.0,0.0
CE-1321,23.23,-90.0,0.0
CE-1324,14.14,-90.0,0.0
CE-1323,19.11,-90.0,0.0
CE-1326,17.31,-90.0,0.0
CE-1325,18.13,-90.0,0.0
CE-1344,14.59,-90.0,0.0
CE-1343,15.31,-90.0,0.0
CE-1346,15.16,-90.0,0.0
CE-1345,21.77,-90.0,0.0
CE-1348,16.4,-90.0,0.0
CE-1347,22.33,-90.0,0.0
CE-1350,14.69,-90.0,0.0
CE-1349,14.9,-90.0,0.0
CE-1336,23.66,-90.0,0.0
CE-1335,22.49,-90.0,0.0
CE-1338,24.75,-90.0,0.0
CE-1337,24.59,-90.0,0.0
CE-1340,19.63,-90.0,0.0
CE-1339,19.16,-90.0,0.0
CE-1342,19.33,-90.0,0.0
CE-1341,19.25,-90.0,0.0
CE-1296,22.67,-90.0,0.0
CE-1295,22.19,-90.0,0.0
CE-1298,23.95,-90.0,0.0
CE-1297,22.97,-90.0,0.0
CE-1300,9.29,-90.0,0.0
CE-1299,15.53,-90.0,0.0
CE-1302,16.09,-90.0,0.0
CE-1301,16.89,-90.0,0.0
CE-1288,23.14,-90.0,0.0
CE-1287,19.64,-90.0,0.0
CE-1290,21.51,-90.0,0.0
CE-1289,24.35,-90.0,0.0
CE-1292,20.55,-90.0,0.0
CE-1291,24.98,-90.0,0.0
CE-1294,17.96,-90.0,0.0
CE-1293,20.58,-90.0,0.0
CE-1312,15.64,-90.0,0.0
CE-1311,20.95,-90.0,0.0
CE-1314,16.14,-90.0,0.0
CE-1313,24.7,-90.0,0.0
CE-1316,23.24,-90.0,0.0
CE-1315,24.14,-90.0,0.0
CE-1318,23.89,-90.0,0.0
CE-1317,20.57,-90.0,0.0
CE-1304,19.16,-90.0,0.0
CE-1303,15.63,-90.0,0.0
CE-1306,21.32,-90.0,0.0
CE-1305,10.89,-90.0,0.0
CE-1308,24.32,-90.0,0.0
CE-1307,11.68,-90.0,0.0
CE-1310,9.42,-90.0,0.0
CE-1309,9.54,-90.0,0.0
CE-1264,20.08,-90.0,0.0
CE-1263,19.32,-90.0,0.0
CE-1266,23.81,-90.0,0.0
CE-1265,12.48,-90.0,0.0
CE-1268,12.56,-90.0,0.0
CE-1267,23.06,-90.0,0.0
CE-1270,19.49,-90.0,0.0
CE-1269,16.59,-90.0,0.0
CE-1256,15.62,-90.0,0.0
CE-1255,18.15,-90.0,0.0
CE-1258,17.12,-90.0,0.0
CE-1257,11.56,-90.0,0.0
CE-1260,15.06,-90.0,0.0
CE-1259,18.59,-90.0,0.0
CE-1262,22.1,-90.0,0.0
CE-1261,21.63,-90.0,0.0
CE-1280,20.49,-90.0,0.0
CE-1279,18.05,-90.0,0.0
CE-1282,17.32,-90.0,0.0
CE-1281,20.67,-90.0,0.0
CE-1284,24.05,-90.0,0.0
CE-1283,23.66,-90.0,0.0
CE-1286,17.02,-90.0,0.0
CE-1285,20.72,-90.0,0.0
CE-1272,15.28,-90.0,0.0
CE-1271,22.22,-90.0,0.0
CE-1274,11.41,-90.0,0.0
CE-1273,20.24,-90.0,0.0
CE-1276,21.23,-90.0,0.0
CE-1275,9.83,-90.0,0.0
CE-1278,22.7,-90.0,0.0
CE-1277,15.08,-90.0,0.0
CE-1232,19.2,-90.0,0.0
CE-1231,15.22,-90.0,0.0
CE-1234,9.77,-90.0,0.0
CE-1233,17.91,-90.0,0.0
CE-1236,15.3,-90.0,0.0
CE-1235,24.36,-90.0,0.0
CE-1238,19.67,-90.0,0.0
CE-1237,18.44,-90.0,0.0
CE-1224,21.27,-90.0,0.0
CE-1223,15.29,-90.0,0.0
CE-1226,19.12,-90.0,0.0
CE-1225,20.23,-90.0,0.0
CE-1228,24.71,-90.0,0.0
CE-1227,20.78,-90.0,0.0
CE-1230,17.01,-90.0,0.0
CE-1229,24.14,-90.0,0.0
CE-1248,21.91,-90.0,0.0
CE-1247,14.06,-90.0,0.0
CE-1250,24.38,-90.0,0.0
CE-1249,18.04,-90.0,0.0
CE-1252,15.89,-90.0,0.0
CE-1251,15.3,-90.0,0.0
CE-1254,11.3,-90.0,0.0
CE-1253,14.15,-90.0,0.0
CE-1240,20.72,-90.0,0.0
CE-1239,24.92,-90.0,0.0
CE-1242,16.77,-90.0,0.0
CE-1241,22.42,-90.0,0.0
CE-1244,17.12,-90.0,0.0
CE-1243,15.62,-90.0,0.0
CE-1246,15.62,-90.0,0.0
CE-1245,23.81,-90.0,0.0
CE-1200,19.62,-90.0,0.0
CE-1199,22.59,-90.0,0.0
CE-1202,9.62,-90.0,0.0
CE-1201,20.64,-90.0,0.0
CE-1204,9.8,-90.0,0.0
CE-1203,12.59,-90.0,0.0
CE-1206,19.82,-90.0,0.0
CE-1205,21.01,-90.0,0.0
CE-1192,23.33,-90.0,0.0
CE-1191,20.51,-90.0,0.0
CE-1194,23.85,-90.0,0.0
CE-1193,24.18,-90.0,0.0
CE-1196,22.81,-90.0,0.0
CE-1195,24.58,-90.0,0.0
CE-1198,24.69,-90.0,0.0
CE-1197,18.26,-90.0,0.0
CE-1216,17.68,-90.0,0.0
CE-1215,13.81,-90.0,0.0
CE-1218,18.91,-90.0,0.0
CE-1217,16.31,-90.0,0.0
CE-1220,22.58,-90.0,0.0
CE-1219,19.42,-90.0,0.0
CE-1222,10.68,-90.0,0.0
CE-1221,17.58,-90.0,0.0
CE-1208,22.53,-90.0,0.0
CE-1207,16.56,-90.0,0.0
CE-1210,21.25,-90.0,0.0
CE-1209,15.0,-90.0,0.0
CE-1212,12.22,-90.0,0.0
CE-1211,23.26,-90.0,0.0
CE-1214,20.72,-90.0,0.0
CE-1213,21.74,-90.0,0.0
CE-1168,19.26,-90.0,0.0
CE-1167,21.71,-90.0,0.0
CE-1170,13.81,-90.0,0.0
CE-1169,19.05,-90.0,0.0
CE-1172,15.61,-90.0,0.0
CE-1171,24.89,-90.0,0.0
CE-1174,12.19,-90.0,0.0
CE-1173,16.47,-90.0,0.0
CE-1160,24.23,-90.0,0.0
CE-1159,21.59,-90.0,0.0
CE-1162,24.32,-90.0,0.0
CE-1161,16.46,-90.0,0.0
CE-1164,17.41,-90.0,0.0
CE-1163,18.74,-90.0,0.0
CE-1166,20.66,-90.0,0.0
CE-1165,15.91,-90.0,0.0
CE-1184,16.89,-90.0,0.0
CE-1183,24.12,-90.0,0.0
CE-1186,15.44,-90.0,0.0
CE-1185,24.32,-90.0,0.0
CE-1188,22.19,-90.0,0.0
CE-1187,21.39,-90.0,0.0
CE-1190,20.63,-90.0,0.0
CE-1189,22.61,-90.0,0.0
CE-1176,11.18,-90.0,0.0
CE-1175,20.23,-90.0,0.0
CE-1178,18.06,-90.0,0.0
CE-1177,22.96,-90.0,0.0
CE-1180,18.19,-90.0,0.0
CE-1179,18.53,-90.0,0.0
CE-1182,21.42,-90.0,0.0
CE-1181,9.8,-90.0,0.0
CE-2160,15.82,-90.0,0.0
CE-2159,20.49,-90.0,0.0
CE-2162,16.75,-90.0,0.0
CE-2161,15.02,-90.0,0.0
CE-2164,17.36,-90.0,0.0
CE-2163,21.06,-90.0,0.0
CE-2166,24.92,-90.0,0.0
CE-2165,15.13,-90.0,0.0
CE-2152,19.74,-90.0,0.0
CE-2151,21.57,-90.0,0.0
CE-2154,15.17,-90.0,0.0
CE-2153,16.23,-90.0,0.0
CE-2156,24.7,-90.0,0.0
CE-2155,19.45,-90.0,0.0
CE-2158,10.46,-90.0,0.0
CE-2157,17.3,-90.0,0.0
CE-2176,17.81,-90.0,0.0
CE-2175,22.65,-90.0,0.0
CE-2178,19.51,-90.0,0.0
CE-2177,17.32,-90.0,0.0
CE-2180,16.23,-90.0,0.0
CE-2179,9.4,-90.0,0.0
CE-2182,16.25,-90.0,0.0
CE-2181,24.96,-90.0,0.0
CE-2168,18.71,-90.0,0.0
CE-2167,24.27,-90.0,0.0
CE-2170,14.26,-90.0,0.0
CE-2169,18.56,-90.0,0.0
CE-2172,20.78,-90.0,0.0
CE-2171,15.84,-90.0,0.0
CE-2174,22.3,-90.0,0.0
CE-2173,9.02,-90.0,0.0
CE-2128,20.37,-90.0,0.0
CE-2127,23.77,-90.0,0.0
CE-2130,15.16,-90.0,0.0
CE-2129,19.04,-90.0,0.0
CE-2132,20.29,-90.0,0.0
CE-2131,20.5,-90.0,0.0
CE-2134,15.23,-90.0,0.0
CE-2133,10.59,-90.0,0.0
CE-2120,22.02,-90.0,0.0
CE-2119,21.71,-90.0,0.0
CE-2122,18.47,-90.0,0.0
CE-2121,21.88,-90.0,0.0
CE-2124,22.62,-90.0,0.0
CE-2123,21.89,-90.0,0.0
CE-2126,9.76,-90.0,0.0
CE-2125,13.87,-90.0,0.0
CE-2144,21.77,-90.0,0.0
CE-2143,20.69,-90.0,0.0
CE-2146,17.85,-90.0,0.0
CE-2145,20.22,-90.0,0.0
CE-2148,23.14,-90.0,0.0
CE-2147,16.16,-90.0,0.0
CE-2150,15.17,-90.0,0.0
CE-2149,17.86,-90.0,0.0
CE-2136,15.22,-90.0,0.0
CE-2135,17.85,-90.0,0.0
CE-2138,24.03,-90.0,0.0
CE-2137,17.49,-90.0,0.0
CE-2140,15.29,-90.0,0.0
CE-2139,18.49,-90.0,0.0
CE-2142,16.76,-90.0,0.0
CE-2141,20.89,-90.0,0.0
CE-2096,17.08,-90.0,0.0
CE-2095,22.9,-90.0,0.0
CE-2098,15.6,-90.0,0.0
CE-2097,17.93,-90.0,0.0
CE-2100,23.37,-90.0,0.0
CE-2099,19.65,-90.0,0.0
CE-2102,18.35,-90.0,0.0
CE-2101,18.6,-90.0,0.0
CE-2088,19.84,-90.0,0.0
CE-2087,13.32,-90.0,0.0
CE-2090,19.05,-90.0,0.0
CE-2089,22.11,-90.0,0.0
CE-2092,19.75,-90.0,0.0
CE-2091,17.75,-90.0,0.0
CE-2094,23.05,-90.0,0.0
CE-2093,11.06,-90.0,0.0
CE-2112,21.21,-90.0,0.0
CE-2111,24.02,-90.0,0.0
CE-2114,17.07,-90.0,0.0
CE-2113,10.21,-90.0,0.0
CE-2116,24.57,-90.0,0.0
CE-2115,14.05,-90.0,0.0
CE-2118,20.09,-90.0,0.0
CE-2117,15.84,-90.0,0.0
CE-2104,21.12,-90.0,0.0
CE-2103,19.47,-90.0,0.0
CE-2106,16.17,-90.0,0.0
CE-2105,15.91,-90.0,0.0
CE-2108,22.42,-90.0,0.0
CE-2107,9.05,-90.0,0.0
CE-2110,20.62,-90.0,0.0
CE-2109,18.25,-90.0,0.0
CE-2064,20.6,-90.0,0.0
CE-2063,19.44,-90.0,0.0
CE-2066,13.96,-90.0,0.0
CE-2065,20.87,-90.0,0.0
CE-2068,15.96,-90.0,0.0
CE-2067,17.37,-90.0,0.0
CE-2070,16.78,-90.0,0.0
CE-2069,19.98,-90.0,0.0
CE-2056,10.3,-90.0,0.0
CE-2055,9.81,-90.0,0.0
CE-2058,24.47,-90.0,0.0
CE-2057,17.36,-90.0,0.0
CE-2060,10.42,-90.0,0.0
CE-2059,22.49,-90.0,0.0
CE-2062,22.71,-90.0,0.0
CE-2061,24.89,-90.0,0.0
CE-2080,14.08,-90.0,0.0
CE-2079,9.33,-90.0,0.0
CE-2082,21.3,-90.0,0.0
CE-2081,15.64,-90.0,0.0
CE-2084,24.97,-90.0,0.0
CE-2083,16.68,-90.0,0.0
CE-2086,21.31,-90.0,0.0
CE-2085,20.71,-90.0,0.0
CE-2072,19.5,-90.0,0.0
CE-2071,21.3,-90.0,0.0
CE-2074,14.34,-90.0,0.0
CE-2073,22.59,-90.0,0.0
CE-2076,15.51,-90.0,0.0
CE-2075,20.74,-90.0,0.0
CE-2078,23.11,-90.0,0.0
CE-2077,15.97,-90.0,0.0
CE-2032,24.91,-90.0,0.0
CE-2031,21.9,-90.0,0.0
CE-2034,9.36,-90.0,0.0
CE-2033,20.34,-90.0,0.0
CE-2036,18.1,-90.0,0.0
CE-2035,23.03,-90.0,0.0
CE-2038,15.8,-90.0,0.0
CE-2037,9.85,-90.0,0.0
CE-2024,20.2,-90.0,0.0
CE-2023,9.57,-90.0,0.0
CE-2026,20.38,-90.0,0.0
CE-2025,23.88,-90.0,0.0
CE-2028,20.21,-90.0,0.0
CE-2027,22.17,-90.0,0.0
CE-2030,13.73,-90.0,0.0
CE-2029,9.89,-90.0,0.0
CE-2048,20.4,-90.0,0.0
CE-2047,15.4,-90.0,0.0
CE-2050,14.75,-90.0,0.0
CE-2049,19.2,-90.0,0.0
CE-2052,16.74,-90.0,0.0
CE-2051,19.32,-90.0,0.0
CE-2054,20.22,-90.0,0.0
CE-2053,17.96,-90.0,0.0
CE-2040,17.81,-90.0,0.0
CE-2039,16.88,-90.0,0.0
CE-2042,18.18,-90.0,0.0
CE-2041,22.12,-90.0,0.0
CE-2044,13.39,-90.0,0.0
CE-2043,20.64,-90.0,0.0
CE-2046,16.89,-90.0,0.0
CE-2045,23.54,-90.0,0.0
CE-2000,22.28,-90.0,0.0
CE-1999,23.15,-90.0,0.0
CE-2002,24.23,-90.0,0.0
CE-2001,20.34,-90.0,0.0
CE-2004,20.4,-90.0,0.0
CE-2003,21.47,-90.0,0.0
CE-2006,12.33,-90.0,0.0
CE-2005,19.72,-90.0,0.0
CE-1992,20.88,-90.0,0.0
CE-1991,22.08,-90.0,0.0
CE-1994,18.3,-90.0,0.0
CE-1993,19.48,-90.0,0.0
CE-1996,16.96,-90.0,0.0
CE-1995,19.98,-90.0,0.0
CE-1998,14.52,-90.0,0.0
CE-1997,22.86,-90.0,0.0
CE-2016,24.39,-90.0,0.0
CE-2015,23.3,-90.0,0.0
CE-2018,23.36,-90.0,0.0
CE-2017,21.94,-90.0,0.0
CE-2020,16.92,-90.0,0.0
CE-2019,17.34,-90.0,0.0
CE-2022,19.54,-90.0,0.0
CE-2021,12.38,-90.0,0.0
CE-2008,12.33,-90.0,0.0
CE-2007,17.25,-90.0,0.0
CE-2010,24.5,-90.0,0.0
CE-2009,21.6,-90.0,0.0
CE-2012,24.59,-90.0,0.0
CE-2011,15.15,-90.0,0.0
CE-2014,18.75,-90.0,0.0
CE-2013,20.98,-90.0,0.0
CE-1968,22.98,-90.0,0.0
CE-1967,21.55,-90.0,0.0
CE-1970,13.99,-90.0,0.0
CE-1969,19.39,-90.0,0.0
CE-1972,23.49,-90.0,0.0
CE-1971,15.83,-90.0,0.0
CE-1974,18.89,-90.0,0.0
CE-1973,22.05,-90.0,0.0
CE-1960,21.33,-90.0,0.0
CE-1959,23.77,-90.0,0.0
CE-1962,15.27,-90.0,0.0
CE-1961,24.61,-90.0,0.0
CE-1964,16.02,-90.0,0.0
CE-1963,15.74,-90.0,0.0
CE-1966,19.22,-90.0,0.0
CE-1965,19.31,-90.0,0.0
CE-1984,17.82,-90.0,0.0
CE-1983,17.28,-90.0,0.0
CE-1986,24.74,-90.0,0.0
CE-1985,10.22,-90.0,0.0
CE-1988,15.33,-90.0,0.0
CE-1987,24.31,-90.0,0.0
CE-1990,16.12,-90.0,0.0
CE-1989,16.1,-90.0,0.0
CE-1976,17.66,-90.0,0.0
CE-1975,11.98,-90.0,0.0
CE-1978,13.61,-90.0,0.0
CE-1977,11.48,-90.0,0.0
CE-1980,23.53,-90.0,0.0
CE-1979,22.26,-90.0,0.0
CE-1982,21.56,-90.0,0.0
CE-1981,23.4,-90.0,0.0
CE-1936,21.43,-90.0,0.0
CE-1935,17.92,-90.0,0.0
CE-1938,17.48,-90.0,0.0
CE-1937,24.38,-90.0,0.0
CE-1940,19.32,-90.0,0.0
CE-1939,23.57,-90.0,0.0
CE-1942,18.87,-90.0,0.0
CE-1941,19.43,-90.0,0.0
CE-1928,21.78,-90.0,0.0
CE-1927,10.16,-90.0,0.0
CE-1930,18.38,-90.0,0.0
CE-1929,17.85,-90.0,0.0
CE-1932,15.6,-90.0,0.0
CE-1931,17.31,-90.0,0.0
CE-1934,24.26,-90.0,0.0
CE-1933,19.05,-90.0,0.0
CE-1952,18.33,-90.0,0.0
CE-1951,10.14,-90.0,0.0
CE-1954,18.97,-90.0,0.0
CE-1953,16.98,-90.0,0.0
CE-1956,20.72,-90.0,0.0
CE-1955,17.03,-90.0,0.0
CE-1958,23.26,-90.0,0.0
CE-1957,22.88,-90.0,0.0
CE-1944,20.56,-90.0,0.0
CE-1943,24.87,-90.0,0.0
CE-1946,18.66,-90.0,0.0
CE-1945,18.01,-90.0,0.0
CE-1948,15.5,-90.0,0.0
CE-1947,24.33,-90.0,0.0
CE-1950,10.2,-90.0,0.0
CE-1949,17.97,-90.0,0.0
CE-1904,21.05,-90.0,0.0
CE-1903,9.41,-90.0,0.0
CE-1906,20.09,-90.0,0.0
CE-1905,21.39,-90.0,0.0
CE-1908,20.18,-90.0,0.0
CE-1907,18.96,-90.0,0.0
CE-1910,18.34,-90.0,0.0
CE-1909,17.49,-90.0,0.0
CE-1896,24.44,-90.0,0.0
CE-1895,18.83,-90.0,0.0
CE-1898,17.11,-90.0,0.0
CE-1897,23.95,-90.0,0.0
CE-1900,22.58,-90.0,0.0
CE-1899,16.48,-90.0,0.0
CE-1902,20.74,-90.0,0.0
CE-1901,18.62,-90.0,0.0
CE-1920,10.3,-90.0,0.0
CE-1919,12.51,-90.0,0.0
CE-1922,21.96,-90.0,0.0
CE-1921,22.3,-90.0,0.0
CE-1924,23.59,-90.0,0.0
CE-1923,23.06,-90.0,0.0
CE-1926,13.86,-90.0,0.0
CE-1925,20.61,-90.0,0.0
CE-1912,21.57,-90.0,0.0
CE-1911,13.35,-90.0,0.0
CE-1914,13.2,-90.0,0.0
CE-1913,24.51,-90.0,0.0
CE-1916,23.68,-90.0,0.0
CE-1915,16.41,-90.0,0.0
CE-1918,24.03,-90.0,0.0
CE-1917,17.61,-90.0,0.0
CE-1872,17.6,-90.0,0.0
CE-1871,15.97,-90.0,0.0
CE-1874,22.02,-90.0,0.0
CE-1873,17.95,-90.0,0.0
CE-1876,15.48,-90.0,0.0
CE-1875,23.34,-90.0,0.0
CE-1878,24.15,-90.0,0.0
CE-1877,16.35,-90.0,0.0
CE-1864,19.6,-90.0,0.0
CE-1863,10.27,-90.0,0.0
CE-1866,21.08,-90.0,0.0
CE-1865,18.02,-90.0,0.0
CE-1868,20.64,-90.0,0.0
CE-1867,16.78,-90.0,0.0
CE-1870,22.1,-90.0,0.0
CE-1869,24.26,-90.0,0.0
CE-1888,21.64,-90.0,0.0
CE-1887,24.29,-90.0,0.0
CE-1890,18.89,-90.0,0.0
CE-1889,23.02,-90.0,0.0
CE-1892,18.01,-90.0,0.0
CE-1891,11.25,-90.0,0.0
CE-1894,21.78,-90.0,0.0
CE-1893,17.97,-90.0,0.0
CE-1880,11.51,-90.0,0.0
CE-1879,21.95,-90.0,0.0
CE-1882,9.84,-90.0,0.0
CE-1881,13.3,-90.0,0.0
CE-1884,24.35,-90.0,0.0
CE-1883,9.3,-90.0,0.0
CE-1886,22.31,-90.0,0.0
CE-1885,21.03,-90.0,0.0
CE-1840,22.17,-90.0,0.0
CE-1839,18.44,-90.0,0.0
CE-1842,20.52,-90.0,0.0
CE-1841,11.0,-90.0,0.0
CE-1844,9.54,-90.0,0.0
CE-1843,18.37,-90.0,0.0
CE-1846,20.05,-90.0,0.0
CE-1845,23.96,-90.0,0.0
CE-1832,19.79,-90.0,0.0
CE-1831,23.78,-90.0,0.0
CE-1834,24.61,-90.0,0.0
CE-1833,16.2,-90.0,0.0
CE-1836,23.4,-90.0,0.0
CE-1835,9.57,-90.0,0.0
CE-1838,9.61,-90.0,0.0
CE-1837,18.48,-90.0,0.0
CE-1856,9.49,-90.0,0.0
CE-1855,16.93,-90.0,0.0
CE-1858,16.39,-90.0,0.0
CE-1857,18.48,-90.0,0.0
CE-1860,18.37,-90.0,0.0
CE-1859,22.62,-90.0,0.0
CE-1862,18.63,-90.0,0.0
CE-1861,20.19,-90.0,0.0
CE-1848,21.4,-90.0,0.0
CE-1847,23.47,-90.0,0.0
CE-1850,22.37,-90.0,0.0
CE-1849,22.69,-90.0,0.0
CE-1852,18.16,-90.0,0.0
CE-1851,15.38,-90.0,0.0
CE-1854,9.01,-90.0,0.0
CE-1853,22.43,-90.0,0.0
CE-1808,20.96,-90.0,0.0
CE-1807,21.73,-90.0,0.0
CE-1810,18.7,-90.0,0.0
CE-1809,18.01,-90.0,0.0
CE-1812,18.61,-90.0,0.0
CE-1811,9.51,-90.0,0.0
CE-1814,22.33,-90.0,0.0
CE-1813,11.34,-90.0,0.0
CE-1800,19.8,-90.0,0.0
CE-1799,24.72,-90.0,0.0
CE-1802,23.13,-90.0,0.0
CE-1801,15.21,-90.0,0.0
CE-1804,19.2,-90.0,0.0
CE-1803,16.55,-90.0,0.0
CE-1806,23.02,-90.0,0.0
CE-1805,17.83,-90.0,0.0
CE-1824,18.19,-90.0,0.0
CE-1823,24.29,-90.0,0.0
CE-1826,9.99,-90.0,0.0
CE-1825,20.8,-90.0,0.0
CE-1828,24.14,-90.0,0.0
CE-1827,15.27,-90.0,0.0
CE-1830,19.06,-90.0,0.0
CE-1829,15.75,-90.0,0.0
CE-1816,22.07,-90.0,0.0
CE-1815,20.85,-90.0,0.0
CE-1818,24.71,-90.0,0.0
CE-1817,10.57,-90.0,0.0
CE-1820,15.94,-90.0,0.0
CE-1819,19.7,-90.0,0.0
CE-1822,15.91,-90.0,0.0
CE-1821,19.32,-90.0,0.0
CE-1776,13.85,-90.0,0.0
CE-1775,17.09,-90.0,0.0
CE-1778,11.78,-90.0,0.0
CE-1777,10.31,-90.0,0.0
CE-1780,9.01,-90.0,0.0
CE-1779,23.79,-90.0,0.0
CE-1782,12.84,-90.0,0.0
CE-1781,23.07,-90.0,0.0
CE-1768,22.73,-90.0,0.0
CE-1767,17.16,-90.0,0.0
CE-1770,15.49,-90.0,0.0
CE-1769,15.06,-90.0,0.0
CE-1772,22.34,-90.0,0.0
CE-1771,22.84,-90.0,0.0
CE-1774,15.24,-90.0,0.0
CE-1773,21.61,-90.0,0.0
CE-1792,24.1,-90.0,0.0
CE-1791,21.81,-90.0,0.0
CE-1794,23.81,-90.0,0.0
CE-1793,24.31,-90.0,0.0
CE-1796,20.8,-90.0,0.0
CE-1795,24.51,-90.0,0.0
CE-1798,15.25,-90.0,0.0
CE-1797,23.69,-90.0,0.0
CE-1784,20.2,-90.0,0.0
CE-1783,9.13,-90.0,0.0
CE-1786,18.35,-90.0,0.0
CE-1785,12.56,-90.0,0.0
CE-1788,16.23,-90.0,0.0
CE-1787,19.59,-90.0,0.0
CE-1790,24.77,-90.0,0.0
CE-1789,20.51,-90.0,0.0
CE-1744,21.38,-90.0,0.0
CE-1743,21.12,-90.0,0.0
CE-1746,15.53,-90.0,0.0
CE-1745,16.3,-90.0,0.0
CE-1748,17.41,-90.0,0.0
CE-1747,19.24,-90.0,0.0
CE-1750,22.35,-90.0,0.0
CE-1749,19.62,-90.0,0.0
CE-1736,23.43,-90.0,0.0
CE-1735,21.61,-90.0,0.0
CE-1738,21.07,-90.0,0.0
CE-1737,15.44,-90.0,0.0
CE-1740,23.67,-90.0,0.0
CE-1739,23.46,-90.0,0.0
CE-1742,22.55,-90.0,0.0
CE-1741,22.55,-90.0,0.0
CE-1760,16.98,-90.0,0.0
CE-1759,16.79,-90.0,0.0
CE-1762,18.76,-90.0,0.0
CE-1761,19.73,-90.0,0.0
CE-1764,24.68,-90.0,0.0
CE-1763,13.82,-90.0,0.0
CE-1766,15.99,-90.0,0.0
CE-1765,20.51,-90.0,0.0
CE-1752,19.38,-90.0,0.0
CE-1751,18.96,-90.0,0.0
CE-1754,18.41,-90.0,0.0
CE-1753,21.39,-90.0,0.0
CE-1756,21.43,-90.0,0.0
CE-1755,23.46,-90.0,0.0
CE-1758,15.88,-90.0,0.0
CE-1757,23.2,-90.0,0.0
CE-1712,16.55,-90.0,0.0
CE-1711,13.67,-90.0,0.0
CE-1714,9.75,-90.0,0.0
CE-1713,11.76,-90.0,0.0
CE-1716,10.51,-90.0,0.0
CE-1715,22.39,-90.0,0.0
CE-1718,18.12,-90.0,0.0
CE-1717,17.99,-90.0,0.0
CE-1704,16.85,-90.0,0.0
CE-1703,10.51,-90.0,0.0
CE-1706,22.24,-90.0,0.0
CE-1705,10.01,-90.0,0.0
CE-1708,20.42,-90.0,0.0
CE-1707,15.87,-90.0,0.0
CE-1710,19.69,-90.0,0.0
CE-1709,15.19,-90.0,0.0
CE-1728,19.96,-90.0,0.0
CE-1727,18.04,-90.0,0.0
CE-1730,20.66,-90.0,0.0
CE-1729,23.01,-90.0,0.0
CE-1732,19.29,-90.0,0.0
CE-1731,24.1,-90.0,0.0
CE-1734,22.86,-90.0,0.0
CE-1733,15.44,-90.0,0.0
CE-1720,15.71,-90.0,0.0
CE-1719,22.51,-90.0,0.0
CE-1722,20.81,-90.0,0.0
CE-1721,17.13,-90.0,0.0
CE-1724,18.12,-90.0,0.0
CE-1723,15.42,-90.0,0.0
CE-1726,22.8,-90.0,0.0
CE-1725,20.49,-90.0,0.0
CE-1680,18.68,-90.0,0.0
CE-1679,22.07,-90.0,0.0
CE-1682,20.37,-90.0,0.0
CE-1681,21.78,-90.0,0.0
CE-1684,18.29,-90.0,0.0
CE-1683,15.83,-90.0,0.0
CE-1686,23.7,-90.0,0.0
CE-1685,24.75,-90.0,0.0
CE-1672,15.79,-90.0,0.0
CE-1671,16.5,-90.0,0.0
CE-1674,23.19,-90.0,0.0
CE-1673,21.84,-90.0,0.0
CE-1676,24.67,-90.0,0.0
CE-1675,11.52,-90.0,0.0
CE-1678,16.62,-90.0,0.0
CE-1677,21.92,-90.0,0.0
CE-1696,13.05,-90.0,0.0
CE-1695,19.28,-90.0,0.0
CE-1698,17.38,-90.0,0.0
CE-1697,22.09,-90.0,0.0
CE-1700,18.0,-90.0,0.0
CE-1699,18.43,-90.0,0.0
CE-1702,15.54,-90.0,0.0
CE-1701,20.68,-90.0,0.0
CE-1688,15.64,-90.0,0.0
CE-1687,12.9,-90.0,0.0
CE-1690,22.42,-90.0,0.0
CE-1689,22.06,-90.0,0.0
CE-1692,24.91,-90.0,0.0
CE-1691,24.7,-90.0,0.0
CE-1694,22.0,-90.0,0.0
CE-1693,17.2,-90.0,0.0
CE-0624,8.04,-90.0,0.0
CE-0623,12.64,-90.0,0.0
CE-0626,9.35,-90.0,0.0
CE-0625,13.53,-90.0,0.0
CE-0628,5.33,-90.0,0.0
CE-0627,16.94,-90.0,0.0
CE-0630,17.12,-90.0,0.0
CE-0629,17.76,-90.0,0.0
CE-0616,18.66,-90.0,0.0
CE-0615,10.09,-90.0,0.0
CE-0618,15.53,-90.0,0.0
CE-0617,16.79,-90.0,0.0
CE-0620,10.87,-90.0,0.0
CE-0619,17.99,-90.0,0.0
CE-0622,15.42,-90.0,0.0
CE-0621,9.08,-90.0,0.0
CE-0640,21.58,-90.0,0.0
CE-0639,15.11,-90.0,0.0
CE-0642,19.42,-90.0,0.0
CE-0641,22.62,-90.0,0.0
CE-0644,23.15,-90.0,0.0
CE-0643,19.06,-90.0,0.0
CE-0646,23.33,-90.0,0.0
CE-0645,24.06,-90.0,0.0
CE-0632,24.41,-90.0,0.0
CE-0631,23.64,-90.0,0.0
CE-0634,17.61,-90.0,0.0
CE-0633,23.01,-90.0,0.0
CE-0636,22.0,-90.0,0.0
CE-0635,17.64,-90.0,0.0
CE-0638,18.09,-90.0,0.0
CE-0637,19.62,-90.0,0.0
CE-0592,19.06,-90.0,0.0
CE-0591,18.37,-90.0,0.0
CE-0594,20.31,-90.0,0.0
CE-0593,15.47,-90.0,0.0
CE-0596,15.47,-90.0,0.0
CE-0595,23.69,-90.0,0.0
CE-0598,17.46,-90.0,0.0
CE-0597,19.0,-90.0,0.0
CE-0584,22.21,-90.0,0.0
CE-0583,24.49,-90.0,0.0
CE-0586,23.23,-90.0,0.0
CE-0585,20.66,-90.0,0.0
CE-0588,15.7,-90.0,0.0
CE-0587,17.57,-90.0,0.0
CE-0590,21.98,-90.0,0.0
CE-0589,18.63,-90.0,0.0
CE-0608,17.34,-90.0,0.0
CE-0607,23.28,-90.0,0.0
CE-0610,15.7,-90.0,0.0
CE-0609,23.67,-90.0,0.0
CE-0612,22.23,-90.0,0.0
CE-0611,13.43,-90.0,0.0
CE-0614,18.19,-90.0,0.0
CE-0613,15.35,-90.0,0.0
CE-0600,20.82,-90.0,0.0
CE-0599,20.27,-90.0,0.0
CE-0602,16.01,-90.0,0.0
CE-0601,18.17,-90.0,0.0
CE-0604,14.12,-90.0,0.0
CE-0603,15.24,-90.0,0.0
CE-0606,21.13,-90.0,0.0
CE-0605,9.62,-90.0,0.0
CE-0560,10.16,-90.0,0.0
CE-0559,13.56,-90.0,0.0
CE-0562,13.52,-90.0,0.0
CE-0561,5.19,-90.0,0.0
CE-0564,10.69,-90.0,0.0
CE-0563,16.98,-90.0,0.0
CE-0566,21.69,-90.0,0.0
CE-0565,13.73,-90.0,0.0
CE-0552,24.06,-90.0,0.0
CE-0551,13.12,-90.0,0.0
CE-0554,17.42,-90.0,0.0
CE-0553,24.65,-90.0,0.0
CE-0556,19.09,-90.0,0.0
CE-0555,16.66,-90.0,0.0
CE-0558,17.3,-90.0,0.0
CE-0557,18.2,-90.0,0.0
CE-0576,19.27,-90.0,0.0
CE-0575,16.76,-90.0,0.0
CE-0578,22.06,-90.0,0.0
CE-0577,21.54,-90.0,0.0
CE-0580,16.11,-90.0,0.0
CE-0579,23.84,-90.0,0.0
CE-0582,24.08,-90.0,0.0
CE-0581,23.91,-90.0,0.0
CE-0568,15.2,-90.0,0.0
CE-0567,17.58,-90.0,0.0
CE-0570,19.4,-90.0,0.0
CE-0569,22.59,-90.0,0.0
CE-0572,20.55,-90.0,0.0
CE-0571,22.05,-90.0,0.0
CE-0574,10.24,-90.0,0.0
CE-0573,10.41,-90.0,0.0
CE-0528,11.55,-90.0,0.0
CE-0527,21.77,-90.0,0.0
CE-0530,19.91,-90.0,0.0
CE-0529,16.33,-90.0,0.0
CE-0532,22.18,-90.0,0.0
CE-0531,14.7,-90.0,0.0
CE-0534,16.87,-90.0,0.0
CE-0533,16.07,-90.0,0.0
CE-0520,20.25,-90.0,0.0
CE-0519,21.31,-90.0,0.0
CE-0522,23.58,-90.0,0.0
CE-0521,18.38,-90.0,0.0
CE-0524,16.11,-90.0,0.0
CE-0523,19.26,-90.0,0.0
CE-0526,16.77,-90.0,0.0
CE-0525,24.48,-90.0,0.0
CE-0544,20.04,-90.0,0.0
CE-0543,22.72,-90.0,0.0
CE-0546,17.45,-90.0,0.0
CE-0545,16.76,-90.0,0.0
CE-0548,21.33,-90.0,0.0
CE-0547,19.34,-90.0,0.0
CE-0550,21.67,-90.0,0.0
CE-0549,13.74,-90.0,0.0
CE-0536,22.25,-90.0,0.0
CE-0535,11.11,-90.0,0.0
CE-0538,12.27,-90.0,0.0
CE-0537,24.79,-90.0,0.0
CE-0540,18.57,-90.0,0.0
CE-0539,20.66,-90.0,0.0
CE-0542,21.31,-90.0,0.0
CE-0541,8.03,-90.0,0.0
CE-0496,10.54,-90.0,0.0
CE-0495,7.52,-90.0,0.0
CE-0498,6.81,-90.0,0.0
CE-0497,8.82,-90.0,0.0
CE-0500,11.83,-90.0,0.0
CE-0499,15.9,-90.0,0.0
CE-0502,16.77,-90.0,0.0
CE-0501,19.06,-90.0,0.0
CE-0488,16.56,-90.0,0.0
CE-0487,10.44,-90.0,0.0
CE-0490,15.96,-90.0,0.0
CE-0489,19.39,-90.0,0.0
CE-0492,20.79,-90.0,0.0
CE-0491,21.83,-90.0,0.0
CE-0494,21.07,-90.0,0.0
CE-0493,9.18,-90.0,0.0
CE-0512,23.46,-90.0,0.0
CE-0511,15.84,-90.0,0.0
CE-0514,23.23,-90.0,0.0
CE-0513,15.85,-90.0,0.0
CE-0516,24.5,-90.0,0.0
CE-0515,21.38,-90.0,0.0
CE-0518,21.92,-90.0,0.0
CE-0517,17.36,-90.0,0.0
CE-0504,14.66,-90.0,0.0
CE-0503,11.16,-90.0,0.0
CE-0506,18.96,-90.0,0.0
CE-0505,24.37,-90.0,0.0
CE-0508,17.53,-90.0,0.0
CE-0507,24.24,-90.0,0.0
CE-0510,23.0,-90.0,0.0
CE-0509,12.85,-90.0,0.0
CE-0464,23.46,-90.0,0.0
CE-0463,21.12,-90.0,0.0
CE-0466,21.71,-90.0,0.0
CE-0465,21.12,-90.0,0.0
CE-0468,15.83,-90.0,0.0
CE-0467,10.79,-90.0,0.0
CE-0470,20.67,-90.0,0.0
CE-0469,11.97,-90.0,0.0
CE-0456,16.0,-90.0,0.0
CE-0455,20.22,-90.0,0.0
CE-0458,17.04,-90.0,0.0
CE-0457,17.33,-90.0,0.0
CE-0460,24.37,-90.0,0.0
CE-0459,23.11,-90.0,0.0
CE-0462,18.84,-90.0,0.0
CE-0461,20.56,-90.0,0.0
CE-0480,24.98,-90.0,0.0
CE-0479,13.96,-90.0,0.0
CE-0482,22.38,-90.0,0.0
CE-0481,16.7,-90.0,0.0
CE-0484,9.59,-90.0,0.0
CE-0483,9.21,-90.0,0.0
CE-0486,18.75,-90.0,0.0
CE-0485,18.67,-90.0,0.0
CE-0472,10.58,-90.0,0.0
CE-0471,21.96,-90.0,0.0
CE-0474,14.69,-90.0,0.0
CE-0473,16.05,-90.0,0.0
CE-0476,17.17,-90.0,0.0
CE-0475,13.88,-90.0,0.0
CE-0478,18.05,-90.0,0.0
CE-0477,11.86,-90.0,0.0
CE-0432,12.73,-90.0,0.0
CE-0431,12.68,-90.0,0.0
CE-0434,9.32,-90.0,0.0
CE-0433,9.11,-90.0,0.0
CE-0436,12.39,-90.0,0.0
CE-0435,19.16,-90.0,0.0
CE-0438,21.09,-90.0,0.0
CE-0437,20.02,-90.0,0.0
CE-0424,9.87,-90.0,0.0
CE-0423,20.69,-90.0,0.0
CE-0426,9.96,-90.0,0.0
CE-0425,15.11,-90.0,0.0
CE-0428,13.89,-90.0,0.0
CE-0427,18.54,-90.0,0.0
CE-0430,18.13,-90.0,0.0
CE-0429,17.9,-90.0,0.0
CE-0448,22.64,-90.0,0.0
CE-0447,21.11,-90.0,0.0
CE-0450,21.46,-90.0,0.0
CE-0449,16.73,-90.0,0.0
CE-0452,15.51,-90.0,0.0
CE-0451,19.37,-90.0,0.0
CE-0454,16.4,-90.0,0.0
CE-0453,17.81,-90.0,0.0
CE-0440,20.08,-90.0,0.0
CE-0439,22.54,-90.0,0.0
CE-0442,15.99,-90.0,0.0
CE-0441,13.49,-90.0,0.0
CE-0444,17.77,-90.0,0.0
CE-0443,14.31,-90.0,0.0
CE-0446,21.94,-90.0,0.0
CE-0445,15.45,-90.0,0.0
CE-0400,13.42,-90.0,0.0
CE-0399,11.27,-90.0,0.0
CE-0402,21.58,-90.0,0.0
CE-0401,11.47,-90.0,0.0
CE-0404,23.95,-90.0,0.0
CE-0403,20.26,-90.0,0.0
CE-0406,22.17,-90.0,0.0
CE-0405,24.29,-90.0,0.0
CE-0392,15.24,-90.0,0.0
CE-0391,9.47,-90.0,0.0
CE-0394,17.41,-90.0,0.0
CE-0393,16.91,-90.0,0.0
CE-0396,9.71,-90.0,0.0
CE-0395,16.25,-90.0,0.0
CE-0398,20.45,-90.0,0.0
CE-0397,17.81,-90.0,0.0
CE-0416,20.03,-90.0,0.0
CE-0415,21.6,-90.0,0.0
CE-0418,10.04,-90.0,0.0
CE-0417,18.29,-90.0,0.0
CE-0420,19.88,-90.0,0.0
CE-0419,22.82,-90.0,0.0
CE-0422,19.7,-90.0,0.0
CE-0421,19.92,-90.0,0.0
CE-0408,18.89,-90.0,0.0
CE-0407,16.75,-90.0,0.0
CE-0410,23.82,-90.0,0.0
CE-0409,19.57,-90.0,0.0
CE-0412,15.18,-90.0,0.0
CE-0411,21.76,-90.0,0.0
CE-0414,12.74,-90.0,0.0
CE-0413,21.18,-90.0,0.0
CE-0368,8.17,-90.0,0.0
CE-0367,12.33,-90.0,0.0
CE-0370,9.14,-90.0,0.0
CE-0369,12.13,-90.0,0.0
CE-0372,6.01,-90.0,0.0
CE-0371,10.72,-90.0,0.0
CE-0374,16.87,-90.0,0.0
CE-0373,23.96,-90.0,0.0
CE-0360,19.72,-90.0,0.0
CE-0359,16.8,-90.0,0.0
CE-0362,21.63,-90.0,0.0
CE-0361,19.93,-90.0,0.0
CE-0364,9.82,-90.0,0.0
CE-0363,20.21,-90.0,0.0
CE-0366,22.95,-90.0,0.0
CE-0365,17.13,-90.0,0.0
CE-0384,15.17,-90.0,0.0
CE-0383,21.45,-90.0,0.0
CE-0386,17.26,-90.0,0.0
CE-0385,15.12,-90.0,0.0
CE-0388,21.42,-90.0,0.0
CE-0387,15.63,-90.0,0.0
CE-0390,11.41,-90.0,0.0
CE-0389,15.41,-90.0,0.0
CE-0376,17.2,-90.0,0.0
CE-0375,11.64,-90.0,0.0
CE-0378,15.78,-90.0,0.0
CE-0377,17.95,-90.0,0.0
CE-0380,21.13,-90.0,0.0
CE-0379,16.23,-90.0,0.0
CE-0382,16.47,-90.0,0.0
CE-0381,18.46,-90.0,0.0
CE-0336,21.71,-90.0,0.0
CE-0335,15.35,-90.0,0.0
CE-0338,17.37,-90.0,0.0
CE-0337,20.12,-90.0,0.0
CE-0340,19.79,-90.0,0.0
CE-0339,22.48,-90.0,0.0
CE-0342,15.28,-90.0,0.0
CE-0341,15.27,-90.0,0.0
CE-0328,19.14,-90.0,0.0
CE-0327,10.64,-90.0,0.0
CE-0330,22.5,-90.0,0.0
CE-0329,20.93,-90.0,0.0
CE-0332,24.3,-90.0,0.0
CE-0331,15.39,-90.0,0.0
CE-0334,9.43,-90.0,0.0
CE-0333,22.0,-90.0,0.0
CE-0352,17.84,-90.0,0.0
CE-0351,18.92,-90.0,0.0
CE-0354,18.06,-90.0,0.0
CE-0353,24.57,-90.0,0.0
CE-0356,17.68,-90.0,0.0
CE-0355,18.43,-90.0,0.0
CE-0358,16.02,-90.0,0.0
CE-0357,16.53,-90.0,0.0
CE-0344,19.68,-90.0,0.0
CE-0343,17.11,-90.0,0.0
CE-0346,24.04,-90.0,0.0
CE-0345,20.37,-90.0,0.0
CE-0348,17.77,-90.0,0.0
CE-0347,15.19,-90.0,0.0
CE-0350,16.83,-90.0,0.0
CE-0349,21.83,-90.0,0.0
CE-0304,20.78,-90.0,0.0
CE-0303,23.0,-90.0,0.0
CE-0306,10.58,-90.0,0.0
CE-0305,11.08,-90.0,0.0
CE-0308,12.22,-90.0,0.0
CE-0307,15.59,-90.0,0.0
CE-0310,15.93,-90.0,0.0
CE-0309,23.74,-90.0,0.0
CE-0296,24.34,-90.0,0.0
CE-0295,16.69,-90.0,0.0
CE-0298,23.08,-90.0,0.0
CE-0297,21.05,-90.0,0.0
CE-0300,16.03,-90.0,0.0
CE-0299,20.73,-90.0,0.0
CE-0302,18.1,-90.0,0.0
CE-0301,22.75,-90.0,0.0
CE-0320,22.77,-90.0,0.0
CE-0319,21.26,-90.0,0.0
CE-0322,16.6,-90.0,0.0
CE-0321,21.44,-90.0,0.0
CE-0324,13.04,-90.0,0.0
CE-0323,18.16,-90.0,0.0
CE-0326,22.94,-90.0,0.0
CE-0325,24.9,-90.0,0.0
CE-0312,21.34,-90.0,0.0
CE-0311,15.27,-90.0,0.0
CE-0314,20.98,-90.0,0.0
CE-0313,21.87,-90.0,0.0
CE-0316,22.04,-90.0,0.0
CE-0315,18.52,-90.0,0.0
CE-0318,24.54,-90.0,0.0
CE-0317,17.93,-90.0,0.0
CE-0272,19.77,-90.0,0.0
CE-0271,15.28,-90.0,0.0
CE-0274,13.13,-90.0,0.0
CE-0273,21.14,-90.0,0.0
CE-0276,22.69,-90.0,0.0
CE-0275,22.73,-90.0,0.0
CE-0278,15.69,-90.0,0.0
CE-0277,22.34,-90.0,0.0
CE-0264,15.4,-90.0,0.0
CE-0263,21.24,-90.0,0.0
CE-0266,24.53,-90.0,0.0
CE-0265,21.42,-90.0,0.0
CE-0268,23.31,-90.0,0.0
CE-0267,20.5,-90.0,0.0
CE-0270,18.85,-90.0,0.0
CE-0269,15.38,-90.0,0.0
CE-0288,21.75,-90.0,0.0
CE-0287,17.82,-90.0,0.0
CE-0290,22.27,-90.0,0.0
CE-0289,13.43,-90.0,0.0
CE-0292,16.53,-90.0,0.0
CE-0291,22.49,-90.0,0.0
CE-0294,22.22,-90.0,0.0
CE-0293,15.7,-90.0,0.0
CE-0280,24.94,-90.0,0.0
CE-0279,16.15,-90.0,0.0
CE-0282,21.84,-90.0,0.0
CE-0281,24.16,-90.0,0.0
CE-0284,23.33,-90.0,0.0
CE-0283,19.34,-90.0,0.0
CE-0286,22.61,-90.0,0.0
CE-0285,9.92,-90.0,0.0
CE-0240,20.77,-90.0,0.0
CE-0239,22.2,-90.0,0.0
CE-0242,13.06,-90.0,0.0
CE-0241,10.46,-90.0,0.0
CE-0244,10.51,-90.0,0.0
CE-0243,20.48,-90.0,0.0
CE-0246,9.72,-90.0,0.0
CE-0245,17.85,-90.0,0.0
CE-0232,20.49,-90.0,0.0
CE-0231,12.47,-90.0,0.0
CE-0234,13.9,-90.0,0.0
CE-0233,24.98,-90.0,0.0
CE-0236,19.27,-90.0,0.0
CE-0235,17.15,-90.0,0.0
CE-0238,17.63,-90.0,0.0
CE-0237,16.67,-90.0,0.0
CE-0256,20.98,-90.0,0.0
CE-0255,14.29,-90.0,0.0
CE-0258,15.99,-90.0,0.0
CE-0257,24.06,-90.0,0.0
CE-0260,23.02,-90.0,0.0
CE-0259,16.7,-90.0,0.0
CE-0262,10.21,-90.0,0.0
CE-0261,19.49,-90.0,0.0
CE-0248,21.84,-90.0,0.0
CE-0247,20.25,-90.0,0.0
CE-0250,19.29,-90.0,0.0
CE-0249,19.86,-90.0,0.0
CE-0252,22.41,-90.0,0.0
CE-0251,23.58,-90.0,0.0
CE-0254,17.85,-90.0,0.0
CE-0253,15.74,-90.0,0.0
CE-0208,13.99,-90.0,0.0
CE-0207,18.63,-90.0,0.0
CE-0210,16.06,-90.0,0.0
CE-0209,14.33,-90.0,0.0
CE-0212,15.69,-90.0,0.0
CE-0211,19.99,-90.0,0.0
CE-0214,20.0,-90.0,0.0
CE-0213,21.28,-90.0,0.0
CE-0200,15.46,-90.0,0.0
CE-0199,22.8,-90.0,0.0
CE-0202,18.25,-90.0,0.0
CE-0201,23.87,-90.0,0.0
CE-0204,22.41,-90.0,0.0
CE-0203,22.42,-90.0,0.0
CE-0206,9.7,-90.0,0.0
CE-0205,23.45,-90.0,0.0
CE-0224,16.25,-90.0,0.0
CE-0223,21.76,-90.0,0.0
CE-0226,16.01,-90.0,0.0
CE-0225,13.93,-90.0,0.0
CE-0228,22.37,-90.0,0.0
CE-0227,17.48,-90.0,0.0
CE-0230,22.36,-90.0,0.0
CE-0229,15.11,-90.0,0.0
CE-0216,11.18,-90.0,0.0
CE-0215,17.43,-90.0,0.0
CE-0218,12.91,-90.0,0.0
CE-0217,16.02,-90.0,0.0
CE-0220,15.79,-90.0,0.0
CE-0219,18.26,-90.0,0.0
CE-0222,22.73,-90.0,0.0
CE-0221,21.0,-90.0,0.0
CE-0176,19.48,-90.0,0.0
CE-0175,22.49,-90.0,0.0
CE-0178,13.6,-90.0,0.0
CE-0177,8.32,-90.0,0.0
CE-0180,8.32,-90.0,0.0
CE-0179,10.54,-90.0,0.0
CE-0182,20.34,-90.0,0.0
CE-0181,22.03,-90.0,0.0
CE-0168,18.97,-90.0,0.0
CE-0167,24.0,-90.0,0.0
CE-0170,20.36,-90.0,0.0
CE-0169,12.76,-90.0,0.0
CE-0172,17.37,-90.0,0.0
CE-0171,22.04,-90.0,0.0
CE-0174,10.06,-90.0,0.0
CE-0173,24.6,-90.0,0.0
CE-0192,11.18,-90.0,0.0
CE-0191,22.66,-90.0,0.0
CE-0194,22.96,-90.0,0.0
CE-0193,21.58,-90.0,0.0
CE-0196,9.23,-90.0,0.0
CE-0195,19.0,-90.0,0.0
CE-0198,15.43,-90.0,0.0
CE-0197,22.04,-90.0,0.0
CE-0184,9.25,-90.0,0.0
CE-0183,23.46,-90.0,0.0
CE-0186,9.33,-90.0,0.0
CE-0185,20.71,-90.0,0.0
CE-0188,22.76,-90.0,0.0
CE-0187,19.47,-90.0,0.0
CE-0190,23.43,-90.0,0.0
CE-0189,24.95,-90.0,0.0
CE-0144,23.45,-90.0,0.0
CE-0143,21.29,-90.0,0.0
CE-0146,15.32,-90.0,0.0
CE-0145,24.78,-90.0,0.0
CE-0148,21.36,-90.0,0.0
CE-0147,24.4,-90.0,0.0
CE-0150,18.08,-90.0,0.0
CE-0149,18.36,-90.0,0.0
CE-0136,16.61,-90.0,0.0
CE-0135,17.75,-90.0,0.0
CE-0138,16.37,-90.0,0.0
CE-0137,16.11,-90.0,0.0
CE-0140,22.31,-90.0,0.0
CE-0139,19.27,-90.0,0.0
CE-0142,17.42,-90.0,0.0
CE-0141,16.8,-90.0,0.0
CE-0160,20.31,-90.0,0.0
CE-0159,15.77,-90.0,0.0
CE-0162,18.82,-90.0,0.0
CE-0161,16.08,-90.0,0.0
CE-0164,10.96,-90.0,0.0
CE-0163,16.3,-90.0,0.0
CE-0166,9.21,-90.0,0.0
CE-0165,17.27,-90.0,0.0
CE-0152,16.17,-90.0,0.0
CE-0151,23.35,-90.0,0.0
CE-0154,17.42,-90.0,0.0
CE-0153,19.28,-90.0,0.0
CE-0156,24.35,-90.0,0.0
CE-0155,22.73,-90.0,0.0
CE-0158,17.77,-90.0,0.0
CE-0157,7.9,-90.0,0.0
CE-1136,23.21,-90.0,0.0
CE-1135,23.98,-90.0,0.0
CE-1138,8.96,-90.0,0.0
CE-1137,13.45,-90.0,0.0
CE-1140,6.56,-90.0,0.0
CE-1139,20.98,-90.0,0.0
CE-1142,16.52,-90.0,0.0
CE-1141,12.09,-90.0,0.0
CE-1128,24.08,-90.0,0.0
CE-1127,19.33,-90.0,0.0
CE-1130,23.54,-90.0,0.0
CE-1129,15.7,-90.0,0.0
CE-1132,9.44,-90.0,0.0
CE-1131,19.93,-90.0,0.0
CE-1134,17.47,-90.0,0.0
CE-1133,15.13,-90.0,0.0
CE-1152,18.66,-90.0,0.0
CE-1151,12.99,-90.0,0.0
CE-1154,23.56,-90.0,0.0
CE-1153,21.03,-90.0,0.0
CE-1156,15.96,-90.0,0.0
CE-1155,12.07,-90.0,0.0
CE-1158,16.41,-90.0,0.0
CE-1157,23.3,-90.0,0.0
CE-1144,17.75,-90.0,0.0
CE-1143,17.52,-90.0,0.0
CE-1146,21.51,-90.0,0.0
CE-1145,17.72,-90.0,0.0
CE-1148,13.6,-90.0,0.0
CE-1147,11.3,-90.0,0.0
CE-1150,15.11,-90.0,0.0
CE-1149,13.63,-90.0,0.0
CE-1104,16.64,-90.0,0.0
CE-1103,18.0,-90.0,0.0
CE-1106,22.41,-90.0,0.0
CE-1105,16.12,-90.0,0.0
CE-1108,24.87,-90.0,0.0
CE-1107,21.03,-90.0,0.0
CE-1110,24.81,-90.0,0.0
CE-1109,19.54,-90.0,0.0
CE-1096,16.21,-90.0,0.0
CE-1095,19.4,-90.0,0.0
CE-1098,22.44,-90.0,0.0
CE-1097,19.12,-90.0,0.0
CE-1100,10.63,-90.0,0.0
CE-1099,19.51,-90.0,0.0
CE-1102,19.21,-90.0,0.0
CE-1101,21.8,-90.0,0.0
CE-1120,21.38,-90.0,0.0
CE-1119,20.66,-90.0,0.0
CE-1122,16.25,-90.0,0.0
CE-1121,17.16,-90.0,0.0
CE-1124,22.63,-90.0,0.0
CE-1123,17.46,-90.0,0.0
CE-1126,18.13,-90.0,0.0
CE-1125,19.28,-90.0,0.0
CE-1112,21.67,-90.0,0.0
CE-1111,24.84,-90.0,0.0
CE-1114,20.47,-90.0,0.0
CE-1113,8.96,-90.0,0.0
CE-1116,8.04,-90.0,0.0
CE-1115,13.68,-90.0,0.0
CE-1118,5.32,-90.0,0.0
CE-1117,11.93,-90.0,0.0
CE-1072,9.59,-90.0,0.0
CE-1071,13.09,-90.0,0.0
CE-1074,10.47,-90.0,0.0
CE-1073,12.33,-90.0,0.0
CE-1076,8.04,-90.0,0.0
CE-1075,22.96,-90.0,0.0
CE-1078,17.87,-90.0,0.0
CE-1077,18.33,-90.0,0.0
CE-1064,22.32,-90.0,0.0
CE-1063,15.61,-90.0,0.0
CE-1066,18.21,-90.0,0.0
CE-1065,15.43,-90.0,0.0
CE-1068,17.38,-90.0,0.0
CE-1067,15.89,-90.0,0.0
CE-1070,18.34,-90.0,0.0
CE-1069,23.45,-90.0,0.0
CE-1088,19.8,-90.0,0.0
CE-1087,23.33,-90.0,0.0
CE-1090,19.33,-90.0,0.0
CE-1089,16.83,-90.0,0.0
CE-1092,20.44,-90.0,0.0
CE-1091,15.35,-90.0,0.0
CE-1094,24.5,-90.0,0.0
CE-1093,18.54,-90.0,0.0
CE-1080,19.55,-90.0,0.0
CE-1079,18.43,-90.0,0.0
CE-1082,23.59,-90.0,0.0
CE-1081,19.55,-90.0,0.0
CE-1084,21.09,-90.0,0.0
CE-1083,13.42,-90.0,0.0
CE-1086,18.56,-90.0,0.0
CE-1085,21.63,-90.0,0.0
CE-1040,16.58,-90.0,0.0
CE-1039,17.07,-90.0,0.0
CE-1042,15.23,-90.0,0.0
CE-1041,21.39,-90.0,0.0
CE-1044,21.03,-90.0,0.0
CE-1043,17.22,-90.0,0.0
CE-1046,15.76,-90.0,0.0
CE-1045,10.9,-90.0,0.0
CE-1032,19.03,-90.0,0.0
CE-1031,9.63,-90.0,0.0
CE-1034,20.04,-90.0,0.0
CE-1033,22.41,-90.0,0.0
CE-1036,15.84,-90.0,0.0
CE-1035,12.54,-90.0,0.0
CE-1038,18.99,-90.0,0.0
CE-1037,14.1,-90.0,0.0
CE-1056,21.26,-90.0,0.0
CE-1055,13.97,-90.0,0.0
CE-1058,22.73,-90.0,0.0
CE-1057,10.42,-90.0,0.0
CE-1060,18.76,-90.0,0.0
CE-1059,14.43,-90.0,0.0
CE-1062,20.1,-90.0,0.0
CE-1061,24.96,-90.0,0.0
CE-1048,21.16,-90.0,0.0
CE-1047,15.42,-90.0,0.0
CE-1050,15.23,-90.0,0.0
CE-1049,7.37,-90.0,0.0
CE-1052,12.66,-90.0,0.0
CE-1051,11.75,-90.0,0.0
CE-1054,13.67,-90.0,0.0
CE-1053,8.14,-90.0,0.0
CE-1008,13.63,-90.0,0.0
CE-1007,11.91,-90.0,0.0
CE-1010,12.82,-90.0,0.0
CE-1009,13.33,-90.0,0.0
CE-1012,12.46,-90.0,0.0
CE-1011,22.35,-90.0,0.0
CE-1014,22.08,-90.0,0.0
CE-1013,20.04,-90.0,0.0
CE-1000,15.09,-90.0,0.0
CE-0999,9.78,-90.0,0.0
CE-1002,21.16,-90.0,0.0
CE-1001,23.31,-90.0,0.0
CE-1004,13.36,-90.0,0.0
CE-1003,20.83,-90.0,0.0
CE-1006,17.78,-90.0,0.0
CE-1005,17.4,-90.0,0.0
CE-1024,18.4,-90.0,0.0
CE-1023,11.7,-90.0,0.0
CE-1026,22.67,-90.0,0.0
CE-1025,15.08,-90.0,0.0
CE-1028,19.77,-90.0,0.0
CE-1027,23.57,-90.0,0.0
CE-1030,21.25,-90.0,0.0
CE-1029,22.25,-90.0,0.0
CE-1016,21.74,-90.0,0.0
CE-1015,17.09,-90.0,0.0
CE-1018,16.77,-90.0,0.0
CE-1017,24.37,-90.0,0.0
CE-1020,10.3,-90.0,0.0
CE-1019,14.54,-90.0,0.0
CE-1022,15.48,-90.0,0.0
CE-1021,20.72,-90.0,0.0
CE-0976,23.18,-90.0,0.0
CE-0975,23.94,-90.0,0.0
CE-0978,17.73,-90.0,0.0
CE-0977,18.04,-90.0,0.0
CE-0980,24.19,-90.0,0.0
CE-0979,20.37,-90.0,0.0
CE-0982,23.42,-90.0,0.0
CE-0981,24.12,-90.0,0.0
CE-0968,15.44,-90.0,0.0
CE-0967,22.83,-90.0,0.0
CE-0970,19.42,-90.0,0.0
CE-0969,20.0,-90.0,0.0
CE-0972,22.48,-90.0,0.0
CE-0971,21.16,-90.0,0.0
CE-0974,22.67,-90.0,0.0
CE-0973,18.97,-90.0,0.0
CE-0992,19.27,-90.0,0.0
CE-0991,20.91,-90.0,0.0
CE-0994,18.21,-90.0,0.0
CE-0993,10.21,-90.0,0.0
CE-0996,16.02,-90.0,0.0
CE-0995,18.25,-90.0,0.0
CE-0998,20.68,-90.0,0.0
CE-0997,23.81,-90.0,0.0
CE-0984,24.13,-90.0,0.0
CE-0983,21.13,-90.0,0.0
CE-0986,17.92,-90.0,0.0
CE-0985,6.13,-90.0,0.0
CE-0988,13.1,-90.0,0.0
CE-0987,11.36,-90.0,0.0
CE-0990,8.65,-90.0,0.0
CE-0989,8.84,-90.0,0.0
CE-0944,9.04,-90.0,0.0
CE-0943,13.38,-90.0,0.0
CE-0946,10.5,-90.0,0.0
CE-0945,12.97,-90.0,0.0
CE-0948,8.39,-90.0,0.0
CE-0947,11.19,-90.0,0.0
CE-0950,19.93,-90.0,0.0
CE-0949,22.14,-90.0,0.0
CE-0936,11.21,-90.0,0.0
CE-0935,12.36,-90.0,0.0
CE-0938,15.35,-90.0,0.0
CE-0937,19.73,-90.0,0.0
CE-0940,17.12,-90.0,0.0
CE-0939,16.77,-90.0,0.0
CE-0942,11.02,-90.0,0.0
CE-0941,9.91,-90.0,0.0
CE-0960,23.22,-90.0,0.0
CE-0959,20.3,-90.0,0.0
CE-0962,20.56,-90.0,0.0
CE-0961,11.43,-90.0,0.0
CE-0964,19.07,-90.0,0.0
CE-0963,21.75,-90.0,0.0
CE-0966,13.3,-90.0,0.0
CE-0965,22.19,-90.0,0.0
CE-0952,15.31,-90.0,0.0
CE-0951,19.63,-90.0,0.0
CE-0954,23.69,-90.0,0.0
CE-0953,19.39,-90.0,0.0
CE-0956,21.7,-90.0,0.0
CE-0955,16.0,-90.0,0.0
CE-0958,9.12,-90.0,0.0
CE-0957,19.56,-90.0,0.0
CE-0912,18.36,-90.0,0.0
CE-0911,18.83,-90.0,0.0
CE-0914,24.59,-90.0,0.0
CE-0913,24.85,-90.0,0.0
CE-0916,21.66,-90.0,0.0
CE-0915,10.2,-90.0,0.0
CE-0918,20.21,-90.0,0.0
CE-0917,17.93,-90.0,0.0
CE-0904,15.94,-90.0,0.0
CE-0903,23.82,-90.0,0.0
CE-0906,23.47,-90.0,0.0
CE-0905,20.03,-90.0,0.0
CE-0908,17.42,-90.0,0.0
CE-0907,19.84,-90.0,0.0
CE-0910,21.07,-90.0,0.0
CE-0909,23.87,-90.0,0.0
CE-0928,16.01,-90.0,0.0
CE-0927,22.22,-90.0,0.0
CE-0930,18.65,-90.0,0.0
CE-0929,20.54,-90.0,0.0
CE-0932,16.37,-90.0,0.0
CE-0931,20.3,-90.0,0.0
CE-0934,22.84,-90.0,0.0
CE-0933,13.91,-90.0,0.0
CE-0920,22.03,-90.0,0.0
CE-0919,21.56,-90.0,0.0
CE-0922,24.78,-90.0,0.0
CE-0921,8.85,-90.0,0.0
CE-0924,15.08,-90.0,0.0
CE-0923,15.46,-90.0,0.0
CE-0926,16.0,-90.0,0.0
CE-0925,16.69,-90.0,0.0
CE-0880,15.31,-90.0,0.0
CE-0879,21.06,-90.0,0.0
CE-0882,16.98,-90.0,0.0
CE-0881,16.06,-90.0,0.0
CE-0884,15.1,-90.0,0.0
CE-0883,11.02,-90.0,0.0
CE-0886,24.38,-90.0,0.0
CE-0885,18.59,-90.0,0.0
CE-0872,17.01,-90.0,0.0
CE-0871,21.88,-90.0,0.0
CE-0874,23.5,-90.0,0.0
CE-0873,22.38,-90.0,0.0
CE-0876,19.31,-90.0,0.0
CE-0875,18.61,-90.0,0.0
CE-0878,22.26,-90.0,0.0
CE-0877,21.49,-90.0,0.0
CE-0896,15.09,-90.0,0.0
CE-0895,17.34,-90.0,0.0
CE-0898,23.24,-90.0,0.0
CE-0897,20.81,-90.0,0.0
CE-0900,19.51,-90.0,0.0
CE-0899,24.24,-90.0,0.0
CE-0902,17.25,-90.0,0.0
CE-0901,23.33,-90.0,0.0
CE-0888,16.55,-90.0,0.0
CE-0887,18.81,-90.0,0.0
CE-0890,19.83,-90.0,0.0
CE-0889,22.77,-90.0,0.0
CE-0892,15.21,-90.0,0.0
CE-0891,18.75,-90.0,0.0
CE-0894,9.77,-90.0,0.0
CE-0893,18.22,-90.0,0.0
CE-0848,10.81,-90.0,0.0
CE-0847,22.35,-90.0,0.0
CE-0850,16.9,-90.0,0.0
CE-0849,17.33,-90.0,0.0
CE-0852,24.31,-90.0,0.0
CE-0851,13.02,-90.0,0.0
CE-0854,9.21,-90.0,0.0
CE-0853,18.99,-90.0,0.0
CE-0840,11.77,-90.0,0.0
CE-0839,18.62,-90.0,0.0
CE-0842,17.62,-90.0,0.0
CE-0841,24.85,-90.0,0.0
CE-0844,21.97,-90.0,0.0
CE-0843,17.83,-90.0,0.0
CE-0846,15.44,-90.0,0.0
CE-0845,21.33,-90.0,0.0
CE-0864,19.59,-90.0,0.0
CE-0863,15.37,-90.0,0.0
CE-0866,9.58,-90.0,0.0
CE-0865,20.03,-90.0,0.0
CE-0868,23.76,-90.0,0.0
CE-0867,15.34,-90.0,0.0
CE-0870,21.69,-90.0,0.0
CE-0869,23.3,-90.0,0.0
CE-0856,22.33,-90.0,0.0
CE-0855,23.72,-90.0,0.0
CE-0858,15.2,-90.0,0.0
CE-0857,19.21,-90.0,0.0
CE-0860,20.8,-90.0,0.0
CE-0859,11.8,-90.0,0.0
CE-0862,23.68,-90.0,0.0
CE-0861,18.36,-90.0,0.0
CE-0816,24.0,-90.0,0.0
CE-0815,9.96,-90.0,0.0
CE-0818,22.5,-90.0,0.0
CE-0817,12.34,-90.0,0.0
CE-0820,12.42,-90.0,0.0
CE-0819,15.19,-90.0,0.0
CE-0822,19.5,-90.0,0.0
CE-0821,16.71,-90.0,0.0
CE-0808,16.93,-90.0,0.0
CE-0807,17.18,-90.0,0.0
CE-0810,24.04,-90.0,0.0
CE-0809,15.25,-90.0,0.0
CE-0812,19.3,-90.0,0.0
CE-0811,21.56,-90.0,0.0
CE-0814,15.57,-90.0,0.0
CE-0813,20.77,-90.0,0.0
CE-0832,24.5,-90.0,0.0
CE-0831,20.59,-90.0,0.0
CE-0834,14.34,-90.0,0.0
CE-0833,23.24,-90.0,0.0
CE-0836,17.22,-90.0,0.0
CE-0835,22.21,-90.0,0.0
CE-0838,19.21,-90.0,0.0
CE-0837,17.74,-90.0,0.0
CE-0824,18.21,-90.0,0.0
CE-0823,11.07,-90.0,0.0
CE-0826,24.58,-90.0,0.0
CE-0825,24.51,-90.0,0.0
CE-0828,20.59,-90.0,0.0
CE-0827,22.07,-90.0,0.0
CE-0830,22.72,-90.0,0.0
CE-0829,15.16,-90.0,0.0
CE-0784,19.02,-90.0,0.0
CE-0783,17.64,-90.0,0.0
CE-0786,19.15,-90.0,0.0
CE-0785,19.83,-90.0,0.0
CE-0788,24.97,-90.0,0.0
CE-0787,12.35,-90.0,0.0
CE-0790,19.45,-90.0,0.0
CE-0789,24.39,-90.0,0.0
CE-0776,17.02,-90.0,0.0
CE-0775,8.08,-90.0,0.0
CE-0778,16.76,-90.0,0.0
CE-0777,16.25,-90.0,0.0
CE-0780,21.45,-90.0,0.0
CE-0779,18.95,-90.0,0.0
CE-0782,12.72,-90.0,0.0
CE-0781,10.63,-90.0,0.0
CE-0800,9.2,-90.0,0.0
CE-0799,15.38,-90.0,0.0
CE-0802,23.28,-90.0,0.0
CE-0801,18.11,-90.0,0.0
CE-0804,24.44,-90.0,0.0
CE-0803,24.55,-90.0,0.0
CE-0806,19.03,-90.0,0.0
CE-0805,21.03,-90.0,0.0
CE-0792,19.43,-90.0,0.0
CE-0791,22.38,-90.0,0.0
CE-0794,23.85,-90.0,0.0
CE-0793,20.66,-90.0,0.0
CE-0796,16.09,-90.0,0.0
CE-0795,22.52,-90.0,0.0
CE-0798,19.58,-90.0,0.0
CE-0797,17.43,-90.0,0.0
CE-0752,16.75,-90.0,0.0
CE-0751,23.02,-90.0,0.0
CE-0754,15.58,-90.0,0.0
CE-0753,20.34,-90.0,0.0
CE-0756,15.95,-90.0,0.0
CE-0755,18.26,-90.0,0.0
CE-0758,17.01,-90.0,0.0
CE-0757,24.02,-90.0,0.0
CE-0744,10.63,-90.0,0.0
CE-0743,19.83,-90.0,0.0
CE-0746,17.88,-90.0,0.0
CE-0745,17.05,-90.0,0.0
CE-0748,12.93,-90.0,0.0
CE-0747,21.66,-90.0,0.0
CE-0750,15.74,-90.0,0.0
CE-0749,22.55,-90.0,0.0
CE-0768,22.84,-90.0,0.0
CE-0767,20.99,-90.0,0.0
CE-0770,17.78,-90.0,0.0
CE-0769,15.98,-90.0,0.0
CE-0772,16.96,-90.0,0.0
CE-0771,15.82,-90.0,0.0
CE-0774,20.27,-90.0,0.0
CE-0773,22.34,-90.0,0.0
CE-0760,20.63,-90.0,0.0
CE-0759,17.45,-90.0,0.0
CE-0762,21.11,-90.0,0.0
CE-0761,9.59,-90.0,0.0
CE-0764,13.37,-90.0,0.0
CE-0763,18.99,-90.0,0.0
CE-0766,9.92,-90.0,0.0
CE-0765,5.5,-90.0,0.0
CE-0720,11.92,-90.0,0.0
CE-0719,18.35,-90.0,0.0
CE-0722,11.13,-90.0,0.0
CE-0721,13.11,-90.0,0.0
CE-0724,15.08,-90.0,0.0
CE-0723,19.94,-90.0,0.0
CE-0726,9.2,-90.0,0.0
CE-0725,8.33,-90.0,0.0
CE-0712,16.37,-90.0,0.0
CE-0711,16.77,-90.0,0.0
CE-0714,13.81,-90.0,0.0
CE-0713,23.52,-90.0,0.0
CE-0716,17.53,-90.0,0.0
CE-0715,20.0,-90.0,0.0
CE-0718,16.77,-90.0,0.0
CE-0717,21.73,-90.0,0.0
CE-0736,14.23,-90.0,0.0
CE-0735,18.34,-90.0,0.0
CE-0738,16.5,-90.0,0.0
CE-0737,13.22,-90.0,0.0
CE-0740,20.25,-90.0,0.0
CE-0739,9.51,-90.0,0.0
CE-0742,22.47,-90.0,0.0
CE-0741,21.87,-90.0,0.0
CE-0728,20.4,-90.0,0.0
CE-0727,19.24,-90.0,0.0
CE-0730,17.28,-90.0,0.0
CE-0729,18.51,-90.0,0.0
CE-0732,17.29,-90.0,0.0
CE-0731,24.15,-90.0,0.0
CE-0734,16.26,-90.0,0.0
CE-0733,24.79,-90.0,0.0
CE-0688,21.02,-90.0,0.0
CE-0687,24.4,-90.0,0.0
CE-0690,16.43,-90.0,0.0
CE-0689,16.09,-90.0,0.0
CE-0692,21.99,-90.0,0.0
CE-0691,24.48,-90.0,0.0
CE-0694,12.54,-90.0,0.0
CE-0693,21.02,-90.0,0.0
CE-0680,17.15,-90.0,0.0
CE-0679,10.69,-90.0,0.0
CE-0682,24.33,-90.0,0.0
CE-0681,18.87,-90.0,0.0
CE-0684,24.92,-90.0,0.0
CE-0683,15.03,-90.0,0.0
CE-0686,22.1,-90.0,0.0
CE-0685,20.64,-90.0,0.0
CE-0704,16.33,-90.0,0.0
CE-0703,12.75,-90.0,0.0
CE-0706,23.14,-90.0,0.0
CE-0705,9.87,-90.0,0.0
CE-0708,8.44,-90.0,0.0
CE-0707,11.67,-90.0,0.0
CE-0710,11.25,-90.0,0.0
CE-0709,7.84,-90.0,0.0
CE-0696,16.42,-90.0,0.0
CE-0695,20.03,-90.0,0.0
CE-0698,22.15,-90.0,0.0
CE-0697,19.77,-90.0,0.0
CE-0700,23.13,-90.0,0.0
CE-0699,11.39,-90.0,0.0
CE-0702,9.04,-90.0,0.0
CE-0701,24.68,-90.0,0.0
CE-0656,22.48,-90.0,0.0
CE-0655,14.91,-90.0,0.0
CE-0658,13.15,-90.0,0.0
CE-0657,10.56,-90.0,0.0
CE-0660,18.19,-90.0,0.0
CE-0659,16.49,-90.0,0.0
CE-0662,15.19,-90.0,0.0
CE-0661,15.83,-90.0,0.0
CE-0648,20.05,-90.0,0.0
CE-0647,14.49,-90.0,0.0
CE-0650,21.87,-90.0,0.0
CE-0649,22.6,-90.0,0.0
CE-0652,22.56,-90.0,0.0
CE-0651,15.56,-90.0,0.0
CE-0654,20.49,-90.0,0.0
CE-0653,17.2,-90.0,0.0
CE-0672,24.14,-90.0,0.0
CE-0671,18.05,-90.0,0.0
CE-0674,24.56,-90.0,0.0
CE-0673,22.16,-90.0,0.0
CE-0676,19.64,-90.0,0.0
CE-0675,21.91,-90.0,0.0
CE-0678,18.91,-90.0,0.0
CE-0677,20.23,-90.0,0.0
CE-0664,18.71,-90.0,0.0
CE-0663,22.18,-90.0,0.0
CE-0666,19.87,-90.0,0.0
CE-0665,17.06,-90.0,0.0
CE-0668,20.29,-90.0,0.0
CE-0667,15.04,-90.0,0.0
CE-0670,20.36,-90.0,0.0
CE-0669,17.69,-90.0,0.0
CE-3695,24.76,-90.0,0.0
CE-3694,14.19,-90.0,0.0
CE-3697,24.63,-90.0,0.0
CE-3696,20.44,-90.0,0.0
CE-3699,17.86,-90.0,0.0
CE-3698,18.82,-90.0,0.0
CE-3701,23.98,-90.0,0.0
CE-3700,15.55,-90.0,0.0
CE-3687,20.34,-90.0,0.0
CE-3686,10.12,-90.0,0.0
CE-3689,8.07,-90.0,0.0
CE-3688,11.51,-90.0,0.0
CE-3691,7.64,-90.0,0.0
CE-3690,13.4,-90.0,0.0
CE-3693,9.99,-90.0,0.0
CE-3692,17.06,-90.0,0.0
CE-3711,16.71,-90.0,0.0
CE-3710,22.75,-90.0,0.0
CE-3713,23.36,-90.0,0.0
CE-3712,15.37,-90.0,0.0
CE-3715,5.09,-90.0,0.0
CE-3714,4.83,-90.0,0.0
CE-3717,14.15,-90.0,0.0
CE-3716,20.5,-90.0,0.0
CE-3703,24.08,-90.0,0.0
CE-3702,12.09,-90.0,0.0
CE-3705,20.99,-90.0,0.0
CE-3704,20.24,-90.0,0.0
CE-3707,23.43,-90.0,0.0
CE-3706,18.85,-90.0,0.0
CE-3709,16.94,-90.0,0.0
CE-3708,23.43,-90.0,0.0
CE-3663,21.08,-90.0,0.0
CE-3662,22.66,-90.0,0.0
CE-3665,21.56,-90.0,0.0
CE-3664,19.19,-90.0,0.0
CE-3667,24.53,-90.0,0.0
CE-3666,11.8,-90.0,0.0
CE-3669,12.57,-90.0,0.0
CE-3668,11.33,-90.0,0.0
CE-3655,12.64,-90.0,0.0
CE-3654,18.87,-90.0,0.0
CE-3657,16.26,-90.0,0.0
CE-3656,24.57,-90.0,0.0
CE-3659,18.59,-90.0,0.0
CE-3658,20.68,-90.0,0.0
CE-3661,20.6,-90.0,0.0
CE-3660,24.58,-90.0,0.0
CE-3679,23.33,-90.0,0.0
CE-3678,21.28,-90.0,0.0
CE-3681,22.52,-90.0,0.0
CE-3680,15.8,-90.0,0.0
CE-3683,24.83,-90.0,0.0
CE-3682,18.16,-90.0,0.0
CE-3685,15.17,-90.0,0.0
CE-3684,11.11,-90.0,0.0
CE-3671,24.64,-90.0,0.0
CE-3670,17.22,-90.0,0.0
CE-3673,22.0,-90.0,0.0
CE-3672,13.16,-90.0,0.0
CE-3675,25.0,-90.0,0.0
CE-3674,18.24,-90.0,0.0
CE-3677,24.27,-90.0,0.0
CE-3676,20.86,-90.0,0.0
CE-3631,9.12,-90.0,0.0
CE-3630,13.79,-90.0,0.0
CE-3633,6.06,-90.0,0.0
CE-3632,11.16,-90.0,0.0
CE-3635,13.65,-90.0,0.0
CE-3634,10.23,-90.0,0.0
CE-3637,19.52,-90.0,0.0
CE-3636,18.74,-90.0,0.0
CE-3623,22.15,-90.0,0.0
CE-3622,12.05,-90.0,0.0
CE-3625,23.92,-90.0,0.0
CE-3624,11.1,-90.0,0.0
CE-3627,9.77,-90.0,0.0
CE-3626,5.54,-90.0,0.0
CE-3629,20.65,-90.0,0.0
CE-3628,17.53,-90.0,0.0
CE-3647,23.36,-90.0,0.0
CE-3646,15.15,-90.0,0.0
CE-3649,22.03,-90.0,0.0
CE-3648,16.34,-90.0,0.0
CE-3651,13.43,-90.0,0.0
CE-3650,21.6,-90.0,0.0
CE-3653,21.17,-90.0,0.0
CE-3652,23.94,-90.0,0.0
CE-3639,19.66,-90.0,0.0
CE-3638,19.59,-90.0,0.0
CE-3641,23.47,-90.0,0.0
CE-3640,19.97,-90.0,0.0
CE-3643,24.23,-90.0,0.0
CE-3642,12.59,-90.0,0.0
CE-3645,16.94,-90.0,0.0
CE-3644,22.56,-90.0,0.0
CE-3599,22.63,-90.0,0.0
CE-3598,24.03,-90.0,0.0
CE-3601,20.27,-90.0,0.0
CE-3600,18.74,-90.0,0.0
CE-3603,23.09,-90.0,0.0
CE-3602,15.3,-90.0,0.0
CE-3605,20.88,-90.0,0.0
CE-3604,16.53,-90.0,0.0
CE-3591,19.8,-90.0,0.0
CE-3590,11.21,-90.0,0.0
CE-3593,22.87,-90.0,0.0
CE-3592,13.94,-90.0,0.0
CE-3595,19.06,-90.0,0.0
CE-3594,19.64,-90.0,0.0
CE-3597,19.79,-90.0,0.0
CE-3596,24.77,-90.0,0.0
CE-3615,14.13,-90.0,0.0
CE-3614,18.67,-90.0,0.0
CE-3617,24.29,-90.0,0.0
CE-3616,14.16,-90.0,0.0
CE-3619,21.65,-90.0,0.0
CE-3618,24.43,-90.0,0.0
CE-3621,13.57,-90.0,0.0
CE-3620,16.43,-90.0,0.0
CE-3607,12.56,-90.0,0.0
CE-3606,10.77,-90.0,0.0
CE-3609,10.44,-90.0,0.0
CE-3608,13.24,-90.0,0.0
CE-3611,13.94,-90.0,0.0
CE-3610,20.71,-90.0,0.0
CE-3613,22.39,-90.0,0.0
CE-3612,24.48,-90.0,0.0
CE-3567,22.83,-90.0,0.0
CE-3566,11.35,-90.0,0.0
CE-3569,8.13,-90.0,0.0
CE-3568,8.74,-90.0,0.0
CE-3571,12.83,-90.0,0.0
CE-3570,5.07,-90.0,0.0
CE-3573,16.96,-90.0,0.0
CE-3572,16.29,-90.0,0.0
CE-3559,20.09,-90.0,0.0
CE-3558,16.51,-90.0,0.0
CE-3561,17.5,-90.0,0.0
CE-3560,10.11,-90.0,0.0
CE-3563,23.55,-90.0,0.0
CE-3562,21.34,-90.0,0.0
CE-3565,17.09,-90.0,0.0
CE-3564,10.08,-90.0,0.0
CE-3583,22.88,-90.0,0.0
CE-3582,12.53,-90.0,0.0
CE-3585,15.07,-90.0,0.0
CE-3584,15.05,-90.0,0.0
CE-3587,24.19,-90.0,0.0
CE-3586,20.07,-90.0,0.0
CE-3589,24.63,-90.0,0.0
CE-3588,18.98,-90.0,0.0
CE-3575,14.52,-90.0,0.0
CE-3574,15.47,-90.0,0.0
CE-3577,18.68,-90.0,0.0
CE-3576,22.79,-90.0,0.0
CE-3579,20.74,-90.0,0.0
CE-3578,13.67,-90.0,0.0
CE-3581,21.02,-90.0,0.0
CE-3580,19.42,-90.0,0.0
CE-3535,22.09,-90.0,0.0
CE-3534,24.13,-90.0,0.0
CE-3537,22.37,-90.0,0.0
CE-3536,23.28,-90.0,0.0
CE-3539,20.79,-90.0,0.0
CE-3538,17.33,-90.0,0.0
CE-3541,12.13,-90.0,0.0
CE-3540,17.19,-90.0,0.0
CE-3527,16.47,-90.0,0.0
CE-3526,17.88,-90.0,0.0
CE-3529,11.32,-90.0,0.0
CE-3528,16.01,-90.0,0.0
CE-3531,19.05,-90.0,0.0
CE-3530,17.17,-90.0,0.0
CE-3533,23.74,-90.0,0.0
CE-3532,13.1,-90.0,0.0
CE-3551,8.31,-90.0,0.0
CE-3550,11.99,-90.0,0.0
CE-3553,8.25,-90.0,0.0
CE-3552,10.24,-90.0,0.0
CE-3555,22.68,-90.0,0.0
CE-3554,24.52,-90.0,0.0
CE-3557,19.76,-90.0,0.0
CE-3556,24.17,-90.0,0.0
CE-3543,16.82,-90.0,0.0
CE-3542,12.11,-90.0,0.0
CE-3545,13.84,-90.0,0.0
CE-3544,4.82,-90.0,0.0
CE-3547,13.01,-90.0,0.0
CE-3546,9.38,-90.0,0.0
CE-3549,13.1,-90.0,0.0
CE-3548,11.21,-90.0,0.0
CE-3503,11.66,-90.0,0.0
CE-3502,17.81,-90.0,0.0
CE-3505,15.26,-90.0,0.0
CE-3504,20.68,-90.0,0.0
CE-3507,20.25,-90.0,0.0
CE-3506,20.8,-90.0,0.0
CE-3509,23.45,-90.0,0.0
CE-3508,23.52,-90.0,0.0
CE-3495,21.8,-90.0,0.0
CE-3494,11.76,-90.0,0.0
CE-3497,15.25,-90.0,0.0
CE-3496,20.87,-90.0,0.0
CE-3499,19.38,-90.0,0.0
CE-3498,24.49,-90.0,0.0
CE-3501,19.25,-90.0,0.0
CE-3500,15.89,-90.0,0.0
CE-3519,10.76,-90.0,0.0
CE-3518,9.73,-90.0,0.0
CE-3521,22.43,-90.0,0.0
CE-3520,18.77,-90.0,0.0
CE-3523,19.9,-90.0,0.0
CE-3522,21.16,-90.0,0.0
CE-3525,9.34,-90.0,0.0
CE-3524,24.48,-90.0,0.0
CE-3511,23.0,-90.0,0.0
CE-3510,22.44,-90.0,0.0
CE-3513,23.04,-90.0,0.0
CE-3512,13.47,-90.0,0.0
CE-3515,13.16,-90.0,0.0
CE-3514,15.01,-90.0,0.0
CE-3517,10.2,-90.0,0.0
CE-3516,16.25,-90.0,0.0
CE-3471,10.5,-90.0,0.0
CE-3470,10.87,-90.0,0.0
CE-3473,17.94,-90.0,0.0
CE-3472,11.62,-90.0,0.0
CE-3475,24.94,-90.0,0.0
CE-3474,24.87,-90.0,0.0
CE-3477,13.73,-90.0,0.0
CE-3476,9.13,-90.0,0.0
CE-3463,8.26,-90.0,0.0
CE-3462,11.82,-90.0,0.0
CE-3465,12.91,-90.0,0.0
CE-3464,14.48,-90.0,0.0
CE-3467,19.65,-90.0,0.0
CE-3466,20.13,-90.0,0.0
CE-3469,17.54,-90.0,0.0
CE-3468,24.32,-90.0,0.0
CE-3487,10.02,-90.0,0.0
CE-3486,9.37,-90.0,0.0
CE-3489,5.29,-90.0,0.0
CE-3488,11.09,-90.0,0.0
CE-3491,13.4,-90.0,0.0
CE-3490,22.11,-90.0,0.0
CE-3493,17.03,-90.0,0.0
CE-3492,10.11,-90.0,0.0
CE-3479,24.57,-90.0,0.0
CE-3478,24.31,-90.0,0.0
CE-3481,17.42,-90.0,0.0
CE-3480,23.89,-90.0,0.0
CE-3483,20.09,-90.0,0.0
CE-3482,23.73,-90.0,0.0
CE-3485,18.7,-90.0,0.0
CE-3484,11.68,-90.0,0.0
CE-3439,16.74,-90.0,0.0
CE-3438,21.07,-90.0,0.0
CE-3441,15.52,-90.0,0.0
CE-3440,19.83,-90.0,0.0
CE-3443,20.21,-90.0,0.0
CE-3442,21.3,-90.0,0.0
CE-3445,19.26,-90.0,0.0
CE-3444,15.09,-90.0,0.0
CE-3431,19.38,-90.0,0.0
CE-3430,23.68,-90.0,0.0
CE-3433,18.95,-90.0,0.0
CE-3432,21.87,-90.0,0.0
CE-3435,19.59,-90.0,0.0
CE-3434,16.27,-90.0,0.0
CE-3437,20.63,-90.0,0.0
CE-3436,20.12,-90.0,0.0
CE-3455,17.49,-90.0,0.0
CE-3454,15.26,-90.0,0.0
CE-3457,24.22,-90.0,0.0
CE-3456,9.16,-90.0,0.0
CE-3459,24.25,-90.0,0.0
CE-3458,15.37,-90.0,0.0
CE-3461,9.73,-90.0,0.0
CE-3460,21.3,-90.0,0.0
CE-3447,22.81,-90.0,0.0
CE-3446,20.96,-90.0,0.0
CE-3449,19.44,-90.0,0.0
CE-3448,23.2,-90.0,0.0
CE-3451,21.66,-90.0,0.0
CE-3450,21.23,-90.0,0.0
CE-3453,12.11,-90.0,0.0
CE-3452,8.81,-90.0,0.0
CE-3407,8.65,-90.0,0.0
CE-3406,13.16,-90.0,0.0
CE-3409,19.02,-90.0,0.0
CE-3408,15.84,-90.0,0.0
CE-3411,16.36,-90.0,0.0
CE-3410,17.53,-90.0,0.0
CE-3413,24.03,-90.0,0.0
CE-3412,9.07,-90.0,0.0
CE-3399,9.41,-90.0,0.0
CE-3398,12.73,-90.0,0.0
CE-3401,11.42,-90.0,0.0
CE-3400,11.79,-90.0,0.0
CE-3403,8.72,-90.0,0.0
CE-3402,7.31,-90.0,0.0
CE-3405,11.69,-90.0,0.0
CE-3404,15.72,-90.0,0.0
CE-3423,22.61,-90.0,0.0
CE-3422,18.88,-90.0,0.0
CE-3425,16.02,-90.0,0.0
CE-3424,9.18,-90.0,0.0
CE-3427,24.45,-90.0,0.0
CE-3426,16.12,-90.0,0.0
CE-3429,18.56,-90.0,0.0
CE-3428,20.13,-90.0,0.0
CE-3415,24.38,-90.0,0.0
CE-3414,22.83,-90.0,0.0
CE-3417,19.52,-90.0,0.0
CE-3416,15.45,-90.0,0.0
CE-3419,22.37,-90.0,0.0
CE-3418,17.69,-90.0,0.0
CE-3421,15.42,-90.0,0.0
CE-3420,16.72,-90.0,0.0
CE-3375,24.25,-90.0,0.0
CE-3374,16.34,-90.0,0.0
CE-3377,11.84,-90.0,0.0
CE-3376,22.56,-90.0,0.0
CE-3379,19.48,-90.0,0.0
CE-3378,17.03,-90.0,0.0
CE-3381,17.71,-90.0,0.0
CE-3380,22.85,-90.0,0.0
CE-3367,20.24,-90.0,0.0
CE-3366,21.88,-90.0,0.0
CE-3369,10.1,-90.0,0.0
CE-3368,19.64,-90.0,0.0
CE-3371,18.25,-90.0,0.0
CE-3370,15.86,-90.0,0.0
CE-3373,16.88,-90.0,0.0
CE-3372,14.17,-90.0,0.0
CE-3391,15.84,-90.0,0.0
CE-3390,16.31,-90.0,0.0
CE-3393,23.69,-90.0,0.0
CE-3392,23.81,-90.0,0.0
CE-3395,15.24,-90.0,0.0
CE-3394,6.65,-90.0,0.0
CE-3397,6.13,-90.0,0.0
CE-3396,9.32,-90.0,0.0
CE-3383,10.89,-90.0,0.0
CE-3382,24.12,-90.0,0.0
CE-3385,16.16,-90.0,0.0
CE-3384,15.04,-90.0,0.0
CE-3387,13.53,-90.0,0.0
CE-3386,24.39,-90.0,0.0
CE-3389,20.48,-90.0,0.0
CE-3388,9.87,-90.0,0.0
CE-3343,9.08,-90.0,0.0
CE-3342,9.32,-90.0,0.0
CE-3345,6.87,-90.0,0.0
CE-3344,8.64,-90.0,0.0
CE-3347,11.27,-90.0,0.0
CE-3346,10.42,-90.0,0.0
CE-3349,11.44,-90.0,0.0
CE-3348,9.93,-90.0,0.0
CE-3335,24.35,-90.0,0.0
CE-3334,15.44,-90.0,0.0
CE-3337,18.14,-90.0,0.0
CE-3336,20.45,-90.0,0.0
CE-3339,19.94,-90.0,0.0
CE-3338,10.67,-90.0,0.0
CE-3341,11.53,-90.0,0.0
CE-3340,11.47,-90.0,0.0
CE-3359,6.27,-90.0,0.0
CE-3358,14.09,-90.0,0.0
CE-3361,24.74,-90.0,0.0
CE-3360,11.64,-90.0,0.0
CE-3363,18.88,-90.0,0.0
CE-3362,9.55,-90.0,0.0
CE-3365,24.86,-90.0,0.0
CE-3364,22.55,-90.0,0.0
CE-3351,15.99,-90.0,0.0
CE-3350,15.75,-90.0,0.0
CE-3353,17.66,-90.0,0.0
CE-3352,21.16,-90.0,0.0
CE-3355,22.19,-90.0,0.0
CE-3354,15.97,-90.0,0.0
CE-3357,23.23,-90.0,0.0
CE-3356,21.09,-90.0,0.0
CE-3311,17.42,-90.0,0.0
CE-3310,24.96,-90.0,0.0
CE-3313,22.71,-90.0,0.0
CE-3312,19.98,-90.0,0.0
CE-3315,20.08,-90.0,0.0
CE-3314,15.32,-90.0,0.0
CE-3317,20.59,-90.0,0.0
CE-3316,16.72,-90.0,0.0
CE-3303,22.65,-90.0,0.0
CE-3302,10.48,-90.0,0.0
CE-3305,7.46,-90.0,0.0
CE-3304,8.9,-90.0,0.0
CE-3307,11.41,-90.0,0.0
CE-3306,10.74,-90.0,0.0
CE-3309,8.35,-90.0,0.0
CE-3308,9.21,-90.0,0.0
CE-3327,17.01,-90.0,0.0
CE-3326,20.16,-90.0,0.0
CE-3329,24.58,-90.0,0.0
CE-3328,11.23,-90.0,0.0
CE-3331,16.2,-90.0,0.0
CE-3330,24.82,-90.0,0.0
CE-3333,12.91,-90.0,0.0
CE-3332,9.08,-90.0,0.0
CE-3319,11.54,-90.0,0.0
CE-3318,11.57,-90.0,0.0
CE-3321,13.77,-90.0,0.0
CE-3320,17.29,-90.0,0.0
CE-3323,21.13,-90.0,0.0
CE-3322,16.76,-90.0,0.0
CE-3325,16.4,-90.0,0.0
CE-3324,18.48,-90.0,0.0
CE-3279,24.22,-90.0,0.0
CE-3278,22.03,-90.0,0.0
CE-3281,17.57,-90.0,0.0
CE-3280,24.94,-90.0,0.0
CE-3283,20.8,-90.0,0.0
CE-3282,9.23,-90.0,0.0
CE-3285,23.66,-90.0,0.0
CE-3284,8.4,-90.0,0.0
CE-3271,8.93,-90.0,0.0
CE-3270,10.32,-90.0,0.0
CE-3273,11.41,-90.0,0.0
CE-3272,13.91,-90.0,0.0
CE-3275,18.3,-90.0,0.0
CE-3274,21.72,-90.0,0.0
CE-3277,19.13,-90.0,0.0
CE-3276,15.43,-90.0,0.0
CE-3295,19.86,-90.0,0.0
CE-3294,22.5,-90.0,0.0
CE-3297,13.51,-90.0,0.0
CE-3296,10.59,-90.0,0.0
CE-3299,21.44,-90.0,0.0
CE-3298,17.6,-90.0,0.0
CE-3301,21.2,-90.0,0.0
CE-3300,20.33,-90.0,0.0
CE-3287,17.43,-90.0,0.0
CE-3286,17.26,-90.0,0.0
CE-3289,7.06,-90.0,0.0
CE-3288,9.65,-90.0,0.0
CE-3291,8.68,-90.0,0.0
CE-3290,20.93,-90.0,0.0
CE-3293,23.04,-90.0,0.0
CE-3292,18.6,-90.0,0.0
CE-3247,21.4,-90.0,0.0
CE-3246,16.38,-90.0,0.0
CE-3249,18.74,-90.0,0.0
CE-3248,24.13,-90.0,0.0
CE-3251,10.23,-90.0,0.0
CE-3250,18.53,-90.0,0.0
CE-3253,20.66,-90.0,0.0
CE-3252,15.82,-90.0,0.0
CE-3239,20.43,-90.0,0.0
CE-3238,23.79,-90.0,0.0
CE-3241,16.57,-90.0,0.0
CE-3240,11.55,-90.0,0.0
CE-3243,9.13,-90.0,0.0
CE-3242,12.67,-90.0,0.0
CE-3245,21.92,-90.0,0.0
CE-3244,12.79,-90.0,0.0
CE-3263,22.82,-90.0,0.0
CE-3262,22.67,-90.0,0.0
CE-3265,19.58,-90.0,0.0
CE-3264,15.31,-90.0,0.0
CE-3267,10.61,-90.0,0.0
CE-3266,10.84,-90.0,0.0
CE-3269,13.52,-90.0,0.0
CE-3268,24.79,-90.0,0.0
CE-3255,24.32,-90.0,0.0
CE-3254,15.05,-90.0,0.0
CE-3257,23.34,-90.0,0.0
CE-3256,19.01,-90.0,0.0
CE-3259,22.45,-90.0,0.0
CE-3258,21.73,-90.0,0.0
CE-3261,10.97,-90.0,0.0
CE-3260,13.9,-90.0,0.0
CE-3215,21.78,-90.0,0.0
CE-3214,17.97,-90.0,0.0
CE-3217,21.0,-90.0,0.0
CE-3216,24.81,-90.0,0.0
CE-3219,19.47,-90.0,0.0
CE-3218,15.26,-90.0,0.0
CE-3221,19.03,-90.0,0.0
CE-3220,17.46,-90.0,0.0
CE-3207,13.91,-90.0,0.0
CE-3206,15.01,-90.0,0.0
CE-3209,15.52,-90.0,0.0
CE-3208,15.26,-90.0,0.0
CE-3211,23.87,-90.0,0.0
CE-3210,17.21,-90.0,0.0
CE-3213,19.36,-90.0,0.0
CE-3212,8.12,-90.0,0.0
CE-3231,10.25,-90.0,0.0
CE-3230,19.72,-90.0,0.0
CE-3233,24.92,-90.0,0.0
CE-3232,18.07,-90.0,0.0
CE-3235,9.2,-90.0,0.0
CE-3234,23.25,-90.0,0.0
CE-3237,18.74,-90.0,0.0
CE-3236,14.19,-90.0,0.0
CE-3223,24.96,-90.0,0.0
CE-3222,10.7,-90.0,0.0
CE-3225,21.05,-90.0,0.0
CE-3224,19.19,-90.0,0.0
CE-3227,19.39,-90.0,0.0
CE-3226,22.92,-90.0,0.0
CE-3229,13.52,-90.0,0.0
CE-3228,5.65,-90.0,0.0
CE-0112,8.61,-90.0,0.0
CE-0111,12.74,-90.0,0.0
CE-0114,7.92,-90.0,0.0
CE-0113,20.58,-90.0,0.0
CE-0116,15.95,-90.0,0.0
CE-0115,15.62,-90.0,0.0
CE-0118,23.74,-90.0,0.0
CE-0117,23.5,-90.0,0.0
CE-0104,15.43,-90.0,0.0
CE-0103,24.74,-90.0,0.0
CE-0106,16.09,-90.0,0.0
CE-0105,23.52,-90.0,0.0
CE-0108,15.21,-90.0,0.0
CE-0107,15.38,-90.0,0.0
CE-0110,23.76,-90.0,0.0
CE-0109,24.12,-90.0,0.0
CE-0128,19.76,-90.0,0.0
CE-0127,18.35,-90.0,0.0
CE-0130,18.32,-90.0,0.0
CE-0129,19.71,-90.0,0.0
CE-0132,11.4,-90.0,0.0
CE-0131,9.8,-90.0,0.0
CE-0134,23.82,-90.0,0.0
CE-0133,17.4,-90.0,0.0
CE-0120,19.34,-90.0,0.0
CE-0119,22.26,-90.0,0.0
CE-0122,15.69,-90.0,0.0
CE-0121,23.49,-90.0,0.0
CE-0124,19.23,-90.0,0.0
CE-0123,24.47,-90.0,0.0
CE-0126,22.69,-90.0,0.0
CE-0125,12.2,-90.0,0.0
CE-0080,16.13,-90.0,0.0
CE-0079,23.71,-90.0,0.0
CE-0082,22.36,-90.0,0.0
CE-0081,19.49,-90.0,0.0
CE-0084,24.54,-90.0,0.0
CE-0083,15.86,-90.0,0.0
CE-0086,5.88,-90.0,0.0
CE-0085,8.98,-90.0,0.0
CE-0072,9.96,-90.0,0.0
CE-0071,10.48,-90.0,0.0
CE-0074,10.74,-90.0,0.0
CE-0073,5.71,-90.0,0.0
CE-0076,19.36,-90.0,0.0
CE-0075,21.3,-90.0,0.0
CE-0078,13.69,-90.0,0.0
CE-0077,22.04,-90.0,0.0
CE-0096,19.47,-90.0,0.0
CE-0095,24.34,-90.0,0.0
CE-0098,19.16,-90.0,0.0
CE-0097,21.42,-90.0,0.0
CE-0100,24.53,-90.0,0.0
CE-0099,23.88,-90.0,0.0
CE-0102,19.99,-90.0,0.0
CE-0101,24.22,-90.0,0.0
CE-0088,19.54,-90.0,0.0
CE-0087,20.4,-90.0,0.0
CE-0090,23.89,-90.0,0.0
CE-0089,24.33,-90.0,0.0
CE-0092,18.34,-90.0,0.0
CE-0091,15.72,-90.0,0.0
CE-0094,12.11,-90.0,0.0
CE-0093,11.43,-90.0,0.0
CE-0048,12.35,-90.0,0.0
CE-0047,6.06,-90.0,0.0
CE-0050,19.4,-90.0,0.0
CE-0049,15.25,-90.0,0.0
CE-0052,16.19,-90.0,0.0
CE-0051,16.99,-90.0,0.0
CE-0054,13.02,-90.0,0.0
CE-0053,15.29,-90.0,0.0
CE-0040,19.25,-90.0,0.0
CE-0039,9.77,-90.0,0.0
CE-0042,18.23,-90.0,0.0
CE-0041,22.08,-90.0,0.0
CE-0044,19.37,-90.0,0.0
CE-0043,24.33,-90.0,0.0
CE-0046,16.52,-90.0,0.0
CE-0045,18.57,-90.0,0.0
CE-0064,17.71,-90.0,0.0
CE-0063,23.94,-90.0,0.0
CE-0066,23.49,-90.0,0.0
CE-0065,19.16,-90.0,0.0
CE-0068,24.66,-90.0,0.0
CE-0067,24.63,-90.0,0.0
CE-0070,10.33,-90.0,0.0
CE-0069,9.07,-90.0,0.0
CE-0056,9.48,-90.0,0.0
CE-0055,11.03,-90.0,0.0
CE-0058,5.82,-90.0,0.0
CE-0057,8.37,-90.0,0.0
CE-0060,9.91,-90.0,0.0
CE-0059,9.43,-90.0,0.0
CE-0062,6.42,-90.0,0.0
CE-0061,15.83,-90.0,0.0
CE-0016,22.24,-90.0,0.0
CE-0015,17.01,-90.0,0.0
CE-0018,15.15,-90.0,0.0
CE-0017,22.6,-90.0,0.0
CE-0020,22.49,-90.0,0.0
CE-0019,24.39,-90.0,0.0
CE-0022,23.42,-90.0,0.0
CE-0021,21.47,-90.0,0.0
CE-0008,18.81,-90.0,0.0
CE-0007,18.95,-90.0,0.0
CE-0010,19.13,-90.0,0.0
CE-0009,15.34,-90.0,0.0
CE-0012,21.45,-90.0,0.0
CE-0011,9.19,-90.0,0.0
CE-0014,16.52,-90.0,0.0
CE-0013,24.51,-90.0,0.0
CE-0032,12.01,-90.0,0.0
CE-0031,17.37,-90.0,0.0
CE-0034,17.21,-90.0,0.0
CE-0033,11.24,-90.0,0.0
CE-0036,22.06,-90.0,0.0
CE-0035,9.22,-90.0,0.0
CE-0038,8.61,-90.0,0.0
CE-0037,12.94,-90.0,0.0
CE-0024,19.64,-90.0,0.0
CE-0023,7.88,-90.0,0.0
CE-0026,11.61,-90.0,0.0
CE-0025,9.8,-90.0,0.0
CE-0028,12.02,-90.0,0.0
CE-0027,16.16,-90.0,0.0
CE-0030,10.29,-90.0,0.0
CE-0029,11.73,-90.0,0.0
CE-4070,22.79,-90.0,0.0
CE-4069,10.24,-90.0,0.0
CE-4072,17.24,-90.0,0.0
CE-4071,22.14,-90.0,0.0
CE-4074,16.29,-90.0,0.0
CE-4073,17.93,-90.0,0.0
CE-4076,21.51,-90.0,0.0
CE-4075,18.16,-90.0,0.0
CE-4062,17.53,-90.0,0.0
CE-4061,20.91,-90.0,0.0
CE-4064,17.91,-90.0,0.0
CE-4063,18.34,-90.0,0.0
CE-4066,22.71,-90.0,0.0
CE-4065,21.23,-90.0,0.0
CE-4068,12.52,-90.0,0.0
CE-4067,12.47,-90.0,0.0
CE-4086,6.23,-90.0,0.0
CE-4085,22.03,-90.0,0.0
CE-0002,23.54,-90.0,0.0
CE-0001,15.1,-90.0,0.0
CE-0004,17.77,-90.0,0.0
CE-0003,23.3,-90.0,0.0
CE-0006,19.44,-90.0,0.0
CE-0005,23.74,-90.0,0.0
CE-4078,21.13,-90.0,0.0
CE-4077,21.0,-90.0,0.0
CE-4080,15.04,-90.0,0.0
CE-4079,21.67,-90.0,0.0
CE-4082,19.17,-90.0,0.0
CE-4081,16.9,-90.0,0.0
CE-4084,20.61,-90.0,0.0
CE-4083,24.41,-90.0,0.0
CE-4038,10.3,-90.0,0.0
CE-4037,10.16,-90.0,0.0
CE-4040,17.46,-90.0,0.0
CE-4039,8.7,-90.0,0.0
CE-4042,13.1,-90.0,0.0
CE-4041,10.01,-90.0,0.0
CE-4044,17.76,-90.0,0.0
CE-4043,24.34,-90.0,0.0
CE-4030,21.88,-90.0,0.0
CE-4029,23.19,-90.0,0.0
CE-4032,10.86,-90.0,0.0
CE-4031,21.26,-90.0,0.0
CE-4034,22.5,-90.0,0.0
CE-4033,15.5,-90.0,0.0
CE-4036,17.51,-90.0,0.0
CE-4035,14.61,-90.0,0.0
CE-4054,15.83,-90.0,0.0
CE-4053,14.69,-90.0,0.0
CE-4056,19.08,-90.0,0.0
CE-4055,18.19,-90.0,0.0
CE-4058,18.13,-90.0,0.0
CE-4057,16.52,-90.0,0.0
CE-4060,16.86,-90.0,0.0
CE-4059,12.31,-90.0,0.0
CE-4046,12.16,-90.0,0.0
CE-4045,13.53,-90.0,0.0
CE-4048,9.81,-90.0,0.0
CE-4047,16.66,-90.0,0.0
CE-4050,15.24,-90.0,0.0
CE-4049,17.02,-90.0,0.0
CE-4052,15.15,-90.0,0.0
CE-4051,17.13,-90.0,0.0
CE-4006,11.34,-90.0,0.0
CE-4005,17.03,-90.0,0.0
CE-4008,19.24,-90.0,0.0
CE-4007,19.25,-90.0,0.0
CE-4010,20.49,-90.0,0.0
CE-4009,16.78,-90.0,0.0
CE-4012,16.11,-90.0,0.0
CE-4011,16.46,-90.0,0.0
CE-3998,13.09,-90.0,0.0
CE-3997,14.6,-90.0,0.0
CE-4000,19.52,-90.0,0.0
CE-3999,14.59,-90.0,0.0
CE-4002,20.28,-90.0,0.0
CE-4001,7.19,-90.0,0.0
CE-4004,9.06,-90.0,0.0
CE-4003,11.93,-90.0,0.0
CE-4022,11.97,-90.0,0.0
CE-4021,8.46,-90.0,0.0
CE-4024,11.62,-90.0,0.0
CE-4023,19.68,-90.0,0.0
CE-4026,18.21,-90.0,0.0
CE-4025,19.49,-90.0,0.0
CE-4028,19.31,-90.0,0.0
CE-4027,20.31,-90.0,0.0
CE-4014,20.83,-90.0,0.0
CE-4013,23.04,-90.0,0.0
CE-4016,9.13,-90.0,0.0
CE-4015,20.15,-90.0,0.0
CE-4018,15.43,-90.0,0.0
CE-4017,23.61,-90.0,0.0
CE-4020,11.35,-90.0,0.0
CE-4019,15.08,-90.0,0.0
CE-3974,18.76,-90.0,0.0
CE-3973,21.44,-90.0,0.0
CE-3976,20.87,-90.0,0.0
CE-3975,24.92,-90.0,0.0
CE-3978,19.27,-90.0,0.0
CE-3977,5.43,-90.0,0.0
CE-3980,23.01,-90.0,0.0
CE-3979,18.4,-90.0,0.0
CE-3966,8.0,-90.0,0.0
CE-3965,10.57,-90.0,0.0
CE-3968,7.84,-90.0,0.0
CE-3967,20.62,-90.0,0.0
CE-3970,23.42,-90.0,0.0
CE-3969,19.09,-90.0,0.0
CE-3972,18.29,-90.0,0.0
CE-3971,18.86,-90.0,0.0
CE-3990,23.11,-90.0,0.0
CE-3989,11.94,-90.0,0.0
CE-3992,19.62,-90.0,0.0
CE-3991,24.26,-90.0,0.0
CE-3994,11.7,-90.0,0.0
CE-3993,16.31,-90.0,0.0
CE-3996,23.84,-90.0,0.0
CE-3995,10.19,-90.0,0.0
CE-3982,22.12,-90.0,0.0
CE-3981,20.29,-90.0,0.0
CE-3984,23.26,-90.0,0.0
CE-3983,13.87,-90.0,0.0
CE-3986,14.3,-90.0,0.0
CE-3985,8.17,-90.0,0.0
CE-3988,9.25,-90.0,0.0
CE-3987,20.64,-90.0,0.0
CE-3942,22.93,-90.0,0.0
CE-3941,16.38,-90.0,0.0
CE-3944,18.28,-90.0,0.0
CE-3943,16.78,-90.0,0.0
CE-3946,24.65,-90.0,0.0
CE-3945,21.78,-90.0,0.0
CE-3948,15.49,-90.0,0.0
CE-3947,21.62,-90.0,0.0
CE-3934,9.06,-90.0,0.0
CE-3933,22.17,-90.0,0.0
CE-3936,17.72,-90.0,0.0
CE-3935,20.53,-90.0,0.0
CE-3938,24.05,-90.0,0.0
CE-3937,17.81,-90.0,0.0
CE-3940,17.46,-90.0,0.0
CE-3939,15.83,-90.0,0.0
CE-3958,23.29,-90.0,0.0
CE-3957,13.57,-90.0,0.0
CE-3960,13.71,-90.0,0.0
CE-3959,10.98,-90.0,0.0
CE-3962,22.91,-90.0,0.0
CE-3961,23.47,-90.0,0.0
CE-3964,21.14,-90.0,0.0
CE-3963,15.53,-90.0,0.0
CE-3950,23.79,-90.0,0.0
CE-3949,14.42,-90.0,0.0
CE-3952,24.16,-90.0,0.0
CE-3951,23.13,-90.0,0.0
CE-3954,19.49,-90.0,0.0
CE-3953,9.2,-90.0,0.0
CE-3956,17.02,-90.0,0.0
CE-3955,19.48,-90.0,0.0
CE-3910,9.1,-90.0,0.0
CE-3909,9.82,-90.0,0.0
CE-3912,24.41,-90.0,0.0
CE-3911,23.59,-90.0,0.0
CE-3914,17.07,-90.0,0.0
CE-3913,8.82,-90.0,0.0
CE-3916,8.04,-90.0,0.0
CE-3915,15.72,-90.0,0.0
CE-3902,11.85,-90.0,0.0
CE-3901,14.1,-90.0,0.0
CE-3904,16.55,-90.0,0.0
CE-3903,15.3,-90.0,0.0
CE-3906,19.23,-90.0,0.0
CE-3905,19.48,-90.0,0.0
CE-3908,20.1,-90.0,0.0
CE-3907,24.07,-90.0,0.0
CE-3926,13.01,-90.0,0.0
CE-3925,19.61,-90.0,0.0
CE-3928,10.0,-90.0,0.0
CE-3927,18.85,-90.0,0.0
CE-3930,19.03,-90.0,0.0
CE-3929,19.3,-90.0,0.0
CE-3932,21.18,-90.0,0.0
CE-3931,17.31,-90.0,0.0
CE-3918,20.07,-90.0,0.0
CE-3917,4.96,-90.0,0.0
CE-3920,6.47,-90.0,0.0
CE-3919,21.43,-90.0,0.0
CE-3922,21.06,-90.0,0.0
CE-3921,23.85,-90.0,0.0
CE-3924,24.68,-90.0,0.0
CE-3923,19.56,-90.0,0.0
CE-3878,24.69,-90.0,0.0
CE-3877,17.79,-90.0,0.0
CE-3880,19.16,-90.0,0.0
CE-3879,21.18,-90.0,0.0
CE-3882,19.28,-90.0,0.0
CE-3881,19.66,-90.0,0.0
CE-3884,20.89,-90.0,0.0
CE-3883,14.84,-90.0,0.0
CE-3870,19.03,-90.0,0.0
CE-3869,16.06,-90.0,0.0
CE-3872,12.43,-90.0,0.0
CE-3871,19.08,-90.0,0.0
CE-3874,23.06,-90.0,0.0
CE-3873,12.86,-90.0,0.0
CE-3876,11.17,-90.0,0.0
CE-3875,10.94,-90.0,0.0
CE-3894,8.76,-90.0,0.0
CE-3893,15.11,-90.0,0.0
CE-3896,20.4,-90.0,0.0
CE-3895,11.92,-90.0,0.0
CE-3898,16.33,-90.0,0.0
CE-3897,10.95,-90.0,0.0
CE-3900,19.07,-90.0,0.0
CE-3899,23.57,-90.0,0.0
CE-3886,23.21,-90.0,0.0
CE-3885,24.58,-90.0,0.0
CE-3888,22.03,-90.0,0.0
CE-3887,21.94,-90.0,0.0
CE-3890,15.64,-90.0,0.0
CE-3889,12.75,-90.0,0.0
CE-3892,19.97,-90.0,0.0
CE-3891,24.35,-90.0,0.0
CE-3846,23.78,-90.0,0.0
CE-3845,21.59,-90.0,0.0
CE-3848,19.51,-90.0,0.0
CE-3847,9.35,-90.0,0.0
CE-3850,13.47,-90.0,0.0
CE-3849,10.92,-90.0,0.0
CE-3852,13.15,-90.0,0.0
CE-3851,23.96,-90.0,0.0
CE-3838,12.75,-90.0,0.0
CE-3837,20.76,-90.0,0.0
CE-3840,24.28,-90.0,0.0
CE-3839,15.51,-90.0,0.0
CE-3842,11.64,-90.0,0.0
CE-3841,19.33,-90.0,0.0
CE-3844,21.48,-90.0,0.0
CE-3843,20.25,-90.0,0.0
CE-3862,23.91,-90.0,0.0
CE-3861,24.54,-90.0,0.0
CE-3864,21.35,-90.0,0.0
CE-3863,15.48,-90.0,0.0
CE-3866,19.9,-90.0,0.0
CE-3865,24.37,-90.0,0.0
CE-3868,12.5,-90.0,0.0
CE-3867,18.85,-90.0,0.0
CE-3854,18.99,-90.0,0.0
CE-3853,13.97,-90.0,0.0
CE-3856,7.23,-90.0,0.0
CE-3855,18.96,-90.0,0.0
CE-3858,23.85,-90.0,0.0
CE-3857,20.87,-90.0,0.0
CE-3860,17.25,-90.0,0.0
CE-3859,12.28,-90.0,0.0
CE-3814,14.54,-90.0,0.0
CE-3813,18.23,-90.0,0.0
CE-3816,23.32,-90.0,0.0
CE-3815,18.92,-90.0,0.0
CE-3818,11.13,-90.0,0.0
CE-3817,20.16,-90.0,0.0
CE-3820,19.7,-90.0,0.0
CE-3819,14.82,-90.0,0.0
CE-3806,21.64,-90.0,0.0
CE-3805,13.42,-90.0,0.0
CE-3808,20.81,-90.0,0.0
CE-3807,12.2,-90.0,0.0
CE-3810,17.6,-90.0,0.0
CE-3809,8.5,-90.0,0.0
CE-3812,11.4,-90.0,0.0
CE-3811,11.41,-90.0,0.0
CE-3830,18.93,-90.0,0.0
CE-3829,11.18,-90.0,0.0
CE-3832,13.41,-90.0,0.0
CE-3831,18.07,-90.0,0.0
CE-3834,18.41,-90.0,0.0
CE-3833,10.47,-90.0,0.0
CE-3836,9.94,-90.0,0.0
CE-3835,9.09,-90.0,0.0
CE-3822,8.82,-90.0,0.0
CE-3821,16.8,-90.0,0.0
CE-3824,16.27,-90.0,0.0
CE-3823,9.07,-90.0,0.0
CE-3826,13.13,-90.0,0.0
CE-3825,15.21,-90.0,0.0
CE-3828,16.84,-90.0,0.0
CE-3827,24.39,-90.0,0.0
CE-3782,16.95,-90.0,0.0
CE-3781,20.87,-90.0,0.0
CE-3784,20.66,-90.0,0.0
CE-3783,16.14,-90.0,0.0
CE-3786,18.26,-90.0,0.0
CE-3785,24.95,-90.0,0.0
CE-3788,21.71,-90.0,0.0
CE-3787,23.28,-90.0,0.0
CE-3774,15.44,-90.0,0.0
CE-3773,19.58,-90.0,0.0
CE-3776,18.85,-90.0,0.0
CE-3775,6.9,-90.0,0.0
CE-3778,5.57,-90.0,0.0
CE-3777,13.84,-90.0,0.0
CE-3780,11.71,-90.0,0.0
CE-3779,13.72,-90.0,0.0
CE-3798,12.7,-90.0,0.0
CE-3797,8.03,-90.0,0.0
CE-3800,12.01,-90.0,0.0
CE-3799,17.36,-90.0,0.0
CE-3802,4.93,-90.0,0.0
CE-3801,12.15,-90.0,0.0
CE-3804,9.92,-90.0,0.0
CE-3803,18.9,-90.0,0.0
CE-3790,18.21,-90.0,0.0
CE-3789,22.1,-90.0,0.0
CE-3792,14.44,-90.0,0.0
CE-3791,22.61,-90.0,0.0
CE-3794,18.11,-90.0,0.0
CE-3793,20.48,-90.0,0.0
CE-3796,23.61,-90.0,0.0
CE-3795,17.53,-90.0,0.0
CE-3750,23.19,-90.0,0.0
CE-3749,11.76,-90.0,0.0
CE-3752,21.88,-90.0,0.0
CE-3751,24.97,-90.0,0.0
CE-3754,10.64,-90.0,0.0
CE-3753,23.19,-90.0,0.0
CE-3756,5.89,-90.0,0.0
CE-3755,8.37,-90.0,0.0
CE-3742,8.83,-90.0,0.0
CE-3741,6.98,-90.0,0.0
CE-3744,8.48,-90.0,0.0
CE-3743,13.13,-90.0,0.0
CE-3746,10.07,-90.0,0.0
CE-3745,19.23,-90.0,0.0
CE-3748,20.98,-90.0,0.0
CE-3747,15.15,-90.0,0.0
CE-3766,8.73,-90.0,0.0
CE-3765,18.64,-90.0,0.0
CE-3768,15.84,-90.0,0.0
CE-3767,14.09,-90.0,0.0
CE-3770,16.65,-90.0,0.0
CE-3769,18.33,-90.0,0.0
CE-3772,15.95,-90.0,0.0
CE-3771,18.44,-90.0,0.0
CE-3758,17.02,-90.0,0.0
CE-3757,16.03,-90.0,0.0
CE-3760,24.84,-90.0,0.0
CE-3759,19.77,-90.0,0.0
CE-3762,15.14,-90.0,0.0
CE-3761,16.14,-90.0,0.0
CE-3764,23.26,-90.0,0.0
CE-3763,11.9,-90.0,0.0
CE-3727,13.72,-90.0,0.0
CE-3726,9.64,-90.0,0.0
CE-3729,8.55,-90.0,0.0
CE-3728,8.13,-90.0,0.0
CE-3731,11.12,-90.0,0.0
CE-3730,10.79,-90.0,0.0
CE-3733,13.77,-90.0,0.0
CE-3732,10.12,-90.0,0.0
CE-3719,4.92,-90.0,0.0
CE-3718,12.03,-90.0,0.0
CE-3721,9.57,-90.0,0.0
CE-3720,8.33,-90.0,0.0
CE-3723,16.49,-90.0,0.0
CE-3722,8.77,-90.0,0.0
CE-3725,11.26,-90.0,0.0
CE-3724,9.72,-90.0,0.0
CE-3735,8.86,-90.0,0.0
CE-3734,7.79,-90.0,0.0
CE-3737,12.56,-90.0,0.0
CE-3736,9.99,-90.0,0.0
CE-3739,8.3,-90.0,0.0
CE-3738,6.81,-90.0,0.0
CE-3740,10.1,-90.0,0.0
EA-0001,22.32,-90.0,0.0
EA-0002,23.09,-90.0,0.0
EA-0003,16.23,-90.0,0.0
EA-0004,18.98,-90.0,0.0
EA-0005,12.42,-90.0,0.0
EA-0006,13.03,-90.0,0.0
EA-0007,21.06,-90.0,0.0
EA-0008,23.97,-90.0,0.0
EA-0009,21.69,-90.0,0.0
EA-0010,22.34,-90.0,0.0
EA-0011,18.97,-90.0,0.0
EA-0012,23.99,-90.0,0.0
EA-0013,20.11,-90.0,0.0
EA-0014,19.04,-90.0,0.0
EA-0015,20.64,-90.0,0.0
EA-0016,21.62,-90.0,0.0
EA-0017,24.05,-90.0,0.0
EA-0018,24.63,-90.0,0.0
EA-0019,23.14,-90.0,0.0
EA-0020,24.35,-90.0,0.0
EA-0021,19.37,-90.0,0.0
EA-0022,20.31,-90.0,0.0
EA-0023,21.95,-90.0,0.0
EA-0024,23.22,-90.0,0.0
EA-0025,24.92,-90.0,0.0
EA-0026,23.95,-90.0,0.0
EA-0027,17.3,-90.0,0.0
EA-0028,9.31,-90.0,0.0
EA-0029,19.77,-90.0,0.0
EA-0030,21.15,-90.0,0.0
EA-0031,17.55,-90.0,0.0
EA-0032,23.21,-90.0,0.0
EA-0033,21.48,-90.0,0.0
EA-0034,24.91,-90.0,0.0
EA-0035,11.72,-90.0,0.0
EA-0036,12.81,-90.0,0.0
EA-0037,23.46,-90.0,0.0
EA-0038,21.16,-90.0,0.0
EA-0039,23.41,-90.0,0.0
EA-0040,9.08,-90.0,0.0
EA-0041,17.6,-90.0,0.0
EA-0042,15.07,-90.0,0.0
EA-0043,19.51,-90.0,0.0
EA-0044,10.92,-90.0,0.0
EA-0045,20.38,-90.0,0.0
EA-0046,24.61,-90.0,0.0
EA-0047,22.82,-90.0,0.0
EA-0048,18.54,-90.0,0.0
EA-0049,15.04,-90.0,0.0
EA-0050,18.97,-90.0,0.0
EA-0051,15.29,-90.0,0.0
EA-0052,20.67,-90.0,0.0
EA-0053,24.79,-90.0,0.0
EA-0054,16.72,-90.0,0.0
EA-0055,12.49,-90.0,0.0
EA-0056,22.51,-90.0,0.0
EA-0057,21.66,-90.0,0.0
EA-0058,21.78,-90.0,0.0
EA-0059,15.37,-90.0,0.0
EA-0060,19.24,-90.0,0.0
EA-0061,18.11,-90.0,0.0
EA-0062,18.07,-90.0,0.0
EA-0063,22.6,-90.0,0.0
EA-0064,17.16,-90.0,0.0
EA-0065,23.88,-90.0,0.0
EA-0066,20.18,-90.0,0.0
EA-0067,22.5,-90.0,0.0
EA-0068,21.01,-90.0,0.0
EA-0069,18.82,-90.0,0.0
EA-0070,21.0,-90.0,0.0
EA-0071,17.66,-90.0,0.0
EA-0072,19.18,-90.0,0.0
EA-0073,9.21,-90.0,0.0
EA-0074,20.02,-90.0,0.0
EA-0075,9.84,-90.0,0.0
EA-0076,17.35,-90.0,0.0
EA-0077,19.58,-90.0,0.0
EA-0078,20.72,-90.0,0.0
EA-0079,19.28,-90.0,0.0
EA-0080,17.23,-90.0,0.0
EA-0081,23.08,-90.0,0.0
EA-0082,20.53,-90.0,0.0
EA-0083,17.4,-90.0,0.0
EA-0084,24.71,-90.0,0.0
EA-0085,23.09,-90.0,0.0
EA-0086,21.72,-90.0,0.0
EA-0087,24.81,-90.0,0.0
EA-0088,16.14,-90.0,0.0
EA-0089,15.17,-90.0,0.0
EA-0090,20.04,-90.0,0.0
EA-0091,16.88,-90.0,0.0
EA-0092,22.27,-90.0,0.0
EA-0093,23.03,-90.0,0.0
EA-0094,15.69,-90.0,0.0
EA-0095,24.79,-90.0,0.0
EA-0096,22.16,-90.0,0.0
EA-0097,17.84,-90.0,0.0
EA-0098,9.24,-90.0,0.0
EA-0099,22.8,-90.0,0.0
EA-0100,19.02,-90.0,0.0
EA-0101,11.82,-90.0,0.0
EA-0102,22.53,-90.0,0.0
EA-0103,13.07,-90.0,0.0
EA-0104,19.89,-90.0,0.0
EA-0105,14.86,-90.0,0.0
EA-0106,21.11,-90.0,0.0
EA-0107,18.15,-90.0,0.0
EA-0108,23.38,-90.0,0.0
EA-0109,23.84,-90.0,0.0
EA-0110,20.9,-90.0,0.0
EA-0111,19.48,-90.0,0.0
EA-0112,17.91,-90.0,0.0
EA-0113,13.88,-90.0,0.0
EA-0114,24.72,-90.0,0.0
EA-0115,20.1,-90.0,0.0
EA-0116,16.59,-90.0,0.0
EA-0117,24.87,-90.0,0.0
EA-0118,18.83,-90.0,0.0
EA-0119,16.47,-90.0,0.0
EA-0120,12.85,-90.0,0.0
EA-0121,15.69,-90.0,0.0
EA-0122,16.07,-90.0,0.0
EA-0123,13.48,-90.0,0.0
EA-0124,18.98,-90.0,0.0
EA-0125,11.02,-90.0,0.0
EA-0126,18.73,-90.0,0.0
EA-0127,18.45,-90.0,0.0
EA-0128,23.22,-90.0,0.0
EA-0129,18.67,-90.0,0.0
EA-0130,15.82,-90.0,0.0
EA-0131,16.65,-90.0,0.0
EA-0132,23.74,-90.0,0.0
EA-0133,22.06,-90.0,0.0
EA-0134,20.98,-90.0,0.0
EA-0135,17.06,-90.0,0.0
EA-0136,19.91,-90.0,0.0
EA-0137,16.83,-90.0,0.0
EA-0138,17.14,-90.0,0.0
EA-0139,22.34,-90.0,0.0
EA-0140,24.21,-90.0,0.0
EA-0141,23.43,-90.0,0.0
EA-0142,22.04,-90.0,0.0
EA-0143,16.46,-90.0,0.0
EA-0144,19.72,-90.0,0.0
EA-0145,15.24,-90.0,0.0
EA-0146,20.1,-90.0,0.0
EA-0147,19.24,-90.0,0.0
EA-0148,21.54,-90.0,0.0
EA-0149,11.27,-90.0,0.0
EA-0150,21.8,-90.0,0.0
EA-0151,18.26,-90.0,0.0
EA-0152,12.47,-90.0,0.0
EA-0153,23.29,-90.0,0.0
EA-0154,21.41,-90.0,0.0
EA-0155,20.47,-90.0,0.0
EA-0156,18.15,-90.0,0.0
EA-0157,15.89,-90.0,0.0
EA-0158,20.29,-90.0,0.0
EA-0159,17.35,-90.0,0.0
EA-0160,13.98,-90.0,0.0
EA-0161,18.81,-90.0,0.0
EA-0162,17.49,-90.0,0.0
EA-0163,16.69,-90.0,0.0
EA-0164,15.5,-90.0,0.0
EA-0165,16.21,-90.0,0.0
EA-0166,24.18,-90.0,0.0
EA-0167,17.55,-90.0,0.0
EA-0168,23.08,-90.0,0.0
EA-0169,15.73,-90.0,0.0
EA-0170,15.74,-90.0,0.0
EA-0171,16.33,-90.0,0.0
EA-0172,17.04,-90.0,0.0
EA-0173,16.2,-90.0,0.0
EA-0174,23.63,-90.0,0.0
EA-0175,18.16,-90.0,0.0
EA-0176,16.17,-90.0,0.0
EA-0177,16.34,-90.0,0.0
EA-0178,23.63,-90.0,0.0
EA-0179,14.0,-90.0,0.0
EA-0180,14.1,-90.0,0.0
EA-0181,19.67,-90.0,0.0
EA-0182,16.99,-90.0,0.0
EA-0183,9.9,-90.0,0.0
EA-0184,12.96,-90.0,0.0
EA-0185,19.05,-90.0,0.0
EA-0186,11.09,-90.0,0.0
EA-0187,24.69,-90.0,0.0
EA-0188,17.5,-90.0,0.0
EA-0189,23.43,-90.0,0.0
EA-0190,20.54,-90.0,0.0
EA-0191,11.42,-90.0,0.0
EA-0192,23.74,-90.0,0.0
EA-0193,12.12,-90.0,0.0
EA-0194,12.35,-90.0,0.0
EA-0195,23.04,-90.0,0.0
EA-0196,11.75,-90.0,0.0
EA-0197,15.15,-90.0,0.0
EA-0198,17.49,-90.0,0.0
EA-0199,16.51,-90.0,0.0
EA-0200,18.34,-90.0,0.0
EA-0201,17.67,-90.0,0.0
EA-0202,21.19,-90.0,0.0
EA-0203,20.83,-90.0,0.0
EA-0204,18.84,-90.0,0.0
EA-0205,17.2,-90.0,0.0
EA-0206,15.05,-90.0,0.0
EA-0207,12.86,-90.0,0.0
EA-0208,16.1,-90.0,0.0
EA-0209,22.73,-90.0,0.0
EA-0210,19.4,-90.0,0.0
EA-0211,21.49,-90.0,0.0
EA-0212,21.48,-90.0,0.0
EA-0213,19.22,-90.0,0.0
EA-0214,17.8,-90.0,0.0
EA-0215,21.76,-90.0,0.0
EA-0216,14.39,-90.0,0.0
EA-0217,20.37,-90.0,0.0
EA-0218,23.57,-90.0,0.0
EA-0219,19.97,-90.0,0.0
EA-0220,24.34,-90.0,0.0
EA-0221,21.62,-90.0,0.0
EA-0222,20.29,-90.0,0.0
EA-0223,13.22,-90.0,0.0
EA-0224,17.94,-90.0,0.0
EA-0225,10.82,-90.0,0.0
EA-0226,16.77,-90.0,0.0
EA-0227,17.61,-90.0,0.0
EA-0228,24.19,-90.0,0.0
EA-0229,21.76,-90.0,0.0
EA-0230,19.31,-90.0,0.0
EA-0231,22.08,-90.0,0.0
EA-0232,18.6,-90.0,0.0
EA-0233,21.04,-90.0,0.0
EA-0234,16.23,-90.0,0.0
EA-0235,12.3,-90.0,0.0
EA-0236,18.18,-90.0,0.0
EA-0237,16.29,-90.0,0.0
EA-0238,9.21,-90.0,0.0
EA-0239,16.19,-90.0,0.0
EA-0240,15.74,-90.0,0.0
EA-0241,16.16,-90.0,0.0
EA-0242,21.46,-90.0,0.0
EA-0243,23.48,-90.0,0.0
EA-0244,12.21,-90.0,0.0
EA-0245,24.73,-90.0,0.0
EA-0246,23.01,-90.0,0.0
EA-0247,19.21,-90.0,0.0
EA-0248,17.3,-90.0,0.0
EA-0249,9.05,-90.0,0.0
EA-0250,18.59,-90.0,0.0
EA-0251,20.55,-90.0,0.0
EA-0252,9.17,-90.0,0.0
EA-0253,17.97,-90.0,0.0
EA-0254,21.39,-90.0,0.0
EA-0255,11.05,-90.0,0.0
EA-0256,16.16,-90.0,0.0
EA-0257,18.22,-90.0,0.0
EA-0258,10.25,-90.0,0.0
EA-0259,20.41,-90.0,0.0
EA-0260,13.79,-90.0,0.0
EA-0261,21.09,-90.0,0.0
EA-0262,22.17,-90.0,0.0
EA-0263,18.45,-90.0,0.0
EA-0264,15.88,-90.0,0.0
EA-0265,15.88,-90.0,0.0
EA-0266,21.68,-90.0,0.0
EA-0267,16.04,-90.0,0.0
EA-0268,20.01,-90.0,0.0
EA-0269,11.61,-90.0,0.0
EA-0270,15.25,-90.0,0.0
EA-0271,18.0,-90.0,0.0
EA-0272,9.58,-90.0,0.0
EA-0273,21.79,-90.0,0.0
EA-0274,9.29,-90.0,0.0
EA-0275,24.44,-90.0,0.0
EA-0276,24.01,-90.0,0.0
EA-0277,18.65,-90.0,0.0
EA-0278,15.16,-90.0,0.0
EA-0279,20.65,-90.0,0.0
EA-0280,18.34,-90.0,0.0
EA-0281,23.06,-90.0,0.0
EA-0282,16.3,-90.0,0.0
EA-0283,20.69,-90.0,0.0
EA-0284,24.77,-90.0,0.0
EA-0285,24.39,-90.0,0.0
EA-0286,17.08,-90.0,0.0
EA-0287,18.05,-90.0,0.0
EA-0288,16.74,-90.0,0.0
EA-0289,23.7,-90.0,0.0
EA-0290,13.05,-90.0,0.0
EA-0291,22.87,-90.0,0.0
EA-0292,17.12,-90.0,0.0
EA-0293,24.3,-90.0,0.0
EA-0294,17.51,-90.0,0.0
EA-0295,18.63,-90.0,0.0
EA-0296,20.35,-90.0,0.0
EA-0297,15.45,-90.0,0.0
EA-0298,15.48,-90.0,0.0
EA-0299,13.97,-90.0,0.0
EA-0300,20.58,-90.0,0.0
EA-0301,15.69,-90.0,0.0
EA-0302,22.71,-90.0,0.0
EA-0303,23.93,-90.0,0.0
EA-0304,22.14,-90.0,0.0
EA-0305,19.14,-90.0,0.0
EA-0306,15.85,-90.0,0.0
EA-0307,16.02,-90.0,0.0
EA-0308,18.11,-90.0,0.0
EA-0309,21.65,-90.0,0.0
EA-0310,21.77,-90.0,0.0
EA-0311,23.24,-90.0,0.0
EA-0312,10.86,-90.0,0.0
EA-0313,17.91,-90.0,0.0
EA-0314,24.11,-90.0,0.0
EA-0315,18.72,-90.0,0.0
EA-0316,21.49,-90.0,0.0
EA-0317,16.55,-90.0,0.0
EA-0318,11.64,-90.0,0.0
EA-0319,20.66,-90.0,0.0
EA-0320,10.77,-90.0,0.0
EA-0321,13.33,-90.0,0.0
EA-0322,21.25,-90.0,0.0
EA-0323,10.83,-90.0,0.0
EA-0324,16.64,-90.0,0.0
EA-0325,19.85,-90.0,0.0
EA-0326,21.48,-90.0,0.0
EA-0327,19.26,-90.0,0.0
EA-0328,23.83,-90.0,0.0
EA-0329,16.38,-90.0,0.0
EA-0330,21.13,-90.0,0.0
EA-0331,16.11,-90.0,0.0
EA-0332,22.82,-90.0,0.0
EA-0333,16.22,-90.0,0.0
EA-0334,15.5,-90.0,0.0
EA-0335,21.52,-90.0,0.0
EA-0336,22.54,-90.0,0.0
EA-0337,19.23,-90.0,0.0
EA-0338,23.46,-90.0,0.0
EA-0339,22.57,-90.0,0.0
EA-0340,21.85,-90.0,0.0
EA-0341,22.59,-90.0,0.0
EA-0342,14.07,-90.0,0.0
EA-0343,9.98,-90.0,0.0
EA-0344,23.49,-90.0,0.0
EA-0345,17.0,-90.0,0.0
EA-0346,20.38,-90.0,0.0
EA-0347,21.18,-90.0,0.0
EA-0348,19.58,-90.0,0.0
EA-0349,19.84,-90.0,0.0
EA-0350,17.81,-90.0,0.0
EA-0351,11.48,-90.0,0.0
EA-0352,22.32,-90.0,0.0
EA-0353,22.53,-90.0,0.0
EA-0354,23.44,-90.0,0.0
EA-0355,21.77,-90.0,0.0
EA-0356,17.02,-90.0,0.0
EA-0357,20.24,-90.0,0.0
EA-0358,24.9,-90.0,0.0
EA-0359,22.08,-90.0,0.0
EA-0360,11.63,-90.0,0.0
EA-0361,21.33,-90.0,0.0
EA-0362,22.89,-90.0,0.0
EA-0363,16.45,-90.0,0.0
EA-0364,20.83,-90.0,0.0
EA-0365,17.71,-90.0,0.0
EA-0366,16.63,-90.0,0.0
EA-0367,19.99,-90.0,0.0
EA-0368,17.22,-90.0,0.0
EA-0369,15.03,-90.0,0.0
EA-0370,23.04,-90.0,0.0
EA-0371,20.95,-90.0,0.0
EA-0372,16.08,-90.0,0.0
EA-0373,17.23,-90.0,0.0
EA-0374,21.61,-90.0,0.0
EA-0375,19.08,-90.0,0.0
EA-0376,24.33,-90.0,0.0
EA-0377,20.39,-90.0,0.0
EA-0378,22.37,-90.0,0.0
EA-0379,16.02,-90.0,0.0
EA-0380,17.12,-90.0,0.0
EA-0381,22.21,-90.0,0.0
EA-0382,16.5,-90.0,0.0
EA-0383,20.93,-90.0,0.0
EA-0384,20.57,-90.0,0.0
EA-0385,15.17,-90.0,0.0
EA-0386,24.96,-90.0,0.0
EA-0387,22.75,-90.0,0.0
EA-0388,16.12,-90.0,0.0
EA-0389,17.8,-90.0,0.0
EA-0390,22.1,-90.0,0.0
EA-0391,11.06,-90.0,0.0
EA-0392,15.02,-90.0,0.0
EA-0393,9.88,-90.0,0.0
EA-0394,13.83,-90.0,0.0
EA-0395,18.05,-90.0,0.0
EA-0396,12.47,-90.0,0.0
EA-0397,23.42,-90.0,0.0
EA-0398,18.07,-90.0,0.0
EA-0399,23.48,-90.0,0.0
EA-0400,23.27,-90.0,0.0
EA-0401,20.82,-90.0,0.0
EA-0402,17.43,-90.0,0.0
EA-0403,24.37,-90.0,0.0
EA-0404,20.04,-90.0,0.0
EA-0405,24.31,-90.0,0.0
EA-0406,21.13,-90.0,0.0
EA-0407,11.59,-90.0,0.0
EA-0408,21.69,-90.0,0.0
EA-0409,19.75,-90.0,0.0
EA-0410,18.36,-90.0,0.0
EA-0411,23.44,-90.0,0.0
EA-0412,19.96,-90.0,0.0
EA-0413,22.58,-90.0,0.0
EA-0414,9.48,-90.0,0.0
EA-0415,16.91,-90.0,0.0
EA-0416,16.88,-90.0,0.0
EA-0417,19.06,-90.0,0.0
EA-0418,16.92,-90.0,0.0
EA-0419,16.45,-90.0,0.0
EA-0420,18.35,-90.0,0.0
EA-0421,17.34,-90.0,0.0
EA-0422,23.0,-90.0,0.0
EA-0423,14.31,-90.0,0.0
EA-0424,16.55,-90.0,0.0
EA-0425,18.27,-90.0,0.0
EA-0426,15.27,-90.0,0.0
EA-0427,19.24,-90.0,0.0
EA-0428,15.66,-90.0,0.0
EA-0429,16.13,-90.0,0.0
EA-0430,12.51,-90.0,0.0
EA-0431,10.2,-90.0,0.0
EA-0432,15.58,-90.0,0.0
EA-0433,16.62,-90.0,0.0
EA-0434,20.97,-90.0,0.0
EA-0435,17.38,-90.0,0.0
EA-0436,15.34,-90.0,0.0
EA-0437,14.29,-90.0,0.0
EA-0438,21.32,-90.0,0.0
EA-0439,19.08,-90.0,0.0
EA-0440,18.96,-90.0,0.0
EA-0441,17.68,-90.0,0.0
EA-0442,21.88,-90.0,0.0
EA-0443,22.85,-90.0,0.0
EA-0444,20.77,-90.0,0.0
EA-0445,21.49,-90.0,0.0
EA-0446,15.53,-90.0,0.0
EA-0447,14.17,-90.0,0.0
EA-0448,21.05,-90.0,0.0
EA-0449,24.07,-90.0,0.0
EA-0450,22.75,-90.0,0.0
EA-0451,20.32,-90.0,0.0
EA-0452,20.62,-90.0,0.0
EA-0453,21.67,-90.0,0.0
EA-0454,24.54,-90.0,0.0
EA-0455,17.38,-90.0,0.0
EA-0456,19.65,-90.0,0.0
EA-0457,18.59,-90.0,0.0
EA-0458,22.0,-90.0,0.0
EA-0459,21.76,-90.0,0.0
EA-0460,10.8,-90.0,0.0
EA-0461,21.88,-90.0,0.0
EA-0462,18.21,-90.0,0.0
EA-0463,23.67,-90.0,0.0
EA-0464,18.68,-90.0,0.0
EA-0465,20.37,-90.0,0.0
EA-0466,24.01,-90.0,0.0
EA-0467,22.13,-90.0,0.0
EA-0468,10.65,-90.0,0.0
EA-0469,16.45,-90.0,0.0
EA-0470,22.93,-90.0,0.0
EA-0471,9.19,-90.0,0.0
EA-0472,24.22,-90.0,0.0
EA-0473,23.22,-90.0,0.0
EA-0474,16.06,-90.0,0.0
EA-0475,17.84,-90.0,0.0
EA-0476,24.71,-90.0,0.0
EA-0477,15.74,-90.0,0.0
EA-0478,12.33,-90.0,0.0
EA-0479,12.59,-90.0,0.0
EA-0480,24.36,-90.0,0.0
EA-0481,11.23,-90.0,0.0
EA-0482,10.32,-90.0,0.0
EA-0483,17.65,-90.0,0.0
EA-0484,16.02,-90.0,0.0
EA-0485,17.42,-90.0,0.0
EA-0486,19.15,-90.0,0.0
EA-0487,17.08,-90.0,0.0
EA-0488,11.88,-90.0,0.0
EA-0489,22.42,-90.0,0.0
EA-0490,15.55,-90.0,0.0
EA-0491,21.18,-90.0,0.0
EA-0492,13.64,-90.0,0.0
EA-0493,21.2,-90.0,0.0
EA-0494,20.37,-90.0,0.0
EA-0495,15.73,-90.0,0.0
EA-0496,17.2,-90.0,0.0
EA-0497,13.01,-90.0,0.0
EA-0498,17.87,-90.0,0.0
EA-0499,16.38,-90.0,0.0
EA-0500,22.02,-90.0,0.0
EA-0501,14.62,-90.0,0.0
EA-0502,20.16,-90.0,0.0
EA-0503,17.78,-90.0,0.0
EA-0504,15.92,-90.0,0.0
EA-0505,17.19,-90.0,0.0
EA-0506,21.78,-90.0,0.0
EA-0507,24.74,-90.0,0.0
EA-0508,11.92,-90.0,0.0
EA-0509,18.08,-90.0,0.0
EA-0510,20.18,-90.0,0.0
EA-0511,23.3,-90.0,0.0
EA-0512,23.48,-90.0,0.0
EA-0513,12.6,-90.0,0.0
EA-0514,9.14,-90.0,0.0
EA-0515,20.55,-90.0,0.0
EA-0516,21.57,-90.0,0.0
EA-0517,23.07,-90.0,0.0
EA-0518,14.24,-90.0,0.0
EA-0519,14.81,-90.0,0.0
EA-0520,20.59,-90.0,0.0
EA-0521,16.04,-90.0,0.0
EA-0522,16.72,-90.0,0.0
EA-0523,10.34,-90.0,0.0
EA-0524,19.99,-90.0,0.0
EA-0525,22.64,-90.0,0.0
EA-0526,17.25,-90.0,0.0
EA-0527,18.47,-90.0,0.0
EA-0528,24.21,-90.0,0.0
EA-0529,19.07,-90.0,0.0
EA-0530,11.81,-90.0,0.0
EA-0531,20.67,-90.0,0.0
EA-0532,19.33,-90.0,0.0
EA-0533,13.66,-90.0,0.0
EA-0534,21.49,-90.0,0.0
EA-0535,20.49,-90.0,0.0
EA-0536,22.92,-90.0,0.0
EA-0537,17.63,-90.0,0.0
EA-0538,24.83,-90.0,0.0
EA-0539,23.86,-90.0,0.0
EA-0540,22.47,-90.0,0.0
EA-0541,15.61,-90.0,0.0
EA-0542,21.91,-90.0,0.0
EA-0543,24.5,-90.0,0.0
EA-0544,15.21,-90.0,0.0
EA-0545,16.89,-90.0,0.0
EA-0546,24.51,-90.0,0.0
EA-0547,24.91,-90.0,0.0
EA-0548,23.65,-90.0,0.0
EA-0549,15.07,-90.0,0.0
EA-0550,20.94,-90.0,0.0
EA-0551,24.17,-90.0,0.0
EA-0552,17.67,-90.0,0.0
EA-0553,23.99,-90.0,0.0
EA-0554,9.15,-90.0,0.0
EA-0555,20.44,-90.0,0.0
EA-0556,16.58,-90.0,0.0
EA-0557,12.05,-90.0,0.0
EA-0558,9.07,-90.0,0.0
EA-0559,22.47,-90.0,0.0
EA-0560,12.58,-90.0,0.0
EA-0561,12.14,-90.0,0.0
EA-0562,16.58,-90.0,0.0
EA-0563,20.13,-90.0,0.0
EA-0564,18.79,-90.0,0.0
EA-0565,20.39,-90.0,0.0
EA-0566,16.18,-90.0,0.0
EA-0567,17.13,-90.0,0.0
EA-0568,17.52,-90.0,0.0
EA-0569,15.69,-90.0,0.0
EA-0570,13.33,-90.0,0.0
EA-0571,15.36,-90.0,0.0
EA-0572,24.38,-90.0,0.0
EA-0573,22.85,-90.0,0.0
EA-0574,16.78,-90.0,0.0
EA-0575,23.01,-90.0,0.0
EA-0576,9.77,-90.0,0.0
EA-0577,15.33,-90.0,0.0
EA-0578,20.97,-90.0,0.0
EA-0579,21.45,-90.0,0.0
EA-0580,19.16,-90.0,0.0
EA-0581,20.91,-90.0,0.0
EA-0582,16.51,-90.0,0.0
EA-0583,9.29,-90.0,0.0
EA-0584,16.4,-90.0,0.0
EA-0585,22.8,-90.0,0.0
EA-0586,22.93,-90.0,0.0
EA-0587,15.96,-90.0,0.0
EA-0588,22.31,-90.0,0.0
EA-0589,10.38,-90.0,0.0
EA-0590,16.39,-90.0,0.0
EA-0591,19.55,-90.0,0.0
EA-0592,10.92,-90.0,0.0
EA-0593,16.76,-90.0,0.0
EA-0594,20.4,-90.0,0.0
EA-0595,15.59,-90.0,0.0
EA-0596,20.74,-90.0,0.0
EA-0597,9.45,-90.0,0.0
EA-0598,10.16,-90.0,0.0
EA-0599,13.24,-90.0,0.0
EA-0600,22.81,-90.0,0.0
EA-0601,22.5,-90.0,0.0
EA-0602,18.33,-90.0,0.0
EA-0603,10.04,-90.0,0.0
EA-0604,21.04,-90.0,0.0
EA-0605,21.72,-90.0,0.0
EA-0606,16.06,-90.0,0.0
EA-0607,22.94,-90.0,0.0
EA-0608,23.46,-90.0,0.0
EA-0609,19.35,-90.0,0.0
EA-0610,20.37,-90.0,0.0
EA-0611,15.98,-90.0,0.0
EA-0612,18.47,-90.0,0.0
EA-0613,20.87,-90.0,0.0
EA-0614,19.92,-90.0,0.0
EA-0615,23.64,-90.0,0.0
EA-0616,24.34,-90.0,0.0
EA-0617,23.95,-90.0,0.0
EA-0618,23.97,-90.0,0.0
EA-0619,15.87,-90.0,0.0
EA-0620,18.53,-90.0,0.0
EA-0621,21.73,-90.0,0.0
EA-0622,22.12,-90.0,0.0
EA-0623,19.01,-90.0,0.0
EA-0624,19.92,-90.0,0.0
EA-0625,23.51,-90.0,0.0
EA-0626,18.09,-90.0,0.0
EA-0627,19.59,-90.0,0.0
EA-0628,14.02,-90.0,0.0
EA-0629,19.32,-90.0,0.0
EA-0630,21.35,-90.0,0.0
EA-0631,16.9,-90.0,0.0
EA-0632,21.17,-90.0,0.0
EA-0633,12.45,-90.0,0.0
EA-0634,16.54,-90.0,0.0
EA-0635,19.53,-90.0,0.0
EA-0636,13.84,-90.0,0.0
EA-0637,20.5,-90.0,0.0
EA-0638,23.09,-90.0,0.0
EA-0639,15.65,-90.0,0.0
EA-0640,17.45,-90.0,0.0
EA-0641,21.57,-90.0,0.0
EA-0642,19.75,-90.0,0.0
EA-0643,23.94,-90.0,0.0
EA-0644,21.87,-90.0,0.0
EA-0645,22.7,-90.0,0.0
EA-0646,18.48,-90.0,0.0
EA-0647,17.62,-90.0,0.0
EA-0648,17.11,-90.0,0.0
EA-0649,19.95,-90.0,0.0
EA-0650,19.07,-90.0,0.0
EA-0651,11.09,-90.0,0.0
EA-0652,16.57,-90.0,0.0
EA-0653,20.61,-90.0,0.0
EA-0654,15.74,-90.0,0.0
EA-0655,15.45,-90.0,0.0
EA-0656,14.49,-90.0,0.0
EA-0657,15.93,-90.0,0.0
EA-0658,18.5,-90.0,0.0
EA-0659,23.03,-90.0,0.0
EA-0660,14.64,-90.0,0.0
EA-0661,24.87,-90.0,0.0
EA-0662,24.59,-90.0,0.0
EA-0663,24.61,-90.0,0.0
EA-0664,16.93,-90.0,0.0
EA-0665,20.22,-90.0,0.0
EA-0666,17.87,-90.0,0.0
EA-0667,23.45,-90.0,0.0
EA-0668,17.11,-90.0,0.0
EA-0669,23.72,-90.0,0.0
EA-0670,19.56,-90.0,0.0
EA-0671,19.69,-90.0,0.0
EA-0672,15.39,-90.0,0.0
EA-0673,20.16,-90.0,0.0
EA-0674,22.42,-90.0,0.0
EA-0675,18.32,-90.0,0.0
EA-0676,15.9,-90.0,0.0
EA-0677,24.22,-90.0,0.0
EA-0678,21.76,-90.0,0.0
EA-0679,21.26,-90.0,0.0
EA-0680,15.78,-90.0,0.0
EA-0681,22.7,-90.0,0.0
EA-0682,23.07,-90.0,0.0
EA-0683,17.41,-90.0,0.0
EA-0684,18.86,-90.0,0.0
EA-0685,12.67,-90.0,0.0
EA-0686,23.18,-90.0,0.0
EA-0687,17.79,-90.0,0.0
EA-0688,15.34,-90.0,0.0
EA-0689,20.56,-90.0,0.0
EA-0690,13.11,-90.0,0.0
EA-0691,20.17,-90.0,0.0
EA-0692,24.37,-90.0,0.0
EA-0693,18.69,-90.0,0.0
EA-0694,17.43,-90.0,0.0
EA-0695,21.44,-90.0,0.0
EA-0696,21.52,-90.0,0.0
EA-0697,10.31,-90.0,0.0
EA-0698,18.46,-90.0,0.0
EA-0699,13.47,-90.0,0.0
EA-0700,20.0,-90.0,0.0
EA-0701,17.71,-90.0,0.0
EA-0702,9.34,-90.0,0.0
EA-0703,21.6,-90.0,0.0
EA-0704,18.62,-90.0,0.0
EA-0705,9.47,-90.0,0.0
EA-0706,18.27,-90.0,0.0
EA-0707,15.86,-90.0,0.0
EA-0708,17.43,-90.0,0.0
EA-0709,11.11,-90.0,0.0
EA-0710,21.49,-90.0,0.0
EA-0711,15.76,-90.0,0.0
EA-0712,13.95,-90.0,0.0
EA-0713,23.58,-90.0,0.0
EA-0714,15.47,-90.0,0.0
EA-0715,21.23,-90.0,0.0
EA-0716,17.33,-90.0,0.0
EA-0717,24.38,-90.0,0.0
EA-0718,22.31,-90.0,0.0
EA-0719,12.63,-90.0,0.0
EA-0720,19.83,-90.0,0.0
EA-0721,19.91,-90.0,0.0
EA-0722,22.94,-90.0,0.0
EA-0723,19.33,-90.0,0.0
EA-0724,18.62,-90.0,0.0
EA-0725,18.55,-90.0,0.0
EA-0726,24.02,-90.0,0.0
EA-0727,24.06,-90.0,0.0
EA-0728,19.98,-90.0,0.0
EA-0729,19.3,-90.0,0.0
EA-0730,15.46,-90.0,0.0
EA-0731,18.99,-90.0,0.0
EA-0732,24.41,-90.0,0.0
EA-0733,21.08,-90.0,0.0
EA-0734,16.45,-90.0,0.0
EA-0735,17.31,-90.0,0.0
EA-0736,13.82,-90.0,0.0
EA-0737,22.09,-90.0,0.0
EA-0738,11.96,-90.0,0.0
EA-0739,22.46,-90.0,0.0
EA-0740,22.25,-90.0,0.0
EA-0741,18.7,-90.0,0.0
EA-0742,22.44,-90.0,0.0
EA-0743,16.92,-90.0,0.0
EA-0744,21.92,-90.0,0.0
EA-0745,22.78,-90.0,0.0
EA-0746,24.83,-90.0,0.0
EA-0747,22.44,-90.0,0.0
EA-0748,17.75,-90.0,0.0
EA-0749,23.98,-90.0,0.0
EA-0750,21.32,-90.0,0.0
EA-0751,13.01,-90.0,0.0
EA-0752,21.06,-90.0,0.0
EA-0753,16.37,-90.0,0.0
EA-0754,9.48,-90.0,0.0
EA-0755,19.42,-90.0,0.0
EA-0756,23.06,-90.0,0.0
EA-0757,19.73,-90.0,0.0
EA-0758,19.84,-90.0,0.0
EA-0759,17.2,-90.0,0.0
EA-0760,21.89,-90.0,0.0
EA-0761,21.54,-90.0,0.0
EA-0762,18.76,-90.0,0.0
EA-0763,22.96,-90.0,0.0
EA-0764,19.64,-90.0,0.0
EA-0765,15.31,-90.0,0.0
EA-0766,15.28,-90.0,0.0
EA-0767,20.03,-90.0,0.0
EA-0768,17.43,-90.0,0.0
EA-0769,22.84,-90.0,0.0
EA-0770,19.52,-90.0,0.0
EA-0771,23.47,-90.0,0.0
EA-0772,15.94,-90.0,0.0
EA-0773,21.3,-90.0,0.0
EA-0774,19.5,-90.0,0.0
EA-0775,12.57,-90.0,0.0
EA-0776,15.84,-90.0,0.0
EA-0777,12.64,-90.0,0.0
EA-0778,21.64,-90.0,0.0
EA-0779,22.08,-90.0,0.0
EA-0780,16.83,-90.0,0.0
EA-0781,14.19,-90.0,0.0
EA-0782,22.28,-90.0,0.0
EA-0783,22.38,-90.0,0.0
EA-0784,18.79,-90.0,0.0
EA-0785,15.79,-90.0,0.0
EA-0786,17.68,-90.0,0.0
EA-0787,17.8,-90.0,0.0
EA-0788,15.29,-90.0,0.0
EA-0789,19.51,-90.0,0.0
EA-0790,17.57,-90.0,0.0
EA-0791,22.4,-90.0,0.0
EA-0792,23.07,-90.0,0.0
EA-0793,13.35,-90.0,0.0
EA-0794,24.45,-90.0,0.0
EA-0795,21.28,-90.0,0.0
EA-0796,17.9,-90.0,0.0
EA-0797,15.73,-90.0,0.0
EA-0798,11.22,-90.0,0.0
EA-0799,20.99,-90.0,0.0
EA-0800,16.23,-90.0,0.0
EA-0801,21.58,-90.0,0.0
EA-0802,14.13,-90.0,0.0
EA-0803,17.49,-90.0,0.0
EA-0804,21.58,-90.0,0.0
EA-0805,15.9,-90.0,0.0
EA-0806,11.35,-90.0,0.0
EA-0807,16.25,-90.0,0.0
EA-0808,15.5,-90.0,0.0
EA-0809,13.73,-90.0,0.0
EA-0810,11.01,-90.0,0.0
EA-0811,19.36,-90.0,0.0
EA-0812,17.78,-90.0,0.0
EA-0813,17.82,-90.0,0.0
EA-0814,17.26,-90.0,0.0
EA-0815,24.55,-90.0,0.0
EA-0816,20.72,-90.0,0.0
EA-0817,17.64,-90.0,0.0
EA-0818,18.33,-90.0,0.0
EA-0819,23.72,-90.0,0.0
EA-0820,15.38,-90.0,0.0
EA-0821,17.98,-90.0,0.0
EA-0822,22.35,-90.0,0.0
EA-0823,23.28,-90.0,0.0
EA-0824,15.36,-90.0,0.0
EA-0825,18.08,-90.0,0.0
EA-0826,17.83,-90.0,0.0
EA-0827,16.83,-90.0,0.0
EA-0828,17.58,-90.0,0.0
EA-0829,16.51,-90.0,0.0
EA-0830,15.07,-90.0,0.0
EA-0831,21.42,-90.0,0.0
EA-0832,18.85,-90.0,0.0
EA-0833,24.0,-90.0,0.0
EA-0834,19.9,-90.0,0.0
EA-0835,20.31,-90.0,0.0
EA-0836,15.1,-90.0,0.0
EA-0837,18.07,-90.0,0.0
EA-0838,17.01,-90.0,0.0
EA-0839,24.83,-90.0,0.0
EA-0840,23.87,-90.0,0.0
EA-0841,12.66,-90.0,0.0
EA-0842,22.77,-90.0,0.0
EA-0843,16.15,-90.0,0.0
EA-0844,21.94,-90.0,0.0
EA-0845,17.0,-90.0,0.0
EA-0846,15.1,-90.0,0.0
EA-0847,12.87,-90.0,0.0
EA-0848,18.12,-90.0,0.0
EA-0849,16.51,-90.0,0.0
EA-0850,16.93,-90.0,0.0
EA-0851,17.25,-90.0,0.0
EA-0852,21.96,-90.0,0.0
EA-0853,15.5,-90.0,0.0
EA-0854,15.5,-90.0,0.0
EA-0855,9.14,-90.0,0.0
EA-0856,20.78,-90.0,0.0
EA-0857,20.98,-90.0,0.0
EA-0858,19.08,-90.0,0.0
EA-0859,19.56,-90.0,0.0
EA-0860,23.58,-90.0,0.0
EA-0861,22.09,-90.0,0.0
EA-0862,17.27,-90.0,0.0
EA-0863,23.63,-90.0,0.0
EA-0864,17.64,-90.0,0.0
EA-0865,12.08,-90.0,0.0
EA-0866,24.8,-90.0,0.0
EA-0867,24.41,-90.0,0.0
EA-0868,15.23,-90.0,0.0
EA-0869,19.52,-90.0,0.0
EA-0870,21.44,-90.0,0.0
EA-0871,18.53,-90.0,0.0
EA-0872,17.15,-90.0,0.0
EA-0873,21.87,-90.0,0.0
EA-0874,17.1,-90.0,0.0
EA-0875,19.36,-90.0,0.0
EA-0876,16.38,-90.0,0.0
EA-0877,15.94,-90.0,0.0
EA-0878,17.38,-90.0,0.0
EA-0879,20.33,-90.0,0.0
EA-0880,21.45,-90.0,0.0
EA-0881,18.96,-90.0,0.0
EA-0882,20.58,-90.0,0.0
EA-0883,20.03,-90.0,0.0
EA-0884,18.09,-90.0,0.0
EA-0885,20.6,-90.0,0.0
EA-0886,18.71,-90.0,0.0
EA-0887,22.52,-90.0,0.0
EA-0888,24.27,-90.0,0.0
EA-0889,22.88,-90.0,0.0
EA-0890,13.47,-90.0,0.0
EA-0891,15.99,-90.0,0.0
EA-0892,18.7,-90.0,0.0
EA-0893,24.62,-90.0,0.0
EA-0894,16.95,-90.0,0.0
EA-0895,21.91,-90.0,0.0
EA-0896,18.09,-90.0,0.0
EA-0897,19.53,-90.0,0.0
EA-0898,22.45,-90.0,0.0
EA-0899,23.12,-90.0,0.0
EA-0900,16.03,-90.0,0.0
EA-0901,22.19,-90.0,0.0
EA-0902,22.3,-90.0,0.0
EA-0903,22.77,-90.0,0.0
EA-0904,15.48,-90.0,0.0
EA-0905,20.91,-90.0,0.0
EA-0906,22.41,-90.0,0.0
EA-0907,16.05,-90.0,0.0
EA-0908,17.99,-90.0,0.0
EA-0909,16.4,-90.0,0.0
EA-0910,17.29,-90.0,0.0
EA-0911,24.58,-90.0,0.0
EA-0912,16.53,-90.0,0.0
EA-0913,21.69,-90.0,0.0
EA-0914,15.75,-90.0,0.0
EA-0915,22.61,-90.0,0.0
EA-0916,15.67,-90.0,0.0
EA-0917,18.37,-90.0,0.0
EA-0918,19.29,-90.0,0.0
EA-0919,22.15,-90.0,0.0
EA-0920,10.86,-90.0,0.0
EA-0921,18.8,-90.0,0.0
EA-0922,18.83,-90.0,0.0
EA-0923,20.16,-90.0,0.0
EA-0924,22.29,-90.0,0.0
EA-0925,16.54,-90.0,0.0
EA-0926,14.24,-90.0,0.0
EA-0927,22.34,-90.0,0.0
EA-0928,16.44,-90.0,0.0
EA-0929,13.31,-90.0,0.0
EA-0930,20.39,-90.0,0.0
EA-0931,14.95,-90.0,0.0
EA-0932,13.24,-90.0,0.0
EA-0933,22.9,-90.0,0.0
EA-0934,20.49,-90.0,0.0
EA-0935,13.39,-90.0,0.0
EA-0936,19.34,-90.0,0.0
EA-0937,11.5,-90.0,0.0
EA-0938,9.5,-90.0,0.0
EA-0939,9.98,-90.0,0.0
EA-0940,23.23,-90.0,0.0
EA-0941,18.95,-90.0,0.0
EA-0942,18.52,-90.0,0.0
EA-0943,15.44,-90.0,0.0
EA-0944,23.43,-90.0,0.0
EA-0945,24.54,-90.0,0.0
EA-0946,21.69,-90.0,0.0
EA-0947,20.64,-90.0,0.0
EA-0948,20.05,-90.0,0.0
EA-0949,15.76,-90.0,0.0
EA-0950,23.65,-90.0,0.0
EA-0951,23.01,-90.0,0.0
EA-0952,24.99,-90.0,0.0
EA-0953,24.69,-90.0,0.0
EA-0954,20.23,-90.0,0.0
EA-0955,20.66,-90.0,0.0
EA-0956,21.12,-90.0,0.0
EA-0957,18.91,-90.0,0.0
EA-0958,19.78,-90.0,0.0
EA-0959,15.72,-90.0,0.0
EA-0960,10.74,-90.0,0.0
EA-0961,21.1,-90.0,0.0
EA-0962,19.08,-90.0,0.0
EA-0963,19.17,-90.0,0.0
EA-0964,24.79,-90.0,0.0
EA-0965,16.45,-90.0,0.0
EA-0966,10.54,-90.0,0.0
EA-0967,22.25,-90.0,0.0
EA-0968,17.89,-90.0,0.0
EA-0969,15.5,-90.0,0.0
EA-0970,20.9,-90.0,0.0
EA-0971,16.27,-90.0,0.0
EA-0972,21.09,-90.0,0.0
EA-0973,15.41,-90.0,0.0
EA-0974,22.89,-90.0,0.0
EA-0975,22.86,-90.0,0.0
EA-0976,20.25,-90.0,0.0
EA-0977,15.86,-90.0,0.0
EA-0978,20.44,-90.0,0.0
EA-0979,20.16,-90.0,0.0
EA-0980,10.81,-90.0,0.0
EA-0981,17.02,-90.0,0.0
EA-0982,9.74,-90.0,0.0
EA-0983,22.21,-90.0,0.0
EA-0984,18.75,-90.0,0.0
EA-0985,17.95,-90.0,0.0
EA-0986,17.98,-90.0,0.0
EA-0987,20.36,-90.0,0.0
EA-0988,15.28,-90.0,0.0
EA-0989,20.64,-90.0,0.0
EA-0990,20.42,-90.0,0.0
EA-0991,11.36,-90.0,0.0
EA-0992,17.71,-90.0,0.0
EA-0993,17.06,-90.0,0.0
EA-0994,23.18,-90.0,0.0
EA-0995,21.7,-90.0,0.0
EA-0996,11.47,-90.0,0.0
EA-0997,19.84,-90.0,0.0
EA-0998,21.77,-90.0,0.0
EA-0999,18.15,-90.0,0.0
EA-1000,12.42,-90.0,0.0
EA-1001,21.11,-90.0,0.0
EA-1002,9.13,-90.0,0.0
EA-1003,15.6,-90.0,0.0
EA-1004,19.04,-90.0,0.0
EA-1005,23.48,-90.0,0.0
EA-1006,18.18,-90.0,0.0
EA-1007,19.26,-90.0,0.0
EA-1008,15.68,-90.0,0.0
EA-1009,21.08,-90.0,0.0
EA-1010,17.69,-90.0,0.0
EA-1011,12.57,-90.0,0.0
EA-1012,17.64,-90.0,0.0
EA-1013,11.62,-90.0,0.0
EA-1014,23.92,-90.0,0.0
EA-1015,12.51,-90.0,0.0
EA-1016,19.08,-90.0,0.0
EA-1017,15.05,-90.0,0.0
EA-1018,24.49,-90.0,0.0
EA-1019,17.81,-90.0,0.0
EA-1020,11.63,-90.0,0.0
EA-1021,15.37,-90.0,0.0
EA-1022,17.65,-90.0,0.0
EA-1023,15.41,-90.0,0.0
EA-1024,16.97,-90.0,0.0
EA-1025,18.61,-90.0,0.0
EA-1026,17.53,-90.0,0.0
EA-1027,9.08,-90.0,0.0
EA-1028,12.31,-90.0,0.0
EA-1029,19.89,-90.0,0.0
EA-1030,15.01,-90.0,0.0
EA-1031,17.03,-90.0,0.0
EA-1032,17.78,-90.0,0.0
EA-1033,21.1,-90.0,0.0
EA-1034,15.27,-90.0,0.0
EA-1035,23.31,-90.0,0.0
EA-1036,23.14,-90.0,0.0
EA-1037,19.39,-90.0,0.0
EA-1038,24.74,-90.0,0.0
EA-1039,22.33,-90.0,0.0
EA-1040,22.19,-90.0,0.0
EA-1041,22.12,-90.0,0.0
EA-1042,20.99,-90.0,0.0
EA-1043,23.55,-90.0,0.0
EA-1044,23.13,-90.0,0.0
EA-1045,24.24,-90.0,0.0
EA-1046,24.53,-90.0,0.0
EA-1047,22.61,-90.0,0.0
EA-1048,18.61,-90.0,0.0
EA-1049,14.0,-90.0,0.0
EA-1050,14.21,-90.0,0.0
EA-1051,24.24,-90.0,0.0
EA-1052,19.67,-90.0,0.0
EA-1053,12.26,-90.0,0.0
EA-1054,13.97,-90.0,0.0
EA-1055,19.77,-90.0,0.0
EA-1056,19.46,-90.0,0.0
EA-1057,17.25,-90.0,0.0
EA-1058,16.04,-90.0,0.0
EA-1059,9.29,-90.0,0.0
EA-1060,16.35,-90.0,0.0
EA-1061,21.16,-90.0,0.0
EA-1062,12.99,-90.0,0.0
EA-1063,23.38,-90.0,0.0
EA-1064,23.79,-90.0,0.0
EA-1065,22.75,-90.0,0.0
EA-1066,17.94,-90.0,0.0
EA-1067,17.66,-90.0,0.0
EA-1068,12.12,-90.0,0.0
EA-1069,23.02,-90.0,0.0
EA-1070,16.63,-90.0,0.0
EA-1071,20.77,-90.0,0.0
EA-1072,10.65,-90.0,0.0
EA-1073,21.11,-90.0,0.0
EA-1074,24.91,-90.0,0.0
EA-1075,11.47,-90.0,0.0
EA-1076,17.13,-90.0,0.0
EA-1077,24.19,-90.0,0.0
EA-1078,21.14,-90.0,0.0
EA-1079,23.94,-90.0,0.0
EA-1080,24.7,-90.0,0.0
EA-1081,16.86,-90.0,0.0
EA-1082,19.44,-90.0,0.0
EA-1083,19.69,-90.0,0.0
EA-1084,23.74,-90.0,0.0
EA-1085,23.34,-90.0,0.0
EA-1086,12.87,-90.0,0.0
EA-1087,17.08,-90.0,0.0
EA-1088,24.86,-90.0,0.0
EA-1089,19.44,-90.0,0.0
EA-1090,17.96,-90.0,0.0
EA-1091,16.06,-90.0,0.0
EA-1092,20.37,-90.0,0.0
EA-1093,19.06,-90.0,0.0
EA-1094,18.4,-90.0,0.0
EA-1095,19.74,-90.0,0.0
EA-1096,20.88,-90.0,0.0
EA-1097,20.58,-90.0,0.0
EA-1098,23.44,-90.0,0.0
EA-1099,14.89,-90.0,0.0
EA-1100,24.57,-90.0,0.0
EA-1101,20.69,-90.0,0.0
EA-1102,11.69,-90.0,0.0
EA-1103,24.4,-90.0,0.0
EA-1104,22.29,-90.0,0.0
EA-1105,14.87,-90.0,0.0
EA-1106,10.51,-90.0,0.0
EA-1107,17.68,-90.0,0.0
EA-1108,15.81,-90.0,0.0
EA-1109,16.2,-90.0,0.0
EA-1110,9.87,-90.0,0.0
EA-1111,15.59,-90.0,0.0
EA-1112,20.8,-90.0,0.0
EA-1113,20.68,-90.0,0.0
EA-1114,24.67,-90.0,0.0
EA-1115,16.37,-90.0,0.0
EA-1116,22.4,-90.0,0.0
EA-1117,12.23,-90.0,0.0
EA-1118,15.08,-90.0,0.0
EA-1119,9.79,-90.0,0.0
EA-1120,16.89,-90.0,0.0
EA-1121,13.46,-90.0,0.0
EA-1122,17.69,-90.0,0.0
EA-1123,18.91,-90.0,0.0
EA-1124,24.95,-90.0,0.0
EA-1125,22.16,-90.0,0.0
EA-1126,22.27,-90.0,0.0
EA-1127,16.86,-90.0,0.0
EA-1128,17.33,-90.0,0.0
EA-1129,19.79,-90.0,0.0
EA-1130,15.69,-90.0,0.0
EA-1131,21.18,-90.0,0.0
EA-1132,23.69,-90.0,0.0
EA-1133,17.53,-90.0,0.0
EA-1134,21.53,-90.0,0.0
EA-1135,18.77,-90.0,0.0
EA-1136,18.23,-90.0,0.0
EA-1137,18.51,-90.0,0.0
EA-1138,16.19,-90.0,0.0
EA-1139,15.47,-90.0,0.0
EA-1140,14.45,-90.0,0.0
EA-1141,18.91,-90.0,0.0
EA-1142,23.39,-90.0,0.0
EA-1143,15.39,-90.0,0.0
EA-1144,22.06,-90.0,0.0
EA-1145,24.24,-90.0,0.0
EA-1146,24.67,-90.0,0.0
EA-1147,10.6,-90.0,0.0
EA-1148,11.73,-90.0,0.0
EA-1149,24.47,-90.0,0.0
EA-1150,23.95,-90.0,0.0
EA-1151,24.78,-90.0,0.0
EA-1152,20.68,-90.0,0.0
EA-1153,24.25,-90.0,0.0
EA-1154,16.72,-90.0,0.0
EA-1155,18.27,-90.0,0.0
EA-1156,9.27,-90.0,0.0
EA-1157,14.65,-90.0,0.0
EA-1158,15.14,-90.0,0.0
EA-1159,22.13,-90.0,0.0
EA-1160,19.24,-90.0,0.0
EA-1161,22.8,-90.0,0.0
EA-1162,21.45,-90.0,0.0
EA-1163,13.52,-90.0,0.0
EA-1164,16.49,-90.0,0.0
EA-1165,14.68,-90.0,0.0
EA-1166,24.67,-90.0,0.0
EA-1167,15.37,-90.0,0.0
EA-1168,9.69,-90.0,0.0
EA-1169,9.56,-90.0,0.0
EA-1170,17.62,-90.0,0.0
EA-1171,16.62,-90.0,0.0
EA-1172,16.48,-90.0,0.0
EA-1173,12.94,-90.0,0.0
EA-1174,20.23,-90.0,0.0
EA-1175,18.61,-90.0,0.0
EA-1176,22.3,-90.0,0.0
EA-1177,23.11,-90.0,0.0
EA-1178,22.42,-90.0,0.0
EA-1179,11.42,-90.0,0.0
EA-1180,23.96,-90.0,0.0
EA-1181,10.69,-90.0,0.0
EA-1182,19.12,-90.0,0.0
EA-1183,20.57,-90.0,0.0
EA-1184,19.47,-90.0,0.0
EA-1185,24.14,-90.0,0.0
EA-1186,18.87,-90.0,0.0
EA-1187,24.59,-90.0,0.0
EA-1188,18.68,-90.0,0.0
EA-1189,24.71,-90.0,0.0
EA-1190,19.9,-90.0,0.0
EA-1191,21.63,-90.0,0.0
EA-1192,16.87,-90.0,0.0
EA-1193,21.97,-90.0,0.0
EA-1194,23.18,-90.0,0.0
EA-1195,11.98,-90.0,0.0
EA-1196,24.56,-90.0,0.0
EA-1197,12.74,-90.0,0.0
EA-1198,19.88,-90.0,0.0
EA-1199,12.01,-90.0,0.0
EA-1200,23.02,-90.0,0.0
EA-1201,16.78,-90.0,0.0
EA-1202,23.57,-90.0,0.0
EA-1203,23.06,-90.0,0.0
EA-1204,22.78,-90.0,0.0
EA-1205,12.05,-90.0,0.0
EA-1206,19.11,-90.0,0.0
EA-1207,22.54,-90.0,0.0
EA-1208,24.92,-90.0,0.0
EA-1209,13.76,-90.0,0.0
EA-1210,18.27,-90.0,0.0
EA-1211,18.01,-90.0,0.0
EA-1212,19.25,-90.0,0.0
EA-1213,16.89,-90.0,0.0
EA-1214,24.8,-90.0,0.0
EA-1215,16.16,-90.0,0.0
EA-1216,20.12,-90.0,0.0
EA-1217,9.54,-90.0,0.0
EA-1218,18.47,-90.0,0.0
EA-1219,16.09,-90.0,0.0
EA-1220,19.96,-90.0,0.0
EA-1221,14.71,-90.0,0.0
EA-1222,18.68,-90.0,0.0
EA-1223,19.85,-90.0,0.0
EA-1224,13.28,-90.0,0.0
EA-1225,16.03,-90.0,0.0
EA-1226,24.54,-90.0,0.0
EA-1227,17.08,-90.0,0.0
EA-1228,15.5,-90.0,0.0
EA-1229,16.9,-90.0,0.0
EA-1230,16.72,-90.0,0.0
EA-1231,20.88,-90.0,0.0
EA-1232,17.2,-90.0,0.0
EA-1233,24.32,-90.0,0.0
EA-1234,16.64,-90.0,0.0
EA-1235,15.48,-90.0,0.0
EA-1236,23.28,-90.0,0.0
EA-1237,16.19,-90.0,0.0
EA-1238,20.17,-90.0,0.0
EA-1239,15.57,-90.0,0.0
EA-1240,16.83,-90.0,0.0
EA-1241,24.29,-90.0,0.0
EA-1242,19.77,-90.0,0.0
EA-1243,10.64,-90.0,0.0
EA-1244,20.34,-90.0,0.0
EA-1245,17.25,-90.0,0.0
EA-1246,18.73,-90.0,0.0
EA-1247,18.86,-90.0,0.0
EA-1248,18.0,-90.0,0.0
EA-1249,13.49,-90.0,0.0
EA-1250,17.9,-90.0,0.0
EA-1251,21.3,-90.0,0.0
EA-1252,23.99,-90.0,0.0
EA-1253,14.86,-90.0,0.0
EA-1254,15.02,-90.0,0.0
EA-1255,15.4,-90.0,0.0
EA-1256,17.0,-90.0,0.0
EA-1257,18.78,-90.0,0.0
EA-1258,18.47,-90.0,0.0
EA-1259,19.39,-90.0,0.0
EA-1260,17.25,-90.0,0.0
EA-1261,22.53,-90.0,0.0
EA-1262,18.66,-90.0,0.0
EA-1263,15.07,-90.0,0.0
EA-1264,23.48,-90.0,0.0
EA-1265,19.19,-90.0,0.0
EA-1266,21.29,-90.0,0.0
EA-1267,12.0,-90.0,0.0
EA-1268,15.52,-90.0,0.0
EA-1269,18.74,-90.0,0.0
EA-1270,20.31,-90.0,0.0
EA-1271,18.18,-90.0,0.0
EA-1272,15.87,-90.0,0.0
EA-1273,18.68,-90.0,0.0
EA-1274,20.36,-90.0,0.0
EA-1275,22.54,-90.0,0.0
EA-1276,16.99,-90.0,0.0
EA-1277,17.96,-90.0,0.0
EA-1278,22.06,-90.0,0.0
EA-1279,12.14,-90.0,0.0
EA-1280,20.37,-90.0,0.0
EA-1281,22.24,-90.0,0.0
EA-1282,20.85,-90.0,0.0
EA-1283,9.54,-90.0,0.0
EA-1284,24.52,-90.0,0.0
EA-1285,20.29,-90.0,0.0
EA-1286,22.45,-90.0,0.0
EA-1287,23.49,-90.0,0.0
EA-1288,20.55,-90.0,0.0
EA-1289,16.82,-90.0,0.0
EA-1290,12.26,-90.0,0.0
EA-1291,18.24,-90.0,0.0
EA-1292,18.04,-90.0,0.0
EA-1293,20.31,-90.0,0.0
EA-1294,18.27,-90.0,0.0
EA-1295,19.83,-90.0,0.0
EA-1296,20.28,-90.0,0.0
EA-1297,15.32,-90.0,0.0
EA-1298,20.16,-90.0,0.0
EA-1299,20.89,-90.0,0.0
EA-1300,15.21,-90.0,0.0
EA-1301,24.62,-90.0,0.0
EA-1302,22.68,-90.0,0.0
EA-1303,24.77,-90.0,0.0
EA-1304,22.41,-90.0,0.0
EA-1305,21.66,-90.0,0.0
EA-1306,16.22,-90.0,0.0
EA-1307,13.39,-90.0,0.0
EA-1308,15.57,-90.0,0.0
EA-1309,16.72,-90.0,0.0
EA-1310,22.06,-90.0,0.0
EA-1311,12.65,-90.0,0.0
EA-1312,22.21,-90.0,0.0
EA-1313,20.02,-90.0,0.0
EA-1314,19.1,-90.0,0.0
EA-1315,15.56,-90.0,0.0
EA-1316,21.9,-90.0,0.0
EA-1317,24.32,-90.0,0.0
EA-1318,22.2,-90.0,0.0
EA-1319,18.29,-90.0,0.0
EA-1320,22.46,-90.0,0.0
EA-1321,14.53,-90.0,0.0
EA-1322,15.41,-90.0,0.0
EA-1323,17.11,-90.0,0.0
EA-1324,19.17,-90.0,0.0
EA-1325,21.62,-90.0,0.0
EA-1326,23.3,-90.0,0.0
EA-1327,17.07,-90.0,0.0
EA-1328,23.92,-90.0,0.0
EA-1329,24.09,-90.0,0.0
EA-1330,18.22,-90.0,0.0
EA-1331,17.36,-90.0,0.0
EA-1332,22.4,-90.0,0.0
EA-1333,19.06,-90.0,0.0
EA-1334,24.06,-90.0,0.0
EA-1335,20.8,-90.0,0.0
EA-1336,14.96,-90.0,0.0
EA-1337,22.95,-90.0,0.0
EA-1338,12.26,-90.0,0.0
EA-1339,15.53,-90.0,0.0
EA-1340,18.48,-90.0,0.0
EA-1341,19.99,-90.0,0.0
EA-1342,9.84,-90.0,0.0
EA-1343,18.49,-90.0,0.0
EA-1344,13.08,-90.0,0.0
EA-1345,21.83,-90.0,0.0
EA-1346,24.93,-90.0,0.0
EA-1347,18.15,-90.0,0.0
EA-1348,19.19,-90.0,0.0
EA-1349,13.22,-90.0,0.0
EA-1350,22.9,-90.0,0.0
EA-1351,16.97,-90.0,0.0
EA-1352,10.55,-90.0,0.0
EA-1353,15.47,-90.0,0.0
EA-1354,21.63,-90.0,0.0
EA-1355,9.29,-90.0,0.0
EA-1356,17.18,-90.0,0.0
EA-1357,21.47,-90.0,0.0
EA-1358,16.06,-90.0,0.0
EA-1359,21.3,-90.0,0.0
EA-1360,13.64,-90.0,0.0
EA-1361,20.54,-90.0,0.0
EA-1362,18.88,-90.0,0.0
EA-1363,13.68,-90.0,0.0
EA-1364,17.33,-90.0,0.0
EA-1365,22.41,-90.0,0.0
EA-1366,24.27,-90.0,0.0
EA-1367,15.73,-90.0,0.0
EA-1368,24.78,-90.0,0.0
EA-1369,18.36,-90.0,0.0
EA-1370,24.44,-90.0,0.0
EA-1371,19.77,-90.0,0.0
EA-1372,22.46,-90.0,0.0
EA-1373,11.59,-90.0,0.0
EA-1374,24.29,-90.0,0.0
EA-1375,23.83,-90.0,0.0
EA-1376,18.79,-90.0,0.0
EA-1377,18.39,-90.0,0.0
EA-1378,17.75,-90.0,0.0
EA-1379,23.7,-90.0,0.0
EA-1380,17.21,-90.0,0.0
EA-1381,21.47,-90.0,0.0
EA-1382,20.84,-90.0,0.0
EA-1383,18.98,-90.0,0.0
EA-1384,24.51,-90.0,0.0
EA-1385,17.12,-90.0,0.0
EA-1386,18.99,-90.0,0.0
EA-1387,17.94,-90.0,0.0
EA-1388,13.06,-90.0,0.0
EA-1389,23.99,-90.0,0.0
EA-1390,17.47,-90.0,0.0
EA-1391,22.9,-90.0,0.0
EA-1392,23.41,-90.0,0.0
EA-1393,24.64,-90.0,0.0
EA-1394,16.97,-90.0,0.0
EA-1395,11.23,-90.0,0.0
EA-1396,20.28,-90.0,0.0
EA-1397,21.16,-90.0,0.0
EA-1398,22.91,-90.0,0.0
EA-1399,11.71,-90.0,0.0
EA-1400,10.2,-90.0,0.0
EA-1401,24.64,-90.0,0.0
EA-1402,21.6,-90.0,0.0
EA-1403,22.34,-90.0,0.0
EA-1404,23.65,-90.0,0.0
EA-1405,15.9,-90.0,0.0
EA-1406,21.51,-90.0,0.0
EA-1407,7.4,-90.0,0.0
EA-1408,13.92,-90.0,0.0
EA-1409,11.72,-90.0,0.0
EA-1410,20.19,-90.0,0.0
EA-1411,15.62,-90.0,0.0
EA-1412,23.39,-90.0,0.0
EA-1413,5.02,-90.0,0.0
EA-1414,9.19,-90.0,0.0
EA-1415,10.13,-90.0,0.0
EA-1416,16.95,-90.0,0.0
EA-1417,24.87,-90.0,0.0
EA-1418,11.01,-90.0,0.0
EA-1419,24.86,-90.0,0.0
EA-1420,12.66,-90.0,0.0
EA-1421,19.24,-90.0,0.0
EA-1422,17.2,-90.0,0.0
EA-1423,23.5,-90.0,0.0
EA-1424,19.0,-90.0,0.0
EA-1425,12.13,-90.0,0.0
EA-1426,11.81,-90.0,0.0
EA-1427,21.57,-90.0,0.0
EA-1428,17.47,-90.0,0.0
EA-1429,19.59,-90.0,0.0
EA-1430,13.87,-90.0,0.0
EA-1431,10.51,-90.0,0.0
EA-1432,15.28,-90.0,0.0
EA-1433,10.99,-90.0,0.0
EA-1434,24.57,-90.0,0.0
EA-1435,24.42,-90.0,0.0
EA-1436,18.57,-90.0,0.0
EA-1437,23.57,-90.0,0.0
EA-1438,17.96,-90.0,0.0
EA-1439,21.32,-90.0,0.0
EA-1440,18.81,-90.0,0.0
EA-1441,16.02,-90.0,0.0
EA-1442,21.27,-90.0,0.0
EA-1443,19.07,-90.0,0.0
EA-1444,16.36,-90.0,0.0
EA-1445,13.46,-90.0,0.0
EA-1446,22.75,-90.0,0.0
EA-1447,18.23,-90.0,0.0
EA-1448,12.2,-90.0,0.0
EA-1449,13.6,-90.0,0.0
EA-1450,23.72,-90.0,0.0
EA-1451,18.81,-90.0,0.0
EA-1452,20.32,-90.0,0.0
EA-1453,19.41,-90.0,0.0
EA-1454,18.05,-90.0,0.0
EA-1455,23.53,-90.0,0.0
EA-1456,24.31,-90.0,0.0
EA-1457,19.29,-90.0,0.0
EA-1458,19.43,-90.0,0.0
EA-1459,16.45,-90.0,0.0
EA-1460,21.01,-90.0,0.0
EA-1461,23.49,-90.0,0.0
EA-1462,16.72,-90.0,0.0
EA-1463,14.0,-90.0,0.0
EA-1464,17.95,-90.0,0.0
EA-1465,20.16,-90.0,0.0
EA-1466,8.32,-90.0,0.0
EA-1467,11.74,-90.0,0.0
EA-1468,7.08,-90.0,0.0
EA-1469,7.92,-90.0,0.0
EA-1470,13.76,-90.0,0.0
EA-1471,12.95,-90.0,0.0
EA-1472,12.32,-90.0,0.0
EA-1473,11.21,-90.0,0.0
EA-1474,13.06,-90.0,0.0
EA-1475,8.3,-90.0,0.0
EA-1476,5.19,-90.0,0.0
EA-1477,12.89,-90.0,0.0
EA-1478,23.24,-90.0,0.0
EA-1479,9.66,-90.0,0.0
EA-1480,15.88,-90.0,0.0
EA-1481,15.65,-90.0,0.0
EA-1482,22.5,-90.0,0.0
EA-1483,19.6,-90.0,0.0
EA-1484,15.92,-90.0,0.0
EA-1485,17.4,-90.0,0.0
EA-1486,19.55,-90.0,0.0
EA-1487,15.28,-90.0,0.0
EA-1488,10.35,-90.0,0.0
EA-1489,14.87,-90.0,0.0
EA-1490,10.4,-90.0,0.0
EA-1491,20.57,-90.0,0.0
EA-1492,15.85,-90.0,0.0
EA-1493,21.5,-90.0,0.0
EA-1494,22.68,-90.0,0.0
EA-1495,23.87,-90.0,0.0
EA-1496,22.07,-90.0,0.0
EA-1497,14.7,-90.0,0.0
EA-1498,22.06,-90.0,0.0
EA-1499,6.35,-90.0,0.0
EA-1500,11.75,-90.0,0.0
EA-1501,8.53,-90.0,0.0
EA-1502,10.22,-90.0,0.0
EA-1503,5.42,-90.0,0.0
EA-1504,10.99,-90.0,0.0
EA-1505,10.41,-90.0,0.0
EA-1506,9.77,-90.0,0.0
EA-1507,8.46,-90.0,0.0
EA-1508,13.04,-90.0,0.0
EA-1509,18.27,-90.0,0.0
EA-1510,12.75,-90.0,0.0
EA-1511,17.36,-90.0,0.0
EA-1512,24.57,-90.0,0.0
EA-1513,18.51,-90.0,0.0
EA-1514,11.29,-90.0,0.0
EA-1515,17.82,-90.0,0.0
EA-1516,24.99,-90.0,0.0
EA-1517,15.7,-90.0,0.0
EA-1518,22.59,-90.0,0.0
EA-1519,22.23,-90.0,0.0
EA-1520,19.63,-90.0,0.0
EA-1521,18.17,-90.0,0.0
EA-1522,20.35,-90.0,0.0
EA-1523,21.86,-90.0,0.0
EA-1524,18.73,-90.0,0.0
EA-1525,22.18,-90.0,0.0
EA-1526,18.96,-90.0,0.0
EA-1527,17.36,-90.0,0.0
EA-1528,18.81,-90.0,0.0
EA-1529,16.25,-90.0,0.0
EA-1530,19.64,-90.0,0.0
EA-1531,16.53,-90.0,0.0
EA-1532,17.9,-90.0,0.0
EA-1533,21.22,-90.0,0.0
EA-1534,17.18,-90.0,0.0
EA-1535,13.79,-90.0,0.0
EA-1536,21.5,-90.0,0.0
EA-1537,11.33,-90.0,0.0
EA-1538,12.75,-90.0,0.0
EA-1539,11.67,-90.0,0.0
EA-1540,21.64,-90.0,0.0
EA-1541,17.88,-90.0,0.0
EA-1542,20.23,-90.0,0.0
EA-1543,22.04,-90.0,0.0
EA-1544,18.27,-90.0,0.0
EA-1545,22.07,-90.0,0.0
EA-1546,10.66,-90.0,0.0
EA-1547,23.67,-90.0,0.0
EA-1548,14.18,-90.0,0.0
EA-1549,23.38,-90.0,0.0
EA-1550,11.0,-90.0,0.0
EA-1551,19.81,-90.0,0.0
EA-1552,15.17,-90.0,0.0
EA-1553,23.22,-90.0,0.0
EA-1554,21.77,-90.0,0.0
EA-1555,17.72,-90.0,0.0
EA-1556,16.64,-90.0,0.0
EA-1557,17.39,-90.0,0.0
EA-1558,22.59,-90.0,0.0
EA-1559,14.76,-90.0,0.0
EA-1560,23.29,-90.0,0.0
EA-1561,21.08,-90.0,0.0
EA-1562,20.14,-90.0,0.0
EA-1563,9.56,-90.0,0.0
EA-1564,11.19,-90.0,0.0
EA-1565,15.19,-90.0,0.0
EA-1566,23.27,-90.0,0.0
EA-1567,16.95,-90.0,0.0
EA-1568,20.21,-90.0,0.0
EA-1569,19.74,-90.0,0.0
EA-1570,20.06,-90.0,0.0
EA-1571,22.08,-90.0,0.0
EA-1572,9.12,-90.0,0.0
EA-1573,19.92,-90.0,0.0
EA-1574,11.19,-90.0,0.0
EA-1575,9.86,-90.0,0.0
EA-1576,13.97,-90.0,0.0
EA-1577,8.12,-90.0,0.0
EA-1578,11.57,-90.0,0.0
EA-1579,11.2,-90.0,0.0
EA-1580,12.28,-90.0,0.0
EA-1581,22.65,-90.0,0.0
EA-1582,18.62,-90.0,0.0
EA-1583,10.42,-90.0,0.0
EA-1584,16.04,-90.0,0.0
EA-1585,22.65,-90.0,0.0
EA-1586,22.53,-90.0,0.0
EA-1587,21.25,-90.0,0.0
EA-1588,13.14,-90.0,0.0
EA-1589,18.39,-90.0,0.0
EA-1590,23.0,-90.0,0.0
EA-1591,15.48,-90.0,0.0
EA-1592,20.77,-90.0,0.0
EA-1593,17.51,-90.0,0.0
EA-1594,15.48,-90.0,0.0
EA-1595,17.57,-90.0,0.0
EA-1596,22.81,-90.0,0.0
EA-1597,17.9,-90.0,0.0
EA-1598,19.76,-90.0,0.0
EA-1599,12.46,-90.0,0.0
EA-1600,16.42,-90.0,0.0
EA-1601,18.11,-90.0,0.0
EA-1602,21.01,-90.0,0.0
EA-1603,21.47,-90.0,0.0
EA-1604,14.76,-90.0,0.0
EA-1605,16.84,-90.0,0.0
EA-1606,21.32,-90.0,0.0
EA-1607,16.68,-90.0,0.0
EA-1608,21.89,-90.0,0.0
EA-1609,23.74,-90.0,0.0
EA-1610,14.11,-90.0,0.0
EA-1611,15.26,-90.0,0.0
EA-1612,19.8,-90.0,0.0
EA-1613,7.44,-90.0,0.0
EA-1614,8.46,-90.0,0.0
EA-1615,9.9,-90.0,0.0
EA-1616,9.87,-90.0,0.0
EA-1617,11.71,-90.0,0.0
EA-1618,11.9,-90.0,0.0
EA-1619,9.52,-90.0,0.0
EA-1620,9.78,-90.0,0.0
EA-1621,12.89,-90.0,0.0
EA-1622,20.88,-90.0,0.0
EA-1623,22.78,-90.0,0.0
EA-1624,17.09,-90.0,0.0
EA-1625,23.16,-90.0,0.0
EA-1626,19.9,-90.0,0.0
EA-1627,16.89,-90.0,0.0
EA-1628,15.75,-90.0,0.0
EA-1629,16.02,-90.0,0.0
EA-1630,10.36,-90.0,0.0
EA-1631,14.42,-90.0,0.0
EA-1632,23.87,-90.0,0.0
EA-1633,23.48,-90.0,0.0
EA-1634,10.48,-90.0,0.0
EA-1635,10.8,-90.0,0.0
EA-1636,15.09,-90.0,0.0
EA-1637,16.81,-90.0,0.0
EA-1638,21.93,-90.0,0.0
EA-1639,18.85,-90.0,0.0
EA-1640,14.62,-90.0,0.0
EA-1641,22.37,-90.0,0.0
EA-1642,16.98,-90.0,0.0
EA-1643,16.04,-90.0,0.0
EA-1644,20.66,-90.0,0.0
EA-1645,17.76,-90.0,0.0
EA-1646,13.63,-90.0,0.0
EA-1647,17.15,-90.0,0.0
EA-1648,21.39,-90.0,0.0
EA-1649,20.69,-90.0,0.0
EA-1650,12.51,-90.0,0.0
EA-1651,21.4,-90.0,0.0
EA-1652,20.51,-90.0,0.0
EA-1653,9.23,-90.0,0.0
EA-1654,24.01,-90.0,0.0
EA-1655,22.33,-90.0,0.0
EA-1656,18.32,-90.0,0.0
EA-1657,24.25,-90.0,0.0
EA-1658,16.52,-90.0,0.0
EA-1659,9.59,-90.0,0.0
EA-1660,10.64,-90.0,0.0
EA-1661,10.29,-90.0,0.0
EA-1662,8.42,-90.0,0.0
EA-1663,14.07,-90.0,0.0
EA-1664,16.08,-90.0,0.0
EA-1665,21.42,-90.0,0.0
EA-1666,16.23,-90.0,0.0
EA-1667,18.11,-90.0,0.0
EA-1668,22.88,-90.0,0.0
EA-1669,24.49,-90.0,0.0
EA-1670,24.0,-90.0,0.0
EA-1671,15.17,-90.0,0.0
EA-1672,19.07,-90.0,0.0
EA-1673,16.99,-90.0,0.0
EA-1674,20.73,-90.0,0.0
EA-1675,16.44,-90.0,0.0
EA-1676,9.35,-90.0,0.0
EA-1677,20.98,-90.0,0.0
EA-1678,17.34,-90.0,0.0
EA-1679,17.9,-90.0,0.0
EA-1680,23.71,-90.0,0.0
EA-1681,21.32,-90.0,0.0
EA-1682,18.36,-90.0,0.0
EA-1683,12.2,-90.0,0.0
EA-1684,19.55,-90.0,0.0
EA-1685,14.23,-90.0,0.0
EA-1686,20.57,-90.0,0.0
EA-1687,16.47,-90.0,0.0
EA-1688,22.02,-90.0,0.0
EA-1689,12.26,-90.0,0.0
EA-1690,22.91,-90.0,0.0
EA-1691,15.25,-90.0,0.0
EA-1692,17.88,-90.0,0.0
EA-1693,16.13,-90.0,0.0
EA-1694,17.37,-90.0,0.0
EA-1695,16.78,-90.0,0.0
EA-1696,17.45,-90.0,0.0
EA-1697,15.93,-90.0,0.0
EA-1698,21.31,-90.0,0.0
EA-1699,19.64,-90.0,0.0
EA-1700,9.01,-90.0,0.0
EA-1701,15.84,-90.0,0.0
EA-1702,12.93,-90.0,0.0
EA-1703,21.66,-90.0,0.0
EA-1704,17.6,-90.0,0.0
EA-1705,23.21,-90.0,0.0
EA-1706,11.89,-90.0,0.0
EA-1707,22.59,-90.0,0.0
EA-1708,11.95,-90.0,0.0
EA-1709,21.93,-90.0,0.0
EA-1710,20.4,-90.0,0.0
EA-1711,11.84,-90.0,0.0
EA-1712,15.97,-90.0,0.0
EA-1713,24.97,-90.0,0.0
EA-1714,14.35,-90.0,0.0
EA-1715,24.81,-90.0,0.0
EA-1716,19.54,-90.0,0.0
EA-1717,15.73,-90.0,0.0
EA-1718,16.13,-90.0,0.0
EA-1719,12.23,-90.0,0.0
EA-1720,19.58,-90.0,0.0
EA-1721,20.56,-90.0,0.0
EA-1722,17.69,-90.0,0.0
EA-1723,19.04,-90.0,0.0
EA-1724,16.58,-90.0,0.0
EA-1725,21.64,-90.0,0.0
EA-1726,23.21,-90.0,0.0
EA-1727,24.05,-90.0,0.0
EA-1728,12.04,-90.0,0.0
EA-1729,15.18,-90.0,0.0
EA-1730,18.19,-90.0,0.0
EA-1731,17.79,-90.0,0.0
EA-1732,13.34,-90.0,0.0
EA-1733,20.4,-90.0,0.0
EA-1734,22.97,-90.0,0.0
EA-1735,22.04,-90.0,0.0
EA-1736,15.48,-90.0,0.0
EA-1737,9.1,-90.0,0.0
EA-1738,16.28,-90.0,0.0
EA-1739,22.2,-90.0,0.0
EA-1740,17.21,-90.0,0.0
EA-1741,23.87,-90.0,0.0
EA-1742,11.18,-90.0,0.0
EA-1743,22.18,-90.0,0.0
EA-1744,13.51,-90.0,0.0
EA-1745,19.14,-90.0,0.0
EA-1746,22.04,-90.0,0.0
EA-1747,24.49,-90.0,0.0
EA-1748,24.74,-90.0,0.0
EA-1749,12.77,-90.0,0.0
EA-1750,18.48,-90.0,0.0
EA-1751,17.97,-90.0,0.0
EA-1752,24.29,-90.0,0.0
EA-1753,20.66,-90.0,0.0
EA-1754,21.61,-90.0,0.0
EA-1755,16.22,-90.0,0.0
EA-1756,22.0,-90.0,0.0
EA-1757,15.67,-90.0,0.0
EA-1758,22.45,-90.0,0.0
EA-1759,16.17,-90.0,0.0
EA-1760,20.33,-90.0,0.0
EA-1761,16.68,-90.0,0.0
EA-1762,17.29,-90.0,0.0
EA-1763,17.33,-90.0,0.0
EA-1764,20.53,-90.0,0.0
EA-1765,21.84,-90.0,0.0
EA-1766,20.64,-90.0,0.0
EA-1767,16.63,-90.0,0.0
EA-1768,21.84,-90.0,0.0
EA-1769,18.27,-90.0,0.0
EA-1770,13.72,-90.0,0.0
EA-1771,19.01,-90.0,0.0
EA-1772,22.16,-90.0,0.0
EA-1773,19.08,-90.0,0.0
EA-1774,19.02,-90.0,0.0
EA-1775,10.09,-90.0,0.0
EA-1776,20.22,-90.0,0.0
EA-1777,19.71,-90.0,0.0
EA-1778,20.3,-90.0,0.0
EA-1779,21.68,-90.0,0.0
EA-1780,23.02,-90.0,0.0
EA-1781,12.28,-90.0,0.0
EA-1782,11.18,-90.0,0.0
EA-1783,23.9,-90.0,0.0
EA-1784,22.87,-90.0,0.0
EA-1785,13.97,-90.0,0.0
